[2026-08-24 02:51:12] This is codeql database index-files --include-extension=.properties --also-match-lgtm-index-filters --size-limit=5m --language properties -- /mnt/c/Users/Sharof/AndroidStudioProjects/SecureGSI/codeql-db-kotlin
[2026-08-24 02:51:12] Log file was started late.
[2026-08-24 02:51:12] Using index-files script /home/user/.local/share/codeql/properties/tools/index-files.sh.
[2026-08-24 02:51:12] [PROGRESS] database index-files> Scanning for files in /mnt/c/Users/Sharof/AndroidStudioProjects/SecureGSI...
[2026-08-24 02:51:12] Calling plumbing command: codeql resolve files --include-extension=.properties --also-match-lgtm-index-filters --size-limit=5m /mnt/c/Users/Sharof/AndroidStudioProjects/SecureGSI --format=json
[2026-08-24 02:51:12] [PROGRESS] resolve files> Scanning /mnt/c/Users/Sharof/AndroidStudioProjects/SecureGSI...
[2026-08-24 02:51:12] [PROGRESS] resolve files> Scanning /mnt/c/Users/Sharof/AndroidStudioProjects/SecureGSI/.git...
[2026-08-24 02:51:12] [PROGRESS] resolve files> Scanning /mnt/c/Users/Sharof/AndroidStudioProjects/SecureGSI/.git/hooks...
[2026-08-24 02:51:12] [PROGRESS] resolve files> Scanning /mnt/c/Users/Sharof/AndroidStudioProjects/SecureGSI/.git/info...
[2026-08-24 02:51:12] [PROGRESS] resolve files> Scanning /mnt/c/Users/Sharof/AndroidStudioProjects/SecureGSI/.git/logs...
[2026-08-24 02:51:12] [PROGRESS] resolve files> Scanning /mnt/c/Users/Sharof/AndroidStudioProjects/SecureGSI/.git/logs/refs...
[2026-08-24 02:51:12] [PROGRESS] resolve files> Scanning /mnt/c/Users/Sharof/AndroidStudioProjects/SecureGSI/.git/logs/refs/heads...
[2026-08-24 02:51:12] [PROGRESS] resolve files> Scanning /mnt/c/Users/Sharof/AndroidStudioProjects/SecureGSI/.git/logs/refs/remotes...
[2026-08-24 02:51:12] [PROGRESS] resolve files> Scanning /mnt/c/Users/Sharof/AndroidStudioProjects/SecureGSI/.git/logs/refs/remotes/origin...
[2026-08-24 02:51:12] [PROGRESS] resolve files> Scanning /mnt/c/Users/Sharof/AndroidStudioProjects/SecureGSI/.git/objects...
[2026-08-24 02:51:12] [PROGRESS] resolve files> Scanning /mnt/c/Users/Sharof/AndroidStudioProjects/SecureGSI/.git/objects/00...
[2026-08-24 02:51:12] [PROGRESS] resolve files> Scanning /mnt/c/Users/Sharof/AndroidStudioProjects/SecureGSI/.git/objects/02...
[2026-08-24 02:51:12] [PROGRESS] resolve files> Scanning /mnt/c/Users/Sharof/AndroidStudioProjects/SecureGSI/.git/objects/03...
[2026-08-24 02:51:12] [PROGRESS] resolve files> Scanning /mnt/c/Users/Sharof/AndroidStudioProjects/SecureGSI/.git/objects/04...
[2026-08-24 02:51:12] [PROGRESS] resolve files> Scanning /mnt/c/Users/Sharof/AndroidStudioProjects/SecureGSI/.git/objects/05...
[2026-08-24 02:51:12] [PROGRESS] resolve files> Scanning /mnt/c/Users/Sharof/AndroidStudioProjects/SecureGSI/.git/objects/07...
[2026-08-24 02:51:12] [PROGRESS] resolve files> Scanning /mnt/c/Users/Sharof/AndroidStudioProjects/SecureGSI/.git/objects/08...
[2026-08-24 02:51:12] [PROGRESS] resolve files> Scanning /mnt/c/Users/Sharof/AndroidStudioProjects/SecureGSI/.git/objects/09...
[2026-08-24 02:51:12] [PROGRESS] resolve files> Scanning /mnt/c/Users/Sharof/AndroidStudioProjects/SecureGSI/.git/objects/0a...
[2026-08-24 02:51:12] [PROGRESS] resolve files> Scanning /mnt/c/Users/Sharof/AndroidStudioProjects/SecureGSI/.git/objects/0d...
[2026-08-24 02:51:12] [PROGRESS] resolve files> Scanning /mnt/c/Users/Sharof/AndroidStudioProjects/SecureGSI/.git/objects/0f...
[2026-08-24 02:51:12] [PROGRESS] resolve files> Scanning /mnt/c/Users/Sharof/AndroidStudioProjects/SecureGSI/.git/objects/10...
[2026-08-24 02:51:12] [PROGRESS] resolve files> Scanning /mnt/c/Users/Sharof/AndroidStudioProjects/SecureGSI/.git/objects/11...
[2026-08-24 02:51:12] [PROGRESS] resolve files> Scanning /mnt/c/Users/Sharof/AndroidStudioProjects/SecureGSI/.git/objects/12...
[2026-08-24 02:51:12] [PROGRESS] resolve files> Scanning /mnt/c/Users/Sharof/AndroidStudioProjects/SecureGSI/.git/objects/15...
[2026-08-24 02:51:12] [PROGRESS] resolve files> Scanning /mnt/c/Users/Sharof/AndroidStudioProjects/SecureGSI/.git/objects/16...
[2026-08-24 02:51:12] [PROGRESS] resolve files> Scanning /mnt/c/Users/Sharof/AndroidStudioProjects/SecureGSI/.git/objects/17...
[2026-08-24 02:51:12] [PROGRESS] resolve files> Scanning /mnt/c/Users/Sharof/AndroidStudioProjects/SecureGSI/.git/objects/18...
[2026-08-24 02:51:12] [PROGRESS] resolve files> Scanning /mnt/c/Users/Sharof/AndroidStudioProjects/SecureGSI/.git/objects/19...
[2026-08-24 02:51:12] [PROGRESS] resolve files> Scanning /mnt/c/Users/Sharof/AndroidStudioProjects/SecureGSI/.git/objects/1a...
[2026-08-24 02:51:12] [PROGRESS] resolve files> Scanning /mnt/c/Users/Sharof/AndroidStudioProjects/SecureGSI/.git/objects/1b...
[2026-08-24 02:51:12] [PROGRESS] resolve files> Scanning /mnt/c/Users/Sharof/AndroidStudioProjects/SecureGSI/.git/objects/1c...
[2026-08-24 02:51:12] [PROGRESS] resolve files> Scanning /mnt/c/Users/Sharof/AndroidStudioProjects/SecureGSI/.git/objects/1e...
[2026-08-24 02:51:12] [PROGRESS] resolve files> Scanning /mnt/c/Users/Sharof/AndroidStudioProjects/SecureGSI/.git/objects/20...
[2026-08-24 02:51:12] [PROGRESS] resolve files> Scanning /mnt/c/Users/Sharof/AndroidStudioProjects/SecureGSI/.git/objects/22...
[2026-08-24 02:51:12] [PROGRESS] resolve files> Scanning /mnt/c/Users/Sharof/AndroidStudioProjects/SecureGSI/.git/objects/23...
[2026-08-24 02:51:12] [PROGRESS] resolve files> Scanning /mnt/c/Users/Sharof/AndroidStudioProjects/SecureGSI/.git/objects/24...
[2026-08-24 02:51:12] [PROGRESS] resolve files> Scanning /mnt/c/Users/Sharof/AndroidStudioProjects/SecureGSI/.git/objects/25...
[2026-08-24 02:51:12] [PROGRESS] resolve files> Scanning /mnt/c/Users/Sharof/AndroidStudioProjects/SecureGSI/.git/objects/26...
[2026-08-24 02:51:12] [PROGRESS] resolve files> Scanning /mnt/c/Users/Sharof/AndroidStudioProjects/SecureGSI/.git/objects/27...
[2026-08-24 02:51:12] [PROGRESS] resolve files> Scanning /mnt/c/Users/Sharof/AndroidStudioProjects/SecureGSI/.git/objects/28...
[2026-08-24 02:51:12] [PROGRESS] resolve files> Scanning /mnt/c/Users/Sharof/AndroidStudioProjects/SecureGSI/.git/objects/29...
[2026-08-24 02:51:12] [PROGRESS] resolve files> Scanning /mnt/c/Users/Sharof/AndroidStudioProjects/SecureGSI/.git/objects/2b...
[2026-08-24 02:51:12] [PROGRESS] resolve files> Scanning /mnt/c/Users/Sharof/AndroidStudioProjects/SecureGSI/.git/objects/2d...
[2026-08-24 02:51:12] [PROGRESS] resolve files> Scanning /mnt/c/Users/Sharof/AndroidStudioProjects/SecureGSI/.git/objects/2e...
[2026-08-24 02:51:12] [PROGRESS] resolve files> Scanning /mnt/c/Users/Sharof/AndroidStudioProjects/SecureGSI/.git/objects/2f...
[2026-08-24 02:51:12] [PROGRESS] resolve files> Scanning /mnt/c/Users/Sharof/AndroidStudioProjects/SecureGSI/.git/objects/30...
[2026-08-24 02:51:12] [PROGRESS] resolve files> Scanning /mnt/c/Users/Sharof/AndroidStudioProjects/SecureGSI/.git/objects/31...
[2026-08-24 02:51:12] [PROGRESS] resolve files> Scanning /mnt/c/Users/Sharof/AndroidStudioProjects/SecureGSI/.git/objects/32...
[2026-08-24 02:51:12] [PROGRESS] resolve files> Scanning /mnt/c/Users/Sharof/AndroidStudioProjects/SecureGSI/.git/objects/33...
[2026-08-24 02:51:12] [PROGRESS] resolve files> Scanning /mnt/c/Users/Sharof/AndroidStudioProjects/SecureGSI/.git/objects/36...
[2026-08-24 02:51:12] [PROGRESS] resolve files> Scanning /mnt/c/Users/Sharof/AndroidStudioProjects/SecureGSI/.git/objects/37...
[2026-08-24 02:51:12] [PROGRESS] resolve files> Scanning /mnt/c/Users/Sharof/AndroidStudioProjects/SecureGSI/.git/objects/38...
[2026-08-24 02:51:12] [PROGRESS] resolve files> Scanning /mnt/c/Users/Sharof/AndroidStudioProjects/SecureGSI/.git/objects/39...
[2026-08-24 02:51:12] [PROGRESS] resolve files> Scanning /mnt/c/Users/Sharof/AndroidStudioProjects/SecureGSI/.git/objects/3a...
[2026-08-24 02:51:12] [PROGRESS] resolve files> Scanning /mnt/c/Users/Sharof/AndroidStudioProjects/SecureGSI/.git/objects/3b...
[2026-08-24 02:51:12] [PROGRESS] resolve files> Scanning /mnt/c/Users/Sharof/AndroidStudioProjects/SecureGSI/.git/objects/3d...
[2026-08-24 02:51:12] [PROGRESS] resolve files> Scanning /mnt/c/Users/Sharof/AndroidStudioProjects/SecureGSI/.git/objects/3f...
[2026-08-24 02:51:12] [PROGRESS] resolve files> Scanning /mnt/c/Users/Sharof/AndroidStudioProjects/SecureGSI/.git/objects/40...
[2026-08-24 02:51:12] [PROGRESS] resolve files> Scanning /mnt/c/Users/Sharof/AndroidStudioProjects/SecureGSI/.git/objects/41...
[2026-08-24 02:51:12] [PROGRESS] resolve files> Scanning /mnt/c/Users/Sharof/AndroidStudioProjects/SecureGSI/.git/objects/42...
[2026-08-24 02:51:12] [PROGRESS] resolve files> Scanning /mnt/c/Users/Sharof/AndroidStudioProjects/SecureGSI/.git/objects/44...
[2026-08-24 02:51:12] [PROGRESS] resolve files> Scanning /mnt/c/Users/Sharof/AndroidStudioProjects/SecureGSI/.git/objects/45...
[2026-08-24 02:51:12] [PROGRESS] resolve files> Scanning /mnt/c/Users/Sharof/AndroidStudioProjects/SecureGSI/.git/objects/46...
[2026-08-24 02:51:12] [PROGRESS] resolve files> Scanning /mnt/c/Users/Sharof/AndroidStudioProjects/SecureGSI/.git/objects/48...
[2026-08-24 02:51:12] [PROGRESS] resolve files> Scanning /mnt/c/Users/Sharof/AndroidStudioProjects/SecureGSI/.git/objects/4a...
[2026-08-24 02:51:12] [PROGRESS] resolve files> Scanning /mnt/c/Users/Sharof/AndroidStudioProjects/SecureGSI/.git/objects/4b...
[2026-08-24 02:51:12] [PROGRESS] resolve files> Scanning /mnt/c/Users/Sharof/AndroidStudioProjects/SecureGSI/.git/objects/4d...
[2026-08-24 02:51:12] [PROGRESS] resolve files> Scanning /mnt/c/Users/Sharof/AndroidStudioProjects/SecureGSI/.git/objects/4e...
[2026-08-24 02:51:12] [PROGRESS] resolve files> Scanning /mnt/c/Users/Sharof/AndroidStudioProjects/SecureGSI/.git/objects/4f...
[2026-08-24 02:51:12] [PROGRESS] resolve files> Scanning /mnt/c/Users/Sharof/AndroidStudioProjects/SecureGSI/.git/objects/50...
[2026-08-24 02:51:12] [PROGRESS] resolve files> Scanning /mnt/c/Users/Sharof/AndroidStudioProjects/SecureGSI/.git/objects/51...
[2026-08-24 02:51:12] [PROGRESS] resolve files> Scanning /mnt/c/Users/Sharof/AndroidStudioProjects/SecureGSI/.git/objects/53...
[2026-08-24 02:51:12] [PROGRESS] resolve files> Scanning /mnt/c/Users/Sharof/AndroidStudioProjects/SecureGSI/.git/objects/54...
[2026-08-24 02:51:12] [PROGRESS] resolve files> Scanning /mnt/c/Users/Sharof/AndroidStudioProjects/SecureGSI/.git/objects/55...
[2026-08-24 02:51:12] [PROGRESS] resolve files> Scanning /mnt/c/Users/Sharof/AndroidStudioProjects/SecureGSI/.git/objects/56...
[2026-08-24 02:51:12] [PROGRESS] resolve files> Scanning /mnt/c/Users/Sharof/AndroidStudioProjects/SecureGSI/.git/objects/57...
[2026-08-24 02:51:12] [PROGRESS] resolve files> Scanning /mnt/c/Users/Sharof/AndroidStudioProjects/SecureGSI/.git/objects/58...
[2026-08-24 02:51:12] [PROGRESS] resolve files> Scanning /mnt/c/Users/Sharof/AndroidStudioProjects/SecureGSI/.git/objects/59...
[2026-08-24 02:51:12] [PROGRESS] resolve files> Scanning /mnt/c/Users/Sharof/AndroidStudioProjects/SecureGSI/.git/objects/5a...
[2026-08-24 02:51:12] [PROGRESS] resolve files> Scanning /mnt/c/Users/Sharof/AndroidStudioProjects/SecureGSI/.git/objects/5b...
[2026-08-24 02:51:12] [PROGRESS] resolve files> Scanning /mnt/c/Users/Sharof/AndroidStudioProjects/SecureGSI/.git/objects/5c...
[2026-08-24 02:51:12] [PROGRESS] resolve files> Scanning /mnt/c/Users/Sharof/AndroidStudioProjects/SecureGSI/.git/objects/5e...
[2026-08-24 02:51:12] [PROGRESS] resolve files> Scanning /mnt/c/Users/Sharof/AndroidStudioProjects/SecureGSI/.git/objects/5f...
[2026-08-24 02:51:12] [PROGRESS] resolve files> Scanning /mnt/c/Users/Sharof/AndroidStudioProjects/SecureGSI/.git/objects/60...
[2026-08-24 02:51:12] [PROGRESS] resolve files> Scanning /mnt/c/Users/Sharof/AndroidStudioProjects/SecureGSI/.git/objects/61...
[2026-08-24 02:51:12] [PROGRESS] resolve files> Scanning /mnt/c/Users/Sharof/AndroidStudioProjects/SecureGSI/.git/objects/62...
[2026-08-24 02:51:12] [PROGRESS] resolve files> Scanning /mnt/c/Users/Sharof/AndroidStudioProjects/SecureGSI/.git/objects/63...
[2026-08-24 02:51:12] [PROGRESS] resolve files> Scanning /mnt/c/Users/Sharof/AndroidStudioProjects/SecureGSI/.git/objects/64...
[2026-08-24 02:51:12] [PROGRESS] resolve files> Scanning /mnt/c/Users/Sharof/AndroidStudioProjects/SecureGSI/.git/objects/65...
[2026-08-24 02:51:12] [PROGRESS] resolve files> Scanning /mnt/c/Users/Sharof/AndroidStudioProjects/SecureGSI/.git/objects/66...
[2026-08-24 02:51:12] [PROGRESS] resolve files> Scanning /mnt/c/Users/Sharof/AndroidStudioProjects/SecureGSI/.git/objects/67...
[2026-08-24 02:51:12] [PROGRESS] resolve files> Scanning /mnt/c/Users/Sharof/AndroidStudioProjects/SecureGSI/.git/objects/68...
[2026-08-24 02:51:12] [PROGRESS] resolve files> Scanning /mnt/c/Users/Sharof/AndroidStudioProjects/SecureGSI/.git/objects/69...
[2026-08-24 02:51:12] [PROGRESS] resolve files> Scanning /mnt/c/Users/Sharof/AndroidStudioProjects/SecureGSI/.git/objects/6a...
[2026-08-24 02:51:12] [PROGRESS] resolve files> Scanning /mnt/c/Users/Sharof/AndroidStudioProjects/SecureGSI/.git/objects/6b...
[2026-08-24 02:51:12] [PROGRESS] resolve files> Scanning /mnt/c/Users/Sharof/AndroidStudioProjects/SecureGSI/.git/objects/6c...
[2026-08-24 02:51:12] [PROGRESS] resolve files> Scanning /mnt/c/Users/Sharof/AndroidStudioProjects/SecureGSI/.git/objects/6e...
[2026-08-24 02:51:12] [PROGRESS] resolve files> Scanning /mnt/c/Users/Sharof/AndroidStudioProjects/SecureGSI/.git/objects/6f...
[2026-08-24 02:51:12] [PROGRESS] resolve files> Scanning /mnt/c/Users/Sharof/AndroidStudioProjects/SecureGSI/.git/objects/70...
[2026-08-24 02:51:12] [PROGRESS] resolve files> Scanning /mnt/c/Users/Sharof/AndroidStudioProjects/SecureGSI/.git/objects/71...
[2026-08-24 02:51:12] [PROGRESS] resolve files> Scanning /mnt/c/Users/Sharof/AndroidStudioProjects/SecureGSI/.git/objects/74...
[2026-08-24 02:51:12] [PROGRESS] resolve files> Scanning /mnt/c/Users/Sharof/AndroidStudioProjects/SecureGSI/.git/objects/75...
[2026-08-24 02:51:12] [PROGRESS] resolve files> Scanning /mnt/c/Users/Sharof/AndroidStudioProjects/SecureGSI/.git/objects/76...
[2026-08-24 02:51:12] [PROGRESS] resolve files> Scanning /mnt/c/Users/Sharof/AndroidStudioProjects/SecureGSI/.git/objects/77...
[2026-08-24 02:51:12] [PROGRESS] resolve files> Scanning /mnt/c/Users/Sharof/AndroidStudioProjects/SecureGSI/.git/objects/78...
[2026-08-24 02:51:12] [PROGRESS] resolve files> Scanning /mnt/c/Users/Sharof/AndroidStudioProjects/SecureGSI/.git/objects/79...
[2026-08-24 02:51:12] [PROGRESS] resolve files> Scanning /mnt/c/Users/Sharof/AndroidStudioProjects/SecureGSI/.git/objects/7a...
[2026-08-24 02:51:12] [PROGRESS] resolve files> Scanning /mnt/c/Users/Sharof/AndroidStudioProjects/SecureGSI/.git/objects/7b...
[2026-08-24 02:51:12] [PROGRESS] resolve files> Scanning /mnt/c/Users/Sharof/AndroidStudioProjects/SecureGSI/.git/objects/7c...
[2026-08-24 02:51:12] [PROGRESS] resolve files> Scanning /mnt/c/Users/Sharof/AndroidStudioProjects/SecureGSI/.git/objects/7d...
[2026-08-24 02:51:12] [PROGRESS] resolve files> Scanning /mnt/c/Users/Sharof/AndroidStudioProjects/SecureGSI/.git/objects/7f...
[2026-08-24 02:51:12] [PROGRESS] resolve files> Scanning /mnt/c/Users/Sharof/AndroidStudioProjects/SecureGSI/.git/objects/82...
[2026-08-24 02:51:12] [PROGRESS] resolve files> Scanning /mnt/c/Users/Sharof/AndroidStudioProjects/SecureGSI/.git/objects/83...
[2026-08-24 02:51:12] [PROGRESS] resolve files> Scanning /mnt/c/Users/Sharof/AndroidStudioProjects/SecureGSI/.git/objects/84...
[2026-08-24 02:51:12] [PROGRESS] resolve files> Scanning /mnt/c/Users/Sharof/AndroidStudioProjects/SecureGSI/.git/objects/85...
[2026-08-24 02:51:12] [PROGRESS] resolve files> Scanning /mnt/c/Users/Sharof/AndroidStudioProjects/SecureGSI/.git/objects/86...
[2026-08-24 02:51:12] [PROGRESS] resolve files> Scanning /mnt/c/Users/Sharof/AndroidStudioProjects/SecureGSI/.git/objects/87...
[2026-08-24 02:51:12] [PROGRESS] resolve files> Scanning /mnt/c/Users/Sharof/AndroidStudioProjects/SecureGSI/.git/objects/88...
[2026-08-24 02:51:12] [PROGRESS] resolve files> Scanning /mnt/c/Users/Sharof/AndroidStudioProjects/SecureGSI/.git/objects/89...
[2026-08-24 02:51:12] [PROGRESS] resolve files> Scanning /mnt/c/Users/Sharof/AndroidStudioProjects/SecureGSI/.git/objects/8a...
[2026-08-24 02:51:12] [PROGRESS] resolve files> Scanning /mnt/c/Users/Sharof/AndroidStudioProjects/SecureGSI/.git/objects/8b...
[2026-08-24 02:51:12] [PROGRESS] resolve files> Scanning /mnt/c/Users/Sharof/AndroidStudioProjects/SecureGSI/.git/objects/8c...
[2026-08-24 02:51:12] [PROGRESS] resolve files> Scanning /mnt/c/Users/Sharof/AndroidStudioProjects/SecureGSI/.git/objects/8d...
[2026-08-24 02:51:12] [PROGRESS] resolve files> Scanning /mnt/c/Users/Sharof/AndroidStudioProjects/SecureGSI/.git/objects/8e...
[2026-08-24 02:51:12] [PROGRESS] resolve files> Scanning /mnt/c/Users/Sharof/AndroidStudioProjects/SecureGSI/.git/objects/8f...
[2026-08-24 02:51:12] [PROGRESS] resolve files> Scanning /mnt/c/Users/Sharof/AndroidStudioProjects/SecureGSI/.git/objects/90...
[2026-08-24 02:51:12] [PROGRESS] resolve files> Scanning /mnt/c/Users/Sharof/AndroidStudioProjects/SecureGSI/.git/objects/91...
[2026-08-24 02:51:12] [PROGRESS] resolve files> Scanning /mnt/c/Users/Sharof/AndroidStudioProjects/SecureGSI/.git/objects/92...
[2026-08-24 02:51:12] [PROGRESS] resolve files> Scanning /mnt/c/Users/Sharof/AndroidStudioProjects/SecureGSI/.git/objects/93...
[2026-08-24 02:51:12] [PROGRESS] resolve files> Scanning /mnt/c/Users/Sharof/AndroidStudioProjects/SecureGSI/.git/objects/94...
[2026-08-24 02:51:12] [PROGRESS] resolve files> Scanning /mnt/c/Users/Sharof/AndroidStudioProjects/SecureGSI/.git/objects/95...
[2026-08-24 02:51:12] [PROGRESS] resolve files> Scanning /mnt/c/Users/Sharof/AndroidStudioProjects/SecureGSI/.git/objects/96...
[2026-08-24 02:51:12] [PROGRESS] resolve files> Scanning /mnt/c/Users/Sharof/AndroidStudioProjects/SecureGSI/.git/objects/97...
[2026-08-24 02:51:12] [PROGRESS] resolve files> Scanning /mnt/c/Users/Sharof/AndroidStudioProjects/SecureGSI/.git/objects/99...
[2026-08-24 02:51:12] [PROGRESS] resolve files> Scanning /mnt/c/Users/Sharof/AndroidStudioProjects/SecureGSI/.git/objects/9a...
[2026-08-24 02:51:12] [PROGRESS] resolve files> Scanning /mnt/c/Users/Sharof/AndroidStudioProjects/SecureGSI/.git/objects/9c...
[2026-08-24 02:51:12] [PROGRESS] resolve files> Scanning /mnt/c/Users/Sharof/AndroidStudioProjects/SecureGSI/.git/objects/9e...
[2026-08-24 02:51:12] [PROGRESS] resolve files> Scanning /mnt/c/Users/Sharof/AndroidStudioProjects/SecureGSI/.git/objects/9f...
[2026-08-24 02:51:12] [PROGRESS] resolve files> Scanning /mnt/c/Users/Sharof/AndroidStudioProjects/SecureGSI/.git/objects/a0...
[2026-08-24 02:51:12] [PROGRESS] resolve files> Scanning /mnt/c/Users/Sharof/AndroidStudioProjects/SecureGSI/.git/objects/a2...
[2026-08-24 02:51:12] [PROGRESS] resolve files> Scanning /mnt/c/Users/Sharof/AndroidStudioProjects/SecureGSI/.git/objects/a3...
[2026-08-24 02:51:12] [PROGRESS] resolve files> Scanning /mnt/c/Users/Sharof/AndroidStudioProjects/SecureGSI/.git/objects/a4...
[2026-08-24 02:51:12] [PROGRESS] resolve files> Scanning /mnt/c/Users/Sharof/AndroidStudioProjects/SecureGSI/.git/objects/a5...
[2026-08-24 02:51:12] [PROGRESS] resolve files> Scanning /mnt/c/Users/Sharof/AndroidStudioProjects/SecureGSI/.git/objects/a6...
[2026-08-24 02:51:12] [PROGRESS] resolve files> Scanning /mnt/c/Users/Sharof/AndroidStudioProjects/SecureGSI/.git/objects/a7...
[2026-08-24 02:51:12] [PROGRESS] resolve files> Scanning /mnt/c/Users/Sharof/AndroidStudioProjects/SecureGSI/.git/objects/aa...
[2026-08-24 02:51:12] [PROGRESS] resolve files> Scanning /mnt/c/Users/Sharof/AndroidStudioProjects/SecureGSI/.git/objects/ab...
[2026-08-24 02:51:12] [PROGRESS] resolve files> Scanning /mnt/c/Users/Sharof/AndroidStudioProjects/SecureGSI/.git/objects/ac...
[2026-08-24 02:51:12] [PROGRESS] resolve files> Scanning /mnt/c/Users/Sharof/AndroidStudioProjects/SecureGSI/.git/objects/ad...
[2026-08-24 02:51:12] [PROGRESS] resolve files> Scanning /mnt/c/Users/Sharof/AndroidStudioProjects/SecureGSI/.git/objects/af...
[2026-08-24 02:51:12] [PROGRESS] resolve files> Scanning /mnt/c/Users/Sharof/AndroidStudioProjects/SecureGSI/.git/objects/b0...
[2026-08-24 02:51:12] [PROGRESS] resolve files> Scanning /mnt/c/Users/Sharof/AndroidStudioProjects/SecureGSI/.git/objects/b1...
[2026-08-24 02:51:12] [PROGRESS] resolve files> Scanning /mnt/c/Users/Sharof/AndroidStudioProjects/SecureGSI/.git/objects/b2...
[2026-08-24 02:51:12] [PROGRESS] resolve files> Scanning /mnt/c/Users/Sharof/AndroidStudioProjects/SecureGSI/.git/objects/b4...
[2026-08-24 02:51:12] [PROGRESS] resolve files> Scanning /mnt/c/Users/Sharof/AndroidStudioProjects/SecureGSI/.git/objects/b6...
[2026-08-24 02:51:12] [PROGRESS] resolve files> Scanning /mnt/c/Users/Sharof/AndroidStudioProjects/SecureGSI/.git/objects/b7...
[2026-08-24 02:51:12] [PROGRESS] resolve files> Scanning /mnt/c/Users/Sharof/AndroidStudioProjects/SecureGSI/.git/objects/b8...
[2026-08-24 02:51:12] [PROGRESS] resolve files> Scanning /mnt/c/Users/Sharof/AndroidStudioProjects/SecureGSI/.git/objects/ba...
[2026-08-24 02:51:12] [PROGRESS] resolve files> Scanning /mnt/c/Users/Sharof/AndroidStudioProjects/SecureGSI/.git/objects/bb...
[2026-08-24 02:51:12] [PROGRESS] resolve files> Scanning /mnt/c/Users/Sharof/AndroidStudioProjects/SecureGSI/.git/objects/bc...
[2026-08-24 02:51:12] [PROGRESS] resolve files> Scanning /mnt/c/Users/Sharof/AndroidStudioProjects/SecureGSI/.git/objects/bd...
[2026-08-24 02:51:12] [PROGRESS] resolve files> Scanning /mnt/c/Users/Sharof/AndroidStudioProjects/SecureGSI/.git/objects/bf...
[2026-08-24 02:51:12] [PROGRESS] resolve files> Scanning /mnt/c/Users/Sharof/AndroidStudioProjects/SecureGSI/.git/objects/c0...
[2026-08-24 02:51:12] [PROGRESS] resolve files> Scanning /mnt/c/Users/Sharof/AndroidStudioProjects/SecureGSI/.git/objects/c2...
[2026-08-24 02:51:12] [PROGRESS] resolve files> Scanning /mnt/c/Users/Sharof/AndroidStudioProjects/SecureGSI/.git/objects/c3...
[2026-08-24 02:51:12] [PROGRESS] resolve files> Scanning /mnt/c/Users/Sharof/AndroidStudioProjects/SecureGSI/.git/objects/c4...
[2026-08-24 02:51:12] [PROGRESS] resolve files> Scanning /mnt/c/Users/Sharof/AndroidStudioProjects/SecureGSI/.git/objects/c5...
[2026-08-24 02:51:12] [PROGRESS] resolve files> Scanning /mnt/c/Users/Sharof/AndroidStudioProjects/SecureGSI/.git/objects/c6...
[2026-08-24 02:51:12] [PROGRESS] resolve files> Scanning /mnt/c/Users/Sharof/AndroidStudioProjects/SecureGSI/.git/objects/c7...
[2026-08-24 02:51:12] [PROGRESS] resolve files> Scanning /mnt/c/Users/Sharof/AndroidStudioProjects/SecureGSI/.git/objects/c8...
[2026-08-24 02:51:12] [PROGRESS] resolve files> Scanning /mnt/c/Users/Sharof/AndroidStudioProjects/SecureGSI/.git/objects/ca...
[2026-08-24 02:51:12] [PROGRESS] resolve files> Scanning /mnt/c/Users/Sharof/AndroidStudioProjects/SecureGSI/.git/objects/cb...
[2026-08-24 02:51:12] [PROGRESS] resolve files> Scanning /mnt/c/Users/Sharof/AndroidStudioProjects/SecureGSI/.git/objects/cd...
[2026-08-24 02:51:12] [PROGRESS] resolve files> Scanning /mnt/c/Users/Sharof/AndroidStudioProjects/SecureGSI/.git/objects/d0...
[2026-08-24 02:51:12] [PROGRESS] resolve files> Scanning /mnt/c/Users/Sharof/AndroidStudioProjects/SecureGSI/.git/objects/d1...
[2026-08-24 02:51:12] [PROGRESS] resolve files> Scanning /mnt/c/Users/Sharof/AndroidStudioProjects/SecureGSI/.git/objects/d2...
[2026-08-24 02:51:12] [PROGRESS] resolve files> Scanning /mnt/c/Users/Sharof/AndroidStudioProjects/SecureGSI/.git/objects/d3...
[2026-08-24 02:51:12] [PROGRESS] resolve files> Scanning /mnt/c/Users/Sharof/AndroidStudioProjects/SecureGSI/.git/objects/d4...
[2026-08-24 02:51:12] [PROGRESS] resolve files> Scanning /mnt/c/Users/Sharof/AndroidStudioProjects/SecureGSI/.git/objects/d6...
[2026-08-24 02:51:12] [PROGRESS] resolve files> Scanning /mnt/c/Users/Sharof/AndroidStudioProjects/SecureGSI/.git/objects/d7...
[2026-08-24 02:51:12] [PROGRESS] resolve files> Scanning /mnt/c/Users/Sharof/AndroidStudioProjects/SecureGSI/.git/objects/d8...
[2026-08-24 02:51:12] [PROGRESS] resolve files> Scanning /mnt/c/Users/Sharof/AndroidStudioProjects/SecureGSI/.git/objects/d9...
[2026-08-24 02:51:12] [PROGRESS] resolve files> Scanning /mnt/c/Users/Sharof/AndroidStudioProjects/SecureGSI/.git/objects/da...
[2026-08-24 02:51:12] [PROGRESS] resolve files> Scanning /mnt/c/Users/Sharof/AndroidStudioProjects/SecureGSI/.git/objects/db...
[2026-08-24 02:51:12] [PROGRESS] resolve files> Scanning /mnt/c/Users/Sharof/AndroidStudioProjects/SecureGSI/.git/objects/dc...
[2026-08-24 02:51:12] [PROGRESS] resolve files> Scanning /mnt/c/Users/Sharof/AndroidStudioProjects/SecureGSI/.git/objects/de...
[2026-08-24 02:51:12] [PROGRESS] resolve files> Scanning /mnt/c/Users/Sharof/AndroidStudioProjects/SecureGSI/.git/objects/df...
[2026-08-24 02:51:12] [PROGRESS] resolve files> Scanning /mnt/c/Users/Sharof/AndroidStudioProjects/SecureGSI/.git/objects/e0...
[2026-08-24 02:51:12] [PROGRESS] resolve files> Scanning /mnt/c/Users/Sharof/AndroidStudioProjects/SecureGSI/.git/objects/e1...
[2026-08-24 02:51:13] [PROGRESS] resolve files> Scanning /mnt/c/Users/Sharof/AndroidStudioProjects/SecureGSI/.git/objects/e2...
[2026-08-24 02:51:13] [PROGRESS] resolve files> Scanning /mnt/c/Users/Sharof/AndroidStudioProjects/SecureGSI/.git/objects/e3...
[2026-08-24 02:51:13] [PROGRESS] resolve files> Scanning /mnt/c/Users/Sharof/AndroidStudioProjects/SecureGSI/.git/objects/e4...
[2026-08-24 02:51:13] [PROGRESS] resolve files> Scanning /mnt/c/Users/Sharof/AndroidStudioProjects/SecureGSI/.git/objects/e5...
[2026-08-24 02:51:13] [PROGRESS] resolve files> Scanning /mnt/c/Users/Sharof/AndroidStudioProjects/SecureGSI/.git/objects/e6...
[2026-08-24 02:51:13] [PROGRESS] resolve files> Scanning /mnt/c/Users/Sharof/AndroidStudioProjects/SecureGSI/.git/objects/e7...
[2026-08-24 02:51:13] [PROGRESS] resolve files> Scanning /mnt/c/Users/Sharof/AndroidStudioProjects/SecureGSI/.git/objects/e8...
[2026-08-24 02:51:13] [PROGRESS] resolve files> Scanning /mnt/c/Users/Sharof/AndroidStudioProjects/SecureGSI/.git/objects/ea...
[2026-08-24 02:51:13] [PROGRESS] resolve files> Scanning /mnt/c/Users/Sharof/AndroidStudioProjects/SecureGSI/.git/objects/eb...
[2026-08-24 02:51:13] [PROGRESS] resolve files> Scanning /mnt/c/Users/Sharof/AndroidStudioProjects/SecureGSI/.git/objects/ec...
[2026-08-24 02:51:13] [PROGRESS] resolve files> Scanning /mnt/c/Users/Sharof/AndroidStudioProjects/SecureGSI/.git/objects/ed...
[2026-08-24 02:51:13] [PROGRESS] resolve files> Scanning /mnt/c/Users/Sharof/AndroidStudioProjects/SecureGSI/.git/objects/ee...
[2026-08-24 02:51:13] [PROGRESS] resolve files> Scanning /mnt/c/Users/Sharof/AndroidStudioProjects/SecureGSI/.git/objects/ef...
[2026-08-24 02:51:13] [PROGRESS] resolve files> Scanning /mnt/c/Users/Sharof/AndroidStudioProjects/SecureGSI/.git/objects/f0...
[2026-08-24 02:51:13] [PROGRESS] resolve files> Scanning /mnt/c/Users/Sharof/AndroidStudioProjects/SecureGSI/.git/objects/f1...
[2026-08-24 02:51:13] [PROGRESS] resolve files> Scanning /mnt/c/Users/Sharof/AndroidStudioProjects/SecureGSI/.git/objects/f2...
[2026-08-24 02:51:13] [PROGRESS] resolve files> Scanning /mnt/c/Users/Sharof/AndroidStudioProjects/SecureGSI/.git/objects/f4...
[2026-08-24 02:51:13] [PROGRESS] resolve files> Scanning /mnt/c/Users/Sharof/AndroidStudioProjects/SecureGSI/.git/objects/f5...
[2026-08-24 02:51:13] [PROGRESS] resolve files> Scanning /mnt/c/Users/Sharof/AndroidStudioProjects/SecureGSI/.git/objects/f6...
[2026-08-24 02:51:13] [PROGRESS] resolve files> Scanning /mnt/c/Users/Sharof/AndroidStudioProjects/SecureGSI/.git/objects/f7...
[2026-08-24 02:51:13] [PROGRESS] resolve files> Scanning /mnt/c/Users/Sharof/AndroidStudioProjects/SecureGSI/.git/objects/f8...
[2026-08-24 02:51:13] [PROGRESS] resolve files> Scanning /mnt/c/Users/Sharof/AndroidStudioProjects/SecureGSI/.git/objects/f9...
[2026-08-24 02:51:13] [PROGRESS] resolve files> Scanning /mnt/c/Users/Sharof/AndroidStudioProjects/SecureGSI/.git/objects/fa...
[2026-08-24 02:51:13] [PROGRESS] resolve files> Scanning /mnt/c/Users/Sharof/AndroidStudioProjects/SecureGSI/.git/objects/fb...
[2026-08-24 02:51:13] [PROGRESS] resolve files> Scanning /mnt/c/Users/Sharof/AndroidStudioProjects/SecureGSI/.git/objects/fd...
[2026-08-24 02:51:13] [PROGRESS] resolve files> Scanning /mnt/c/Users/Sharof/AndroidStudioProjects/SecureGSI/.git/objects/fe...
[2026-08-24 02:51:13] [PROGRESS] resolve files> Scanning /mnt/c/Users/Sharof/AndroidStudioProjects/SecureGSI/.git/objects/ff...
[2026-08-24 02:51:13] [PROGRESS] resolve files> Scanning /mnt/c/Users/Sharof/AndroidStudioProjects/SecureGSI/.git/objects/info...
[2026-08-24 02:51:13] [PROGRESS] resolve files> Scanning /mnt/c/Users/Sharof/AndroidStudioProjects/SecureGSI/.git/objects/pack...
[2026-08-24 02:51:13] [PROGRESS] resolve files> Scanning /mnt/c/Users/Sharof/AndroidStudioProjects/SecureGSI/.git/refs...
[2026-08-24 02:51:13] [PROGRESS] resolve files> Scanning /mnt/c/Users/Sharof/AndroidStudioProjects/SecureGSI/.git/refs/heads...
[2026-08-24 02:51:13] [PROGRESS] resolve files> Scanning /mnt/c/Users/Sharof/AndroidStudioProjects/SecureGSI/.git/refs/remotes...
[2026-08-24 02:51:13] [PROGRESS] resolve files> Scanning /mnt/c/Users/Sharof/AndroidStudioProjects/SecureGSI/.git/refs/remotes/origin...
[2026-08-24 02:51:13] [PROGRESS] resolve files> Scanning /mnt/c/Users/Sharof/AndroidStudioProjects/SecureGSI/.git/refs/tags...
[2026-08-24 02:51:13] [PROGRESS] resolve files> Scanning /mnt/c/Users/Sharof/AndroidStudioProjects/SecureGSI/.gradle...
[2026-08-24 02:51:13] [PROGRESS] resolve files> Scanning /mnt/c/Users/Sharof/AndroidStudioProjects/SecureGSI/.gradle/9.5.0...
[2026-08-24 02:51:13] [PROGRESS] resolve files> Scanning /mnt/c/Users/Sharof/AndroidStudioProjects/SecureGSI/.gradle/9.5.0/checksums...
[2026-08-24 02:51:13] [PROGRESS] resolve files> Scanning /mnt/c/Users/Sharof/AndroidStudioProjects/SecureGSI/.gradle/9.5.0/executionHistory...
[2026-08-24 02:51:13] [PROGRESS] resolve files> Scanning /mnt/c/Users/Sharof/AndroidStudioProjects/SecureGSI/.gradle/9.5.0/expanded...
[2026-08-24 02:51:13] [PROGRESS] resolve files> Scanning /mnt/c/Users/Sharof/AndroidStudioProjects/SecureGSI/.gradle/9.5.0/fileChanges...
[2026-08-24 02:51:13] [PROGRESS] resolve files> Scanning /mnt/c/Users/Sharof/AndroidStudioProjects/SecureGSI/.gradle/9.5.0/fileHashes...
[2026-08-24 02:51:13] [PROGRESS] resolve files> Scanning /mnt/c/Users/Sharof/AndroidStudioProjects/SecureGSI/.gradle/9.5.0/kotlin-dsl-plugin-entries...
[2026-08-24 02:51:13] [PROGRESS] resolve files> Scanning /mnt/c/Users/Sharof/AndroidStudioProjects/SecureGSI/.gradle/9.5.0/vcsMetadata...
[2026-08-24 02:51:13] [PROGRESS] resolve files> Scanning /mnt/c/Users/Sharof/AndroidStudioProjects/SecureGSI/.gradle/buildOutputCleanup...
[2026-08-24 02:51:13] [PROGRESS] resolve files> Scanning /mnt/c/Users/Sharof/AndroidStudioProjects/SecureGSI/.gradle/configuration-cache...
[2026-08-24 02:51:13] [PROGRESS] resolve files> Scanning /mnt/c/Users/Sharof/AndroidStudioProjects/SecureGSI/.gradle/configuration-cache/04c2bcfe-401d-45e2-bd1f-26ff96ec4107...
[2026-08-24 02:51:13] [PROGRESS] resolve files> Scanning /mnt/c/Users/Sharof/AndroidStudioProjects/SecureGSI/.gradle/configuration-cache/178525f9-0b71-4069-b834-50eb98e06c61...
[2026-08-24 02:51:13] [PROGRESS] resolve files> Scanning /mnt/c/Users/Sharof/AndroidStudioProjects/SecureGSI/.gradle/configuration-cache/20e0b5cc-38dd-4ea3-acb1-0245314c5c83...
[2026-08-24 02:51:13] [PROGRESS] resolve files> Scanning /mnt/c/Users/Sharof/AndroidStudioProjects/SecureGSI/.gradle/configuration-cache/2704ltv8oos49sjn8av6tjfmr...
[2026-08-24 02:51:13] [PROGRESS] resolve files> Scanning /mnt/c/Users/Sharof/AndroidStudioProjects/SecureGSI/.gradle/configuration-cache/3jji7lixinj2sv53ukcygiaul...
[2026-08-24 02:51:13] [PROGRESS] resolve files> Scanning /mnt/c/Users/Sharof/AndroidStudioProjects/SecureGSI/.gradle/configuration-cache/4a01c924-2270-4ae5-aab7-8066f5725d0d...
[2026-08-24 02:51:13] [PROGRESS] resolve files> Scanning /mnt/c/Users/Sharof/AndroidStudioProjects/SecureGSI/.gradle/configuration-cache/4aoxjn1n001z8j6xpz3anz1s3...
[2026-08-24 02:51:13] [PROGRESS] resolve files> Scanning /mnt/c/Users/Sharof/AndroidStudioProjects/SecureGSI/.gradle/configuration-cache/4f45b9de-d637-4ad2-804d-f56ab3e4cda7...
[2026-08-24 02:51:13] [PROGRESS] resolve files> Scanning /mnt/c/Users/Sharof/AndroidStudioProjects/SecureGSI/.gradle/configuration-cache/56n2egfqkpaegnsqt60ds6erq...
[2026-08-24 02:51:13] [PROGRESS] resolve files> Scanning /mnt/c/Users/Sharof/AndroidStudioProjects/SecureGSI/.gradle/configuration-cache/66d11oqs1u1abks0nfbopl7go...
[2026-08-24 02:51:13] [PROGRESS] resolve files> Scanning /mnt/c/Users/Sharof/AndroidStudioProjects/SecureGSI/.gradle/configuration-cache/8fb28915-7037-485d-bd63-966c9554f7aa...
[2026-08-24 02:51:13] [PROGRESS] resolve files> Scanning /mnt/c/Users/Sharof/AndroidStudioProjects/SecureGSI/.gradle/configuration-cache/96wn7kk408asai7159i397omj...
[2026-08-24 02:51:13] [PROGRESS] resolve files> Scanning /mnt/c/Users/Sharof/AndroidStudioProjects/SecureGSI/.gradle/configuration-cache/adyops5tl2ihspzlj1siv6grz...
[2026-08-24 02:51:13] [PROGRESS] resolve files> Scanning /mnt/c/Users/Sharof/AndroidStudioProjects/SecureGSI/.gradle/configuration-cache/b5e5177a-dc18-4caa-b94b-6d0bb6a6078b...
[2026-08-24 02:51:13] [PROGRESS] resolve files> Scanning /mnt/c/Users/Sharof/AndroidStudioProjects/SecureGSI/.gradle/configuration-cache/b9711396-20de-4a36-b2dc-db2485d9e6fc...
[2026-08-24 02:51:13] [PROGRESS] resolve files> Scanning /mnt/c/Users/Sharof/AndroidStudioProjects/SecureGSI/.gradle/configuration-cache/b9b36d61-9249-4b9c-92a8-1e944f272b0c...
[2026-08-24 02:51:13] [PROGRESS] resolve files> Scanning /mnt/c/Users/Sharof/AndroidStudioProjects/SecureGSI/.gradle/configuration-cache/bm1higls7qho4j0je9j6tofyl...
[2026-08-24 02:51:13] [PROGRESS] resolve files> Scanning /mnt/c/Users/Sharof/AndroidStudioProjects/SecureGSI/.gradle/configuration-cache/c1423c91-cf41-47a1-a52f-24b582998c67...
[2026-08-24 02:51:13] [PROGRESS] resolve files> Scanning /mnt/c/Users/Sharof/AndroidStudioProjects/SecureGSI/.gradle/configuration-cache/dwj9de0t09rhywvadfobm0z6k...
[2026-08-24 02:51:13] [PROGRESS] resolve files> Scanning /mnt/c/Users/Sharof/AndroidStudioProjects/SecureGSI/.gradle/configuration-cache/e105e980-e0c4-43e6-bab8-56ecc0783346...
[2026-08-24 02:51:13] [PROGRESS] resolve files> Scanning /mnt/c/Users/Sharof/AndroidStudioProjects/SecureGSI/.gradle/configuration-cache/e6f2ca2b-2092-4cec-8a0b-1c0dbb85f9ec...
[2026-08-24 02:51:13] [PROGRESS] resolve files> Scanning /mnt/c/Users/Sharof/AndroidStudioProjects/SecureGSI/.gradle/vcs-1...
[2026-08-24 02:51:13] [PROGRESS] resolve files> Scanning /mnt/c/Users/Sharof/AndroidStudioProjects/SecureGSI/.idea...
[2026-08-24 02:51:13] [PROGRESS] resolve files> Scanning /mnt/c/Users/Sharof/AndroidStudioProjects/SecureGSI/.idea/caches...
[2026-08-24 02:51:13] [PROGRESS] resolve files> Scanning /mnt/c/Users/Sharof/AndroidStudioProjects/SecureGSI/.idea/inspectionProfiles...
[2026-08-24 02:51:13] [PROGRESS] resolve files> Scanning /mnt/c/Users/Sharof/AndroidStudioProjects/SecureGSI/.kotlin...
[2026-08-24 02:51:13] [PROGRESS] resolve files> Scanning /mnt/c/Users/Sharof/AndroidStudioProjects/SecureGSI/.kotlin/sessions...
[2026-08-24 02:51:13] [PROGRESS] resolve files> Scanning /mnt/c/Users/Sharof/AndroidStudioProjects/SecureGSI/app...
[2026-08-24 02:51:13] [PROGRESS] resolve files> Scanning /mnt/c/Users/Sharof/AndroidStudioProjects/SecureGSI/app/.gradle...
[2026-08-24 02:51:13] [PROGRESS] resolve files> Scanning /mnt/c/Users/Sharof/AndroidStudioProjects/SecureGSI/app/.idea...
[2026-08-24 02:51:13] [PROGRESS] resolve files> Scanning /mnt/c/Users/Sharof/AndroidStudioProjects/SecureGSI/app/.idea/caches...
[2026-08-24 02:51:13] [PROGRESS] resolve files> Scanning /mnt/c/Users/Sharof/AndroidStudioProjects/SecureGSI/app/build...
[2026-08-24 02:51:13] [PROGRESS] resolve files> Scanning /mnt/c/Users/Sharof/AndroidStudioProjects/SecureGSI/app/build/generated...
[2026-08-24 02:51:13] [PROGRESS] resolve files> Scanning /mnt/c/Users/Sharof/AndroidStudioProjects/SecureGSI/app/build/generated/updated_navigation_xml...
[2026-08-24 02:51:13] [PROGRESS] resolve files> Scanning /mnt/c/Users/Sharof/AndroidStudioProjects/SecureGSI/app/build/generated/updated_navigation_xml/debug...
[2026-08-24 02:51:13] [PROGRESS] resolve files> Scanning /mnt/c/Users/Sharof/AndroidStudioProjects/SecureGSI/app/build/intermediates...
[2026-08-24 02:51:13] [PROGRESS] resolve files> Scanning /mnt/c/Users/Sharof/AndroidStudioProjects/SecureGSI/app/build/intermediates/built_in_kotlinc...
[2026-08-24 02:51:13] [PROGRESS] resolve files> Scanning /mnt/c/Users/Sharof/AndroidStudioProjects/SecureGSI/app/build/intermediates/built_in_kotlinc/debug...
[2026-08-24 02:51:13] [PROGRESS] resolve files> Scanning /mnt/c/Users/Sharof/AndroidStudioProjects/SecureGSI/app/build/intermediates/built_in_kotlinc/debug/compileDebugKotlin...
[2026-08-24 02:51:13] [PROGRESS] resolve files> Scanning /mnt/c/Users/Sharof/AndroidStudioProjects/SecureGSI/app/build/intermediates/built_in_kotlinc/debug/compileDebugKotlin/classes...
[2026-08-24 02:51:13] [PROGRESS] resolve files> Scanning /mnt/c/Users/Sharof/AndroidStudioProjects/SecureGSI/app/build/intermediates/built_in_kotlinc/debug/compileDebugKotlin/classes/com...
[2026-08-24 02:51:13] [PROGRESS] resolve files> Scanning /mnt/c/Users/Sharof/AndroidStudioProjects/SecureGSI/app/build/intermediates/built_in_kotlinc/debug/compileDebugKotlin/classes/com/securegsi...
[2026-08-24 02:51:13] [PROGRESS] resolve files> Scanning /mnt/c/Users/Sharof/AndroidStudioProjects/SecureGSI/app/build/intermediates/built_in_kotlinc/debug/compileDebugKotlin/classes/com/securegsi/ui...
[2026-08-24 02:51:13] [PROGRESS] resolve files> Scanning /mnt/c/Users/Sharof/AndroidStudioProjects/SecureGSI/app/build/intermediates/built_in_kotlinc/debug/compileDebugKotlin/classes/com/securegsi/ui/theme...
[2026-08-24 02:51:13] [PROGRESS] resolve files> Scanning /mnt/c/Users/Sharof/AndroidStudioProjects/SecureGSI/app/build/intermediates/built_in_kotlinc/debug/compileDebugKotlin/classes/META-INF...
[2026-08-24 02:51:13] [PROGRESS] resolve files> Scanning /mnt/c/Users/Sharof/AndroidStudioProjects/SecureGSI/app/build/intermediates/compile_r_class_jar...
[2026-08-24 02:51:13] [PROGRESS] resolve files> Scanning /mnt/c/Users/Sharof/AndroidStudioProjects/SecureGSI/app/build/intermediates/compile_r_class_jar/debug...
[2026-08-24 02:51:13] [PROGRESS] resolve files> Scanning /mnt/c/Users/Sharof/AndroidStudioProjects/SecureGSI/app/build/intermediates/compile_r_class_jar/debug/generateDebugRFile...
[2026-08-24 02:51:13] [PROGRESS] resolve files> Scanning /mnt/c/Users/Sharof/AndroidStudioProjects/SecureGSI/app/build/intermediates/compile_symbol_list...
[2026-08-24 02:51:13] [PROGRESS] resolve files> Scanning /mnt/c/Users/Sharof/AndroidStudioProjects/SecureGSI/app/build/intermediates/compile_symbol_list/debug...
[2026-08-24 02:51:13] [PROGRESS] resolve files> Scanning /mnt/c/Users/Sharof/AndroidStudioProjects/SecureGSI/app/build/intermediates/compile_symbol_list/debug/generateDebugRFile...
[2026-08-24 02:51:13] [PROGRESS] resolve files> Scanning /mnt/c/Users/Sharof/AndroidStudioProjects/SecureGSI/app/build/intermediates/data_binding_layout_info_type_package...
[2026-08-24 02:51:13] [PROGRESS] resolve files> Scanning /mnt/c/Users/Sharof/AndroidStudioProjects/SecureGSI/app/build/intermediates/data_binding_layout_info_type_package/debug...
[2026-08-24 02:51:13] [PROGRESS] resolve files> Scanning /mnt/c/Users/Sharof/AndroidStudioProjects/SecureGSI/app/build/intermediates/data_binding_layout_info_type_package/debug/packageDebugResources...
[2026-08-24 02:51:13] [PROGRESS] resolve files> Scanning /mnt/c/Users/Sharof/AndroidStudioProjects/SecureGSI/app/build/intermediates/data_binding_layout_info_type_package/debug/packageDebugResources/out...
[2026-08-24 02:51:13] [PROGRESS] resolve files> Scanning /mnt/c/Users/Sharof/AndroidStudioProjects/SecureGSI/app/build/intermediates/incremental...
[2026-08-24 02:51:13] [PROGRESS] resolve files> Scanning /mnt/c/Users/Sharof/AndroidStudioProjects/SecureGSI/app/build/intermediates/incremental/debug...
[2026-08-24 02:51:13] [PROGRESS] resolve files> Scanning /mnt/c/Users/Sharof/AndroidStudioProjects/SecureGSI/app/build/intermediates/incremental/debug/packageDebugResources...
[2026-08-24 02:51:13] [PROGRESS] resolve files> Scanning /mnt/c/Users/Sharof/AndroidStudioProjects/SecureGSI/app/build/intermediates/incremental/debug/packageDebugResources/merged.dir...
[2026-08-24 02:51:13] [PROGRESS] resolve files> Scanning /mnt/c/Users/Sharof/AndroidStudioProjects/SecureGSI/app/build/intermediates/incremental/debug/packageDebugResources/merged.dir/values...
[2026-08-24 02:51:13] [PROGRESS] resolve files> Scanning /mnt/c/Users/Sharof/AndroidStudioProjects/SecureGSI/app/build/intermediates/incremental/debug/packageDebugResources/stripped.dir...
[2026-08-24 02:51:13] [PROGRESS] resolve files> Scanning /mnt/c/Users/Sharof/AndroidStudioProjects/SecureGSI/app/build/intermediates/local_only_symbol_list...
[2026-08-24 02:51:13] [PROGRESS] resolve files> Scanning /mnt/c/Users/Sharof/AndroidStudioProjects/SecureGSI/app/build/intermediates/local_only_symbol_list/debug...
[2026-08-24 02:51:13] [PROGRESS] resolve files> Scanning /mnt/c/Users/Sharof/AndroidStudioProjects/SecureGSI/app/build/intermediates/local_only_symbol_list/debug/parseDebugLocalResources...
[2026-08-24 02:51:13] [PROGRESS] resolve files> Scanning /mnt/c/Users/Sharof/AndroidStudioProjects/SecureGSI/app/build/intermediates/nested_resources_validation_report...
[2026-08-24 02:51:13] [PROGRESS] resolve files> Scanning /mnt/c/Users/Sharof/AndroidStudioProjects/SecureGSI/app/build/intermediates/nested_resources_validation_report/debug...
[2026-08-24 02:51:13] [PROGRESS] resolve files> Scanning /mnt/c/Users/Sharof/AndroidStudioProjects/SecureGSI/app/build/intermediates/nested_resources_validation_report/debug/generateDebugResources...
[2026-08-24 02:51:13] [PROGRESS] resolve files> Scanning /mnt/c/Users/Sharof/AndroidStudioProjects/SecureGSI/app/build/intermediates/packaged_res...
[2026-08-24 02:51:13] [PROGRESS] resolve files> Scanning /mnt/c/Users/Sharof/AndroidStudioProjects/SecureGSI/app/build/intermediates/packaged_res/debug...
[2026-08-24 02:51:13] [PROGRESS] resolve files> Scanning /mnt/c/Users/Sharof/AndroidStudioProjects/SecureGSI/app/build/intermediates/packaged_res/debug/packageDebugResources...
[2026-08-24 02:51:13] [PROGRESS] resolve files> Scanning /mnt/c/Users/Sharof/AndroidStudioProjects/SecureGSI/app/build/intermediates/packaged_res/debug/packageDebugResources/drawable...
[2026-08-24 02:51:13] [PROGRESS] resolve files> Scanning /mnt/c/Users/Sharof/AndroidStudioProjects/SecureGSI/app/build/intermediates/packaged_res/debug/packageDebugResources/mipmap-anydpi-v4...
[2026-08-24 02:51:13] [PROGRESS] resolve files> Scanning /mnt/c/Users/Sharof/AndroidStudioProjects/SecureGSI/app/build/intermediates/packaged_res/debug/packageDebugResources/mipmap-hdpi-v4...
[2026-08-24 02:51:13] [PROGRESS] resolve files> Scanning /mnt/c/Users/Sharof/AndroidStudioProjects/SecureGSI/app/build/intermediates/packaged_res/debug/packageDebugResources/mipmap-mdpi-v4...
[2026-08-24 02:51:13] [PROGRESS] resolve files> Scanning /mnt/c/Users/Sharof/AndroidStudioProjects/SecureGSI/app/build/intermediates/packaged_res/debug/packageDebugResources/mipmap-xhdpi-v4...
[2026-08-24 02:51:13] [PROGRESS] resolve files> Scanning /mnt/c/Users/Sharof/AndroidStudioProjects/SecureGSI/app/build/intermediates/packaged_res/debug/packageDebugResources/mipmap-xxhdpi-v4...
[2026-08-24 02:51:13] [PROGRESS] resolve files> Scanning /mnt/c/Users/Sharof/AndroidStudioProjects/SecureGSI/app/build/intermediates/packaged_res/debug/packageDebugResources/mipmap-xxxhdpi-v4...
[2026-08-24 02:51:13] [PROGRESS] resolve files> Scanning /mnt/c/Users/Sharof/AndroidStudioProjects/SecureGSI/app/build/intermediates/packaged_res/debug/packageDebugResources/values...
[2026-08-24 02:51:13] [PROGRESS] resolve files> Scanning /mnt/c/Users/Sharof/AndroidStudioProjects/SecureGSI/app/build/intermediates/packaged_res/debug/packageDebugResources/xml...
[2026-08-24 02:51:13] [PROGRESS] resolve files> Scanning /mnt/c/Users/Sharof/AndroidStudioProjects/SecureGSI/app/build/intermediates/symbol_list_with_package_name...
[2026-08-24 02:51:13] [PROGRESS] resolve files> Scanning /mnt/c/Users/Sharof/AndroidStudioProjects/SecureGSI/app/build/intermediates/symbol_list_with_package_name/debug...
[2026-08-24 02:51:13] [PROGRESS] resolve files> Scanning /mnt/c/Users/Sharof/AndroidStudioProjects/SecureGSI/app/build/intermediates/symbol_list_with_package_name/debug/generateDebugRFile...
[2026-08-24 02:51:13] [PROGRESS] resolve files> Scanning /mnt/c/Users/Sharof/AndroidStudioProjects/SecureGSI/app/build/kotlin...
[2026-08-24 02:51:13] [PROGRESS] resolve files> Scanning /mnt/c/Users/Sharof/AndroidStudioProjects/SecureGSI/app/build/kotlin/compileDebugKotlin...
[2026-08-24 02:51:13] [PROGRESS] resolve files> Scanning /mnt/c/Users/Sharof/AndroidStudioProjects/SecureGSI/app/build/kotlin/compileDebugKotlin/cacheable...
[2026-08-24 02:51:13] [PROGRESS] resolve files> Scanning /mnt/c/Users/Sharof/AndroidStudioProjects/SecureGSI/app/build/kotlin/compileDebugKotlin/cacheable/caches-jvm...
[2026-08-24 02:51:13] [PROGRESS] resolve files> Scanning /mnt/c/Users/Sharof/AndroidStudioProjects/SecureGSI/app/build/kotlin/compileDebugKotlin/cacheable/caches-jvm/inputs...
[2026-08-24 02:51:13] [PROGRESS] resolve files> Scanning /mnt/c/Users/Sharof/AndroidStudioProjects/SecureGSI/app/build/kotlin/compileDebugKotlin/cacheable/caches-jvm/jvm...
[2026-08-24 02:51:13] [PROGRESS] resolve files> Scanning /mnt/c/Users/Sharof/AndroidStudioProjects/SecureGSI/app/build/kotlin/compileDebugKotlin/cacheable/caches-jvm/jvm/kotlin...
[2026-08-24 02:51:13] [PROGRESS] resolve files> Scanning /mnt/c/Users/Sharof/AndroidStudioProjects/SecureGSI/app/build/kotlin/compileDebugKotlin/cacheable/caches-jvm/lookups...
[2026-08-24 02:51:13] [PROGRESS] resolve files> Scanning /mnt/c/Users/Sharof/AndroidStudioProjects/SecureGSI/app/build/kotlin/compileDebugKotlin/classpath-snapshot...
[2026-08-24 02:51:13] [PROGRESS] resolve files> Scanning /mnt/c/Users/Sharof/AndroidStudioProjects/SecureGSI/app/build/kotlin/compileDebugKotlin/local-state...
[2026-08-24 02:51:13] [PROGRESS] resolve files> Scanning /mnt/c/Users/Sharof/AndroidStudioProjects/SecureGSI/app/src...
[2026-08-24 02:51:13] [PROGRESS] resolve files> Scanning /mnt/c/Users/Sharof/AndroidStudioProjects/SecureGSI/app/src/androidTest...
[2026-08-24 02:51:13] [PROGRESS] resolve files> Scanning /mnt/c/Users/Sharof/AndroidStudioProjects/SecureGSI/app/src/androidTest/java...
[2026-08-24 02:51:13] [PROGRESS] resolve files> Scanning /mnt/c/Users/Sharof/AndroidStudioProjects/SecureGSI/app/src/androidTest/java/com...
[2026-08-24 02:51:13] [PROGRESS] resolve files> Scanning /mnt/c/Users/Sharof/AndroidStudioProjects/SecureGSI/app/src/androidTest/java/com/securegsi...
[2026-08-24 02:51:13] [PROGRESS] resolve files> Scanning /mnt/c/Users/Sharof/AndroidStudioProjects/SecureGSI/app/src/main...
[2026-08-24 02:51:13] [PROGRESS] resolve files> Scanning /mnt/c/Users/Sharof/AndroidStudioProjects/SecureGSI/app/src/main/assets...
[2026-08-24 02:51:13] [PROGRESS] resolve files> Scanning /mnt/c/Users/Sharof/AndroidStudioProjects/SecureGSI/app/src/main/assets/bootstrap...
[2026-08-24 02:51:13] [PROGRESS] resolve files> Scanning /mnt/c/Users/Sharof/AndroidStudioProjects/SecureGSI/app/src/main/java...
[2026-08-24 02:51:13] [PROGRESS] resolve files> Scanning /mnt/c/Users/Sharof/AndroidStudioProjects/SecureGSI/app/src/main/java/com...
[2026-08-24 02:51:13] [PROGRESS] resolve files> Scanning /mnt/c/Users/Sharof/AndroidStudioProjects/SecureGSI/app/src/main/java/com/securegsi...
[2026-08-24 02:51:13] [PROGRESS] resolve files> Scanning /mnt/c/Users/Sharof/AndroidStudioProjects/SecureGSI/app/src/main/java/com/securegsi/.idea...
[2026-08-24 02:51:13] [PROGRESS] resolve files> Scanning /mnt/c/Users/Sharof/AndroidStudioProjects/SecureGSI/app/src/main/java/com/securegsi/.idea/caches...
[2026-08-24 02:51:13] [PROGRESS] resolve files> Scanning /mnt/c/Users/Sharof/AndroidStudioProjects/SecureGSI/app/src/main/java/com/securegsi/ui...
[2026-08-24 02:51:13] [PROGRESS] resolve files> Scanning /mnt/c/Users/Sharof/AndroidStudioProjects/SecureGSI/app/src/main/java/com/securegsi/ui/theme...
[2026-08-24 02:51:13] [PROGRESS] resolve files> Scanning /mnt/c/Users/Sharof/AndroidStudioProjects/SecureGSI/app/src/main/jniLibs...
[2026-08-24 02:51:13] [PROGRESS] resolve files> Scanning /mnt/c/Users/Sharof/AndroidStudioProjects/SecureGSI/app/src/main/jniLibs/arm64-v8a...
[2026-08-24 02:51:13] [PROGRESS] resolve files> Scanning /mnt/c/Users/Sharof/AndroidStudioProjects/SecureGSI/app/src/main/keepRules...
[2026-08-24 02:51:13] [PROGRESS] resolve files> Scanning /mnt/c/Users/Sharof/AndroidStudioProjects/SecureGSI/app/src/main/res...
[2026-08-24 02:51:13] [PROGRESS] resolve files> Scanning /mnt/c/Users/Sharof/AndroidStudioProjects/SecureGSI/app/src/main/res/drawable...
[2026-08-24 02:51:13] [PROGRESS] resolve files> Scanning /mnt/c/Users/Sharof/AndroidStudioProjects/SecureGSI/app/src/main/res/mipmap-anydpi...
[2026-08-24 02:51:13] [PROGRESS] resolve files> Scanning /mnt/c/Users/Sharof/AndroidStudioProjects/SecureGSI/app/src/main/res/mipmap-hdpi...
[2026-08-24 02:51:13] [PROGRESS] resolve files> Scanning /mnt/c/Users/Sharof/AndroidStudioProjects/SecureGSI/app/src/main/res/mipmap-mdpi...
[2026-08-24 02:51:13] [PROGRESS] resolve files> Scanning /mnt/c/Users/Sharof/AndroidStudioProjects/SecureGSI/app/src/main/res/mipmap-xhdpi...
[2026-08-24 02:51:13] [PROGRESS] resolve files> Scanning /mnt/c/Users/Sharof/AndroidStudioProjects/SecureGSI/app/src/main/res/mipmap-xxhdpi...
[2026-08-24 02:51:13] [PROGRESS] resolve files> Scanning /mnt/c/Users/Sharof/AndroidStudioProjects/SecureGSI/app/src/main/res/mipmap-xxxhdpi...
[2026-08-24 02:51:13] [PROGRESS] resolve files> Scanning /mnt/c/Users/Sharof/AndroidStudioProjects/SecureGSI/app/src/main/res/values...
[2026-08-24 02:51:13] [PROGRESS] resolve files> Scanning /mnt/c/Users/Sharof/AndroidStudioProjects/SecureGSI/app/src/main/res/xml...
[2026-08-24 02:51:13] [PROGRESS] resolve files> Scanning /mnt/c/Users/Sharof/AndroidStudioProjects/SecureGSI/app/src/test...
[2026-08-24 02:51:13] [PROGRESS] resolve files> Scanning /mnt/c/Users/Sharof/AndroidStudioProjects/SecureGSI/app/src/test/java...
[2026-08-24 02:51:13] [PROGRESS] resolve files> Scanning /mnt/c/Users/Sharof/AndroidStudioProjects/SecureGSI/app/src/test/java/com...
[2026-08-24 02:51:13] [PROGRESS] resolve files> Scanning /mnt/c/Users/Sharof/AndroidStudioProjects/SecureGSI/app/src/test/java/com/securegsi...
[2026-08-24 02:51:13] [PROGRESS] resolve files> Scanning /mnt/c/Users/Sharof/AndroidStudioProjects/SecureGSI/bootstrap...
[2026-08-24 02:51:13] [PROGRESS] resolve files> Scanning /mnt/c/Users/Sharof/AndroidStudioProjects/SecureGSI/build...
[2026-08-24 02:51:13] [PROGRESS] resolve files> Scanning /mnt/c/Users/Sharof/AndroidStudioProjects/SecureGSI/build/reports...
[2026-08-24 02:51:13] [PROGRESS] resolve files> Scanning /mnt/c/Users/Sharof/AndroidStudioProjects/SecureGSI/build/reports/configuration-cache...
[2026-08-24 02:51:13] [PROGRESS] resolve files> Scanning /mnt/c/Users/Sharof/AndroidStudioProjects/SecureGSI/build/reports/configuration-cache/20xzk2jeg1nh2w9y73evkmwhr...
[2026-08-24 02:51:13] [PROGRESS] resolve files> Scanning /mnt/c/Users/Sharof/AndroidStudioProjects/SecureGSI/build/reports/configuration-cache/20xzk2jeg1nh2w9y73evkmwhr/dwoczs72q82e850y0ywbj9ofl...
[2026-08-24 02:51:13] [PROGRESS] resolve files> Scanning /mnt/c/Users/Sharof/AndroidStudioProjects/SecureGSI/build/reports/configuration-cache/2704ltv8oos49sjn8av6tjfmr...
[2026-08-24 02:51:13] [PROGRESS] resolve files> Scanning /mnt/c/Users/Sharof/AndroidStudioProjects/SecureGSI/build/reports/configuration-cache/2704ltv8oos49sjn8av6tjfmr/1u5ewika7szw7g1dk5h3vxyhm...
[2026-08-24 02:51:13] [PROGRESS] resolve files> Scanning /mnt/c/Users/Sharof/AndroidStudioProjects/SecureGSI/build/reports/configuration-cache/2704ltv8oos49sjn8av6tjfmr/95lyo72znebye0x4u4f7dnstc...
[2026-08-24 02:51:13] [PROGRESS] resolve files> Scanning /mnt/c/Users/Sharof/AndroidStudioProjects/SecureGSI/build/reports/configuration-cache/3jji7lixinj2sv53ukcygiaul...
[2026-08-24 02:51:13] [PROGRESS] resolve files> Scanning /mnt/c/Users/Sharof/AndroidStudioProjects/SecureGSI/build/reports/configuration-cache/3jji7lixinj2sv53ukcygiaul/eipwr81d8wo53wf8pqshcsyp1...
[2026-08-24 02:51:13] [PROGRESS] resolve files> Scanning /mnt/c/Users/Sharof/AndroidStudioProjects/SecureGSI/build/reports/configuration-cache/4aoxjn1n001z8j6xpz3anz1s3...
[2026-08-24 02:51:13] [PROGRESS] resolve files> Scanning /mnt/c/Users/Sharof/AndroidStudioProjects/SecureGSI/build/reports/configuration-cache/4aoxjn1n001z8j6xpz3anz1s3/2seidntwxz1wvvs6e9m3crq4x...
[2026-08-24 02:51:13] [PROGRESS] resolve files> Scanning /mnt/c/Users/Sharof/AndroidStudioProjects/SecureGSI/build/reports/configuration-cache/56n2egfqkpaegnsqt60ds6erq...
[2026-08-24 02:51:13] [PROGRESS] resolve files> Scanning /mnt/c/Users/Sharof/AndroidStudioProjects/SecureGSI/build/reports/configuration-cache/56n2egfqkpaegnsqt60ds6erq/6nzhmpfh1wbhxaqspby6c30t7...
[2026-08-24 02:51:13] [PROGRESS] resolve files> Scanning /mnt/c/Users/Sharof/AndroidStudioProjects/SecureGSI/build/reports/configuration-cache/66d11oqs1u1abks0nfbopl7go...
[2026-08-24 02:51:13] [PROGRESS] resolve files> Scanning /mnt/c/Users/Sharof/AndroidStudioProjects/SecureGSI/build/reports/configuration-cache/66d11oqs1u1abks0nfbopl7go/1lqahpv1nqgyjj40puixzvsjk...
[2026-08-24 02:51:13] [PROGRESS] resolve files> Scanning /mnt/c/Users/Sharof/AndroidStudioProjects/SecureGSI/build/reports/configuration-cache/66d11oqs1u1abks0nfbopl7go/2lc9yer709ral1fu1nkmvz4y0...
[2026-08-24 02:51:13] [PROGRESS] resolve files> Scanning /mnt/c/Users/Sharof/AndroidStudioProjects/SecureGSI/build/reports/configuration-cache/66d11oqs1u1abks0nfbopl7go/4dvr3mv0pnsz4gbocsstpb5sr...
[2026-08-24 02:51:13] [PROGRESS] resolve files> Scanning /mnt/c/Users/Sharof/AndroidStudioProjects/SecureGSI/build/reports/configuration-cache/66d11oqs1u1abks0nfbopl7go/act2lmad9nc0fxuc2mfdyx60o...
[2026-08-24 02:51:13] [PROGRESS] resolve files> Scanning /mnt/c/Users/Sharof/AndroidStudioProjects/SecureGSI/build/reports/configuration-cache/96wn7kk408asai7159i397omj...
[2026-08-24 02:51:13] [PROGRESS] resolve files> Scanning /mnt/c/Users/Sharof/AndroidStudioProjects/SecureGSI/build/reports/configuration-cache/96wn7kk408asai7159i397omj/cczvi621nz9jbpwzf0hcp2d0k...
[2026-08-24 02:51:13] [PROGRESS] resolve files> Scanning /mnt/c/Users/Sharof/AndroidStudioProjects/SecureGSI/build/reports/configuration-cache/adyops5tl2ihspzlj1siv6grz...
[2026-08-24 02:51:13] [PROGRESS] resolve files> Scanning /mnt/c/Users/Sharof/AndroidStudioProjects/SecureGSI/build/reports/configuration-cache/adyops5tl2ihspzlj1siv6grz/14kjt76lxvdxgyc1m74nqqerx...
[2026-08-24 02:51:13] [PROGRESS] resolve files> Scanning /mnt/c/Users/Sharof/AndroidStudioProjects/SecureGSI/build/reports/configuration-cache/adyops5tl2ihspzlj1siv6grz/bltpr6flk0a55ky2zavdsbdn2...
[2026-08-24 02:51:13] [PROGRESS] resolve files> Scanning /mnt/c/Users/Sharof/AndroidStudioProjects/SecureGSI/build/reports/configuration-cache/bm1higls7qho4j0je9j6tofyl...
[2026-08-24 02:51:13] [PROGRESS] resolve files> Scanning /mnt/c/Users/Sharof/AndroidStudioProjects/SecureGSI/build/reports/configuration-cache/bm1higls7qho4j0je9j6tofyl/105u079y1fhh1i049okfimb2n...
[2026-08-24 02:51:13] [PROGRESS] resolve files> Scanning /mnt/c/Users/Sharof/AndroidStudioProjects/SecureGSI/build/reports/configuration-cache/dwj9de0t09rhywvadfobm0z6k...
[2026-08-24 02:51:13] [PROGRESS] resolve files> Scanning /mnt/c/Users/Sharof/AndroidStudioProjects/SecureGSI/build/reports/configuration-cache/dwj9de0t09rhywvadfobm0z6k/9vju3qux6gp273i38s48uyud8...
[2026-08-24 02:51:13] [PROGRESS] resolve files> Scanning /mnt/c/Users/Sharof/AndroidStudioProjects/SecureGSI/build/reports/problems...
[2026-08-24 02:51:13] [PROGRESS] resolve files> Scanning /mnt/c/Users/Sharof/AndroidStudioProjects/SecureGSI/codeql-db-kotlin...
[2026-08-24 02:51:13] [PROGRESS] resolve files> Scanning /mnt/c/Users/Sharof/AndroidStudioProjects/SecureGSI/codeql-db-kotlin/diagnostic...
[2026-08-24 02:51:13] [PROGRESS] resolve files> Scanning /mnt/c/Users/Sharof/AndroidStudioProjects/SecureGSI/codeql-db-kotlin/diagnostic/extractors...
[2026-08-24 02:51:13] [PROGRESS] resolve files> Scanning /mnt/c/Users/Sharof/AndroidStudioProjects/SecureGSI/codeql-db-kotlin/diagnostic/extractors/java...
[2026-08-24 02:51:13] [PROGRESS] resolve files> Scanning /mnt/c/Users/Sharof/AndroidStudioProjects/SecureGSI/codeql-db-kotlin/diagnostic/extractors/xml...
[2026-08-24 02:51:13] [PROGRESS] resolve files> Scanning /mnt/c/Users/Sharof/AndroidStudioProjects/SecureGSI/codeql-db-kotlin/diagnostic/tracer...
[2026-08-24 02:51:13] [PROGRESS] resolve files> Scanning /mnt/c/Users/Sharof/AndroidStudioProjects/SecureGSI/codeql-db-kotlin/log...
[2026-08-24 02:51:13] [PROGRESS] resolve files> Scanning /mnt/c/Users/Sharof/AndroidStudioProjects/SecureGSI/codeql-db-kotlin/src...
[2026-08-24 02:51:13] [PROGRESS] resolve files> Scanning /mnt/c/Users/Sharof/AndroidStudioProjects/SecureGSI/codeql-db-kotlin/src/mnt...
[2026-08-24 02:51:13] [PROGRESS] resolve files> Scanning /mnt/c/Users/Sharof/AndroidStudioProjects/SecureGSI/codeql-db-kotlin/src/mnt/c...
[2026-08-24 02:51:13] [PROGRESS] resolve files> Scanning /mnt/c/Users/Sharof/AndroidStudioProjects/SecureGSI/codeql-db-kotlin/src/mnt/c/Users...
[2026-08-24 02:51:13] [PROGRESS] resolve files> Scanning /mnt/c/Users/Sharof/AndroidStudioProjects/SecureGSI/codeql-db-kotlin/src/mnt/c/Users/Sharof...
[2026-08-24 02:51:13] [PROGRESS] resolve files> Scanning /mnt/c/Users/Sharof/AndroidStudioProjects/SecureGSI/codeql-db-kotlin/src/mnt/c/Users/Sharof/AndroidStudioProjects...
[2026-08-24 02:51:13] [PROGRESS] resolve files> Scanning /mnt/c/Users/Sharof/AndroidStudioProjects/SecureGSI/codeql-db-kotlin/src/mnt/c/Users/Sharof/AndroidStudioProjects/SecureGSI...
[2026-08-24 02:51:13] [PROGRESS] resolve files> Scanning /mnt/c/Users/Sharof/AndroidStudioProjects/SecureGSI/codeql-db-kotlin/src/mnt/c/Users/Sharof/AndroidStudioProjects/SecureGSI/.idea...
[2026-08-24 02:51:13] [PROGRESS] resolve files> Scanning /mnt/c/Users/Sharof/AndroidStudioProjects/SecureGSI/codeql-db-kotlin/src/mnt/c/Users/Sharof/AndroidStudioProjects/SecureGSI/.idea/caches...
[2026-08-24 02:51:13] [PROGRESS] resolve files> Scanning /mnt/c/Users/Sharof/AndroidStudioProjects/SecureGSI/codeql-db-kotlin/src/mnt/c/Users/Sharof/AndroidStudioProjects/SecureGSI/.idea/inspectionProfiles...
[2026-08-24 02:51:13] [PROGRESS] resolve files> Scanning /mnt/c/Users/Sharof/AndroidStudioProjects/SecureGSI/codeql-db-kotlin/src/mnt/c/Users/Sharof/AndroidStudioProjects/SecureGSI/app...
[2026-08-24 02:51:13] [PROGRESS] resolve files> Scanning /mnt/c/Users/Sharof/AndroidStudioProjects/SecureGSI/codeql-db-kotlin/src/mnt/c/Users/Sharof/AndroidStudioProjects/SecureGSI/app/.idea...
[2026-08-24 02:51:13] [PROGRESS] resolve files> Scanning /mnt/c/Users/Sharof/AndroidStudioProjects/SecureGSI/codeql-db-kotlin/src/mnt/c/Users/Sharof/AndroidStudioProjects/SecureGSI/app/.idea/caches...
[2026-08-24 02:51:13] [PROGRESS] resolve files> Scanning /mnt/c/Users/Sharof/AndroidStudioProjects/SecureGSI/codeql-db-kotlin/src/mnt/c/Users/Sharof/AndroidStudioProjects/SecureGSI/app/build...
[2026-08-24 02:51:13] [PROGRESS] resolve files> Scanning /mnt/c/Users/Sharof/AndroidStudioProjects/SecureGSI/codeql-db-kotlin/src/mnt/c/Users/Sharof/AndroidStudioProjects/SecureGSI/app/build/intermediates...
[2026-08-24 02:51:13] [PROGRESS] resolve files> Scanning /mnt/c/Users/Sharof/AndroidStudioProjects/SecureGSI/codeql-db-kotlin/src/mnt/c/Users/Sharof/AndroidStudioProjects/SecureGSI/app/build/intermediates/incremental...
[2026-08-24 02:51:13] [PROGRESS] resolve files> Scanning /mnt/c/Users/Sharof/AndroidStudioProjects/SecureGSI/codeql-db-kotlin/src/mnt/c/Users/Sharof/AndroidStudioProjects/SecureGSI/app/build/intermediates/incremental/debug...
[2026-08-24 02:51:13] [PROGRESS] resolve files> Scanning /mnt/c/Users/Sharof/AndroidStudioProjects/SecureGSI/codeql-db-kotlin/src/mnt/c/Users/Sharof/AndroidStudioProjects/SecureGSI/app/build/intermediates/incremental/debug/packageDebugResources...
[2026-08-24 02:51:13] [PROGRESS] resolve files> Scanning /mnt/c/Users/Sharof/AndroidStudioProjects/SecureGSI/codeql-db-kotlin/src/mnt/c/Users/Sharof/AndroidStudioProjects/SecureGSI/app/build/intermediates/incremental/debug/packageDebugResources/merged.dir...
[2026-08-24 02:51:13] [PROGRESS] resolve files> Scanning /mnt/c/Users/Sharof/AndroidStudioProjects/SecureGSI/codeql-db-kotlin/src/mnt/c/Users/Sharof/AndroidStudioProjects/SecureGSI/app/build/intermediates/incremental/debug/packageDebugResources/merged.dir/values...
[2026-08-24 02:51:13] [PROGRESS] resolve files> Scanning /mnt/c/Users/Sharof/AndroidStudioProjects/SecureGSI/codeql-db-kotlin/src/mnt/c/Users/Sharof/AndroidStudioProjects/SecureGSI/app/build/intermediates/packaged_res...
[2026-08-24 02:51:13] [PROGRESS] resolve files> Scanning /mnt/c/Users/Sharof/AndroidStudioProjects/SecureGSI/codeql-db-kotlin/src/mnt/c/Users/Sharof/AndroidStudioProjects/SecureGSI/app/build/intermediates/packaged_res/debug...
[2026-08-24 02:51:13] [PROGRESS] resolve files> Scanning /mnt/c/Users/Sharof/AndroidStudioProjects/SecureGSI/codeql-db-kotlin/src/mnt/c/Users/Sharof/AndroidStudioProjects/SecureGSI/app/build/intermediates/packaged_res/debug/packageDebugResources...
[2026-08-24 02:51:13] [PROGRESS] resolve files> Scanning /mnt/c/Users/Sharof/AndroidStudioProjects/SecureGSI/codeql-db-kotlin/src/mnt/c/Users/Sharof/AndroidStudioProjects/SecureGSI/app/build/intermediates/packaged_res/debug/packageDebugResources/drawable...
[2026-08-24 02:51:13] [PROGRESS] resolve files> Scanning /mnt/c/Users/Sharof/AndroidStudioProjects/SecureGSI/codeql-db-kotlin/src/mnt/c/Users/Sharof/AndroidStudioProjects/SecureGSI/app/build/intermediates/packaged_res/debug/packageDebugResources/mipmap-anydpi-v4...
[2026-08-24 02:51:13] [PROGRESS] resolve files> Scanning /mnt/c/Users/Sharof/AndroidStudioProjects/SecureGSI/codeql-db-kotlin/src/mnt/c/Users/Sharof/AndroidStudioProjects/SecureGSI/app/build/intermediates/packaged_res/debug/packageDebugResources/values...
[2026-08-24 02:51:13] [PROGRESS] resolve files> Scanning /mnt/c/Users/Sharof/AndroidStudioProjects/SecureGSI/codeql-db-kotlin/src/mnt/c/Users/Sharof/AndroidStudioProjects/SecureGSI/app/build/intermediates/packaged_res/debug/packageDebugResources/xml...
[2026-08-24 02:51:13] [PROGRESS] resolve files> Scanning /mnt/c/Users/Sharof/AndroidStudioProjects/SecureGSI/codeql-db-kotlin/src/mnt/c/Users/Sharof/AndroidStudioProjects/SecureGSI/app/src...
[2026-08-24 02:51:13] [PROGRESS] resolve files> Scanning /mnt/c/Users/Sharof/AndroidStudioProjects/SecureGSI/codeql-db-kotlin/src/mnt/c/Users/Sharof/AndroidStudioProjects/SecureGSI/app/src/main...
[2026-08-24 02:51:13] [PROGRESS] resolve files> Scanning /mnt/c/Users/Sharof/AndroidStudioProjects/SecureGSI/codeql-db-kotlin/src/mnt/c/Users/Sharof/AndroidStudioProjects/SecureGSI/app/src/main/java...
[2026-08-24 02:51:13] [PROGRESS] resolve files> Scanning /mnt/c/Users/Sharof/AndroidStudioProjects/SecureGSI/codeql-db-kotlin/src/mnt/c/Users/Sharof/AndroidStudioProjects/SecureGSI/app/src/main/java/com...
[2026-08-24 02:51:13] [PROGRESS] resolve files> Scanning /mnt/c/Users/Sharof/AndroidStudioProjects/SecureGSI/codeql-db-kotlin/src/mnt/c/Users/Sharof/AndroidStudioProjects/SecureGSI/app/src/main/java/com/securegsi...
[2026-08-24 02:51:13] [PROGRESS] resolve files> Scanning /mnt/c/Users/Sharof/AndroidStudioProjects/SecureGSI/codeql-db-kotlin/src/mnt/c/Users/Sharof/AndroidStudioProjects/SecureGSI/app/src/main/java/com/securegsi/.idea...
[2026-08-24 02:51:13] [PROGRESS] resolve files> Scanning /mnt/c/Users/Sharof/AndroidStudioProjects/SecureGSI/codeql-db-kotlin/src/mnt/c/Users/Sharof/AndroidStudioProjects/SecureGSI/app/src/main/java/com/securegsi/.idea/caches...
[2026-08-24 02:51:13] [PROGRESS] resolve files> Scanning /mnt/c/Users/Sharof/AndroidStudioProjects/SecureGSI/codeql-db-kotlin/src/mnt/c/Users/Sharof/AndroidStudioProjects/SecureGSI/app/src/main/java/com/securegsi/ui...
[2026-08-24 02:51:13] [PROGRESS] resolve files> Scanning /mnt/c/Users/Sharof/AndroidStudioProjects/SecureGSI/codeql-db-kotlin/src/mnt/c/Users/Sharof/AndroidStudioProjects/SecureGSI/app/src/main/java/com/securegsi/ui/theme...
[2026-08-24 02:51:13] [PROGRESS] resolve files> Scanning /mnt/c/Users/Sharof/AndroidStudioProjects/SecureGSI/codeql-db-kotlin/src/mnt/c/Users/Sharof/AndroidStudioProjects/SecureGSI/app/src/main/res...
[2026-08-24 02:51:13] [PROGRESS] resolve files> Scanning /mnt/c/Users/Sharof/AndroidStudioProjects/SecureGSI/codeql-db-kotlin/src/mnt/c/Users/Sharof/AndroidStudioProjects/SecureGSI/app/src/main/res/drawable...
[2026-08-24 02:51:13] [PROGRESS] resolve files> Scanning /mnt/c/Users/Sharof/AndroidStudioProjects/SecureGSI/codeql-db-kotlin/src/mnt/c/Users/Sharof/AndroidStudioProjects/SecureGSI/app/src/main/res/mipmap-anydpi...
[2026-08-24 02:51:13] [PROGRESS] resolve files> Scanning /mnt/c/Users/Sharof/AndroidStudioProjects/SecureGSI/codeql-db-kotlin/src/mnt/c/Users/Sharof/AndroidStudioProjects/SecureGSI/app/src/main/res/values...
[2026-08-24 02:51:13] [PROGRESS] resolve files> Scanning /mnt/c/Users/Sharof/AndroidStudioProjects/SecureGSI/codeql-db-kotlin/src/mnt/c/Users/Sharof/AndroidStudioProjects/SecureGSI/app/src/main/res/xml...
[2026-08-24 02:51:13] [PROGRESS] resolve files> Scanning /mnt/c/Users/Sharof/AndroidStudioProjects/SecureGSI/codeql-db-kotlin/trap...
[2026-08-24 02:51:13] [PROGRESS] resolve files> Scanning /mnt/c/Users/Sharof/AndroidStudioProjects/SecureGSI/codeql-db-kotlin/trap/java...
[2026-08-24 02:51:13] [PROGRESS] resolve files> Scanning /mnt/c/Users/Sharof/AndroidStudioProjects/SecureGSI/codeql-db-kotlin/trap/java/classes...
[2026-08-24 02:51:13] [PROGRESS] resolve files> Scanning /mnt/c/Users/Sharof/AndroidStudioProjects/SecureGSI/codeql-db-kotlin/trap/java/classes/android...
[2026-08-24 02:51:13] [PROGRESS] resolve files> Scanning /mnt/c/Users/Sharof/AndroidStudioProjects/SecureGSI/codeql-db-kotlin/trap/java/classes/android/accounts...
[2026-08-24 02:51:13] [PROGRESS] resolve files> Scanning /mnt/c/Users/Sharof/AndroidStudioProjects/SecureGSI/codeql-db-kotlin/trap/java/classes/android/accounts/Account.members...
[2026-08-24 02:51:13] [PROGRESS] resolve files> Scanning /mnt/c/Users/Sharof/AndroidStudioProjects/SecureGSI/codeql-db-kotlin/trap/java/classes/android/animation...
[2026-08-24 02:51:13] [PROGRESS] resolve files> Scanning /mnt/c/Users/Sharof/AndroidStudioProjects/SecureGSI/codeql-db-kotlin/trap/java/classes/android/animation/Animator$AnimatorListener.members...
[2026-08-24 02:51:13] [PROGRESS] resolve files> Scanning /mnt/c/Users/Sharof/AndroidStudioProjects/SecureGSI/codeql-db-kotlin/trap/java/classes/android/animation/Animator$AnimatorPauseListener.members...
[2026-08-24 02:51:13] [PROGRESS] resolve files> Scanning /mnt/c/Users/Sharof/AndroidStudioProjects/SecureGSI/codeql-db-kotlin/trap/java/classes/android/animation/Animator.members...
[2026-08-24 02:51:13] [PROGRESS] resolve files> Scanning /mnt/c/Users/Sharof/AndroidStudioProjects/SecureGSI/codeql-db-kotlin/trap/java/classes/android/animation/Keyframe.members...
[2026-08-24 02:51:13] [PROGRESS] resolve files> Scanning /mnt/c/Users/Sharof/AndroidStudioProjects/SecureGSI/codeql-db-kotlin/trap/java/classes/android/animation/LayoutTransition$TransitionListener.members...
[2026-08-24 02:51:13] [PROGRESS] resolve files> Scanning /mnt/c/Users/Sharof/AndroidStudioProjects/SecureGSI/codeql-db-kotlin/trap/java/classes/android/animation/LayoutTransition.members...
[2026-08-24 02:51:14] [PROGRESS] resolve files> Scanning /mnt/c/Users/Sharof/AndroidStudioProjects/SecureGSI/codeql-db-kotlin/trap/java/classes/android/animation/PropertyValuesHolder.members...
[2026-08-24 02:51:14] [PROGRESS] resolve files> Scanning /mnt/c/Users/Sharof/AndroidStudioProjects/SecureGSI/codeql-db-kotlin/trap/java/classes/android/animation/StateListAnimator.members...
[2026-08-24 02:51:14] [PROGRESS] resolve files> Scanning /mnt/c/Users/Sharof/AndroidStudioProjects/SecureGSI/codeql-db-kotlin/trap/java/classes/android/animation/TimeInterpolator.members...
[2026-08-24 02:51:14] [PROGRESS] resolve files> Scanning /mnt/c/Users/Sharof/AndroidStudioProjects/SecureGSI/codeql-db-kotlin/trap/java/classes/android/animation/TypeConverter.members...
[2026-08-24 02:51:14] [PROGRESS] resolve files> Scanning /mnt/c/Users/Sharof/AndroidStudioProjects/SecureGSI/codeql-db-kotlin/trap/java/classes/android/animation/TypeEvaluator.members...
[2026-08-24 02:51:14] [PROGRESS] resolve files> Scanning /mnt/c/Users/Sharof/AndroidStudioProjects/SecureGSI/codeql-db-kotlin/trap/java/classes/android/animation/ValueAnimator$AnimatorUpdateListener.members...
[2026-08-24 02:51:14] [PROGRESS] resolve files> Scanning /mnt/c/Users/Sharof/AndroidStudioProjects/SecureGSI/codeql-db-kotlin/trap/java/classes/android/animation/ValueAnimator$DurationScaleChangeListener.members...
[2026-08-24 02:51:14] [PROGRESS] resolve files> Scanning /mnt/c/Users/Sharof/AndroidStudioProjects/SecureGSI/codeql-db-kotlin/trap/java/classes/android/animation/ValueAnimator.members...
[2026-08-24 02:51:14] [PROGRESS] resolve files> Scanning /mnt/c/Users/Sharof/AndroidStudioProjects/SecureGSI/codeql-db-kotlin/trap/java/classes/android/annotation...
[2026-08-24 02:51:14] [PROGRESS] resolve files> Scanning /mnt/c/Users/Sharof/AndroidStudioProjects/SecureGSI/codeql-db-kotlin/trap/java/classes/android/annotation/NonNull.members...
[2026-08-24 02:51:14] [PROGRESS] resolve files> Scanning /mnt/c/Users/Sharof/AndroidStudioProjects/SecureGSI/codeql-db-kotlin/trap/java/classes/android/annotation/Nullable.members...
[2026-08-24 02:51:14] [PROGRESS] resolve files> Scanning /mnt/c/Users/Sharof/AndroidStudioProjects/SecureGSI/codeql-db-kotlin/trap/java/classes/android/annotation/SuppressLint.members...
[2026-08-24 02:51:14] [PROGRESS] resolve files> Scanning /mnt/c/Users/Sharof/AndroidStudioProjects/SecureGSI/codeql-db-kotlin/trap/java/classes/android/app...
[2026-08-24 02:51:14] [PROGRESS] resolve files> Scanning /mnt/c/Users/Sharof/AndroidStudioProjects/SecureGSI/codeql-db-kotlin/trap/java/classes/android/app/ActionBar$LayoutParams.members...
[2026-08-24 02:51:14] [PROGRESS] resolve files> Scanning /mnt/c/Users/Sharof/AndroidStudioProjects/SecureGSI/codeql-db-kotlin/trap/java/classes/android/app/ActionBar$OnMenuVisibilityListener.members...
[2026-08-24 02:51:14] [PROGRESS] resolve files> Scanning /mnt/c/Users/Sharof/AndroidStudioProjects/SecureGSI/codeql-db-kotlin/trap/java/classes/android/app/ActionBar$OnNavigationListener.members...
[2026-08-24 02:51:14] [PROGRESS] resolve files> Scanning /mnt/c/Users/Sharof/AndroidStudioProjects/SecureGSI/codeql-db-kotlin/trap/java/classes/android/app/ActionBar$Tab.members...
[2026-08-24 02:51:14] [PROGRESS] resolve files> Scanning /mnt/c/Users/Sharof/AndroidStudioProjects/SecureGSI/codeql-db-kotlin/trap/java/classes/android/app/ActionBar$TabListener.members...
[2026-08-24 02:51:14] [PROGRESS] resolve files> Scanning /mnt/c/Users/Sharof/AndroidStudioProjects/SecureGSI/codeql-db-kotlin/trap/java/classes/android/app/ActionBar.members...
[2026-08-24 02:51:14] [PROGRESS] resolve files> Scanning /mnt/c/Users/Sharof/AndroidStudioProjects/SecureGSI/codeql-db-kotlin/trap/java/classes/android/app/Activity$ScreenCaptureCallback.members...
[2026-08-24 02:51:14] [PROGRESS] resolve files> Scanning /mnt/c/Users/Sharof/AndroidStudioProjects/SecureGSI/codeql-db-kotlin/trap/java/classes/android/app/Activity.members...
[2026-08-24 02:51:14] [PROGRESS] resolve files> Scanning /mnt/c/Users/Sharof/AndroidStudioProjects/SecureGSI/codeql-db-kotlin/trap/java/classes/android/app/ActivityManager$AppTask.members...
[2026-08-24 02:51:14] [PROGRESS] resolve files> Scanning /mnt/c/Users/Sharof/AndroidStudioProjects/SecureGSI/codeql-db-kotlin/trap/java/classes/android/app/ActivityManager$MemoryInfo.members...
[2026-08-24 02:51:14] [PROGRESS] resolve files> Scanning /mnt/c/Users/Sharof/AndroidStudioProjects/SecureGSI/codeql-db-kotlin/trap/java/classes/android/app/ActivityManager$ProcessErrorStateInfo.members...
[2026-08-24 02:51:14] [PROGRESS] resolve files> Scanning /mnt/c/Users/Sharof/AndroidStudioProjects/SecureGSI/codeql-db-kotlin/trap/java/classes/android/app/ActivityManager$RecentTaskInfo.members...
[2026-08-24 02:51:14] [PROGRESS] resolve files> Scanning /mnt/c/Users/Sharof/AndroidStudioProjects/SecureGSI/codeql-db-kotlin/trap/java/classes/android/app/ActivityManager$RunningAppProcessInfo.members...
[2026-08-24 02:51:14] [PROGRESS] resolve files> Scanning /mnt/c/Users/Sharof/AndroidStudioProjects/SecureGSI/codeql-db-kotlin/trap/java/classes/android/app/ActivityManager$RunningServiceInfo.members...
[2026-08-24 02:51:14] [PROGRESS] resolve files> Scanning /mnt/c/Users/Sharof/AndroidStudioProjects/SecureGSI/codeql-db-kotlin/trap/java/classes/android/app/ActivityManager$RunningTaskInfo.members...
[2026-08-24 02:51:14] [PROGRESS] resolve files> Scanning /mnt/c/Users/Sharof/AndroidStudioProjects/SecureGSI/codeql-db-kotlin/trap/java/classes/android/app/ActivityManager$TaskDescription$Builder.members...
[2026-08-24 02:51:14] [PROGRESS] resolve files> Scanning /mnt/c/Users/Sharof/AndroidStudioProjects/SecureGSI/codeql-db-kotlin/trap/java/classes/android/app/ActivityManager$TaskDescription.members...
[2026-08-24 02:51:14] [PROGRESS] resolve files> Scanning /mnt/c/Users/Sharof/AndroidStudioProjects/SecureGSI/codeql-db-kotlin/trap/java/classes/android/app/ActivityManager.members...
[2026-08-24 02:51:14] [PROGRESS] resolve files> Scanning /mnt/c/Users/Sharof/AndroidStudioProjects/SecureGSI/codeql-db-kotlin/trap/java/classes/android/app/AnrWarningResult.members...
[2026-08-24 02:51:14] [PROGRESS] resolve files> Scanning /mnt/c/Users/Sharof/AndroidStudioProjects/SecureGSI/codeql-db-kotlin/trap/java/classes/android/app/Application$ActivityLifecycleCallbacks.members...
[2026-08-24 02:51:14] [PROGRESS] resolve files> Scanning /mnt/c/Users/Sharof/AndroidStudioProjects/SecureGSI/codeql-db-kotlin/trap/java/classes/android/app/Application$OnProvideAssistDataListener.members...
[2026-08-24 02:51:14] [PROGRESS] resolve files> Scanning /mnt/c/Users/Sharof/AndroidStudioProjects/SecureGSI/codeql-db-kotlin/trap/java/classes/android/app/Application.members...
[2026-08-24 02:51:14] [PROGRESS] resolve files> Scanning /mnt/c/Users/Sharof/AndroidStudioProjects/SecureGSI/codeql-db-kotlin/trap/java/classes/android/app/ApplicationExitInfo$AnrInfo.members...
[2026-08-24 02:51:14] [PROGRESS] resolve files> Scanning /mnt/c/Users/Sharof/AndroidStudioProjects/SecureGSI/codeql-db-kotlin/trap/java/classes/android/app/ApplicationExitInfo.members...
[2026-08-24 02:51:14] [PROGRESS] resolve files> Scanning /mnt/c/Users/Sharof/AndroidStudioProjects/SecureGSI/codeql-db-kotlin/trap/java/classes/android/app/ApplicationStartInfo.members...
[2026-08-24 02:51:14] [PROGRESS] resolve files> Scanning /mnt/c/Users/Sharof/AndroidStudioProjects/SecureGSI/codeql-db-kotlin/trap/java/classes/android/app/assist...
[2026-08-24 02:51:14] [PROGRESS] resolve files> Scanning /mnt/c/Users/Sharof/AndroidStudioProjects/SecureGSI/codeql-db-kotlin/trap/java/classes/android/app/assist/AssistContent.members...
[2026-08-24 02:51:14] [PROGRESS] resolve files> Scanning /mnt/c/Users/Sharof/AndroidStudioProjects/SecureGSI/codeql-db-kotlin/trap/java/classes/android/app/ComponentCaller.members...
[2026-08-24 02:51:14] [PROGRESS] resolve files> Scanning /mnt/c/Users/Sharof/AndroidStudioProjects/SecureGSI/codeql-db-kotlin/trap/java/classes/android/app/Dialog.members...
[2026-08-24 02:51:14] [PROGRESS] resolve files> Scanning /mnt/c/Users/Sharof/AndroidStudioProjects/SecureGSI/codeql-db-kotlin/trap/java/classes/android/app/DirectAction$Builder.members...
[2026-08-24 02:51:14] [PROGRESS] resolve files> Scanning /mnt/c/Users/Sharof/AndroidStudioProjects/SecureGSI/codeql-db-kotlin/trap/java/classes/android/app/DirectAction.members...
[2026-08-24 02:51:14] [PROGRESS] resolve files> Scanning /mnt/c/Users/Sharof/AndroidStudioProjects/SecureGSI/codeql-db-kotlin/trap/java/classes/android/app/Fragment$InstantiationException.members...
[2026-08-24 02:51:14] [PROGRESS] resolve files> Scanning /mnt/c/Users/Sharof/AndroidStudioProjects/SecureGSI/codeql-db-kotlin/trap/java/classes/android/app/Fragment$SavedState.members...
[2026-08-24 02:51:14] [PROGRESS] resolve files> Scanning /mnt/c/Users/Sharof/AndroidStudioProjects/SecureGSI/codeql-db-kotlin/trap/java/classes/android/app/Fragment.members...
[2026-08-24 02:51:14] [PROGRESS] resolve files> Scanning /mnt/c/Users/Sharof/AndroidStudioProjects/SecureGSI/codeql-db-kotlin/trap/java/classes/android/app/FragmentManager$BackStackEntry.members...
[2026-08-24 02:51:14] [PROGRESS] resolve files> Scanning /mnt/c/Users/Sharof/AndroidStudioProjects/SecureGSI/codeql-db-kotlin/trap/java/classes/android/app/FragmentManager$FragmentLifecycleCallbacks.members...
[2026-08-24 02:51:14] [PROGRESS] resolve files> Scanning /mnt/c/Users/Sharof/AndroidStudioProjects/SecureGSI/codeql-db-kotlin/trap/java/classes/android/app/FragmentManager$OnBackStackChangedListener.members...
[2026-08-24 02:51:14] [PROGRESS] resolve files> Scanning /mnt/c/Users/Sharof/AndroidStudioProjects/SecureGSI/codeql-db-kotlin/trap/java/classes/android/app/FragmentManager.members...
[2026-08-24 02:51:14] [PROGRESS] resolve files> Scanning /mnt/c/Users/Sharof/AndroidStudioProjects/SecureGSI/codeql-db-kotlin/trap/java/classes/android/app/FragmentTransaction.members...
[2026-08-24 02:51:14] [PROGRESS] resolve files> Scanning /mnt/c/Users/Sharof/AndroidStudioProjects/SecureGSI/codeql-db-kotlin/trap/java/classes/android/app/HandoffActivityData$Builder.members...
[2026-08-24 02:51:14] [PROGRESS] resolve files> Scanning /mnt/c/Users/Sharof/AndroidStudioProjects/SecureGSI/codeql-db-kotlin/trap/java/classes/android/app/HandoffActivityData.members...
[2026-08-24 02:51:14] [PROGRESS] resolve files> Scanning /mnt/c/Users/Sharof/AndroidStudioProjects/SecureGSI/codeql-db-kotlin/trap/java/classes/android/app/HandoffActivityDataRequestInfo.members...
[2026-08-24 02:51:14] [PROGRESS] resolve files> Scanning /mnt/c/Users/Sharof/AndroidStudioProjects/SecureGSI/codeql-db-kotlin/trap/java/classes/android/app/HandoffActivityParams$Builder.members...
[2026-08-24 02:51:14] [PROGRESS] resolve files> Scanning /mnt/c/Users/Sharof/AndroidStudioProjects/SecureGSI/codeql-db-kotlin/trap/java/classes/android/app/HandoffActivityParams.members...
[2026-08-24 02:51:14] [PROGRESS] resolve files> Scanning /mnt/c/Users/Sharof/AndroidStudioProjects/SecureGSI/codeql-db-kotlin/trap/java/classes/android/app/jank...
[2026-08-24 02:51:14] [PROGRESS] resolve files> Scanning /mnt/c/Users/Sharof/AndroidStudioProjects/SecureGSI/codeql-db-kotlin/trap/java/classes/android/app/jank/AppJankStats.members...
[2026-08-24 02:51:14] [PROGRESS] resolve files> Scanning /mnt/c/Users/Sharof/AndroidStudioProjects/SecureGSI/codeql-db-kotlin/trap/java/classes/android/app/jank/RelativeFrameTimeHistogram.members...
[2026-08-24 02:51:14] [PROGRESS] resolve files> Scanning /mnt/c/Users/Sharof/AndroidStudioProjects/SecureGSI/codeql-db-kotlin/trap/java/classes/android/app/LoaderManager$LoaderCallbacks.members...
[2026-08-24 02:51:14] [PROGRESS] resolve files> Scanning /mnt/c/Users/Sharof/AndroidStudioProjects/SecureGSI/codeql-db-kotlin/trap/java/classes/android/app/LoaderManager.members...
[2026-08-24 02:51:14] [PROGRESS] resolve files> Scanning /mnt/c/Users/Sharof/AndroidStudioProjects/SecureGSI/codeql-db-kotlin/trap/java/classes/android/app/Notification$Action$Builder.members...
[2026-08-24 02:51:14] [PROGRESS] resolve files> Scanning /mnt/c/Users/Sharof/AndroidStudioProjects/SecureGSI/codeql-db-kotlin/trap/java/classes/android/app/Notification$Action$Extender.members...
[2026-08-24 02:51:14] [PROGRESS] resolve files> Scanning /mnt/c/Users/Sharof/AndroidStudioProjects/SecureGSI/codeql-db-kotlin/trap/java/classes/android/app/Notification$Action$WearableExtender.members...
[2026-08-24 02:51:14] [PROGRESS] resolve files> Scanning /mnt/c/Users/Sharof/AndroidStudioProjects/SecureGSI/codeql-db-kotlin/trap/java/classes/android/app/Notification$Action.members...
[2026-08-24 02:51:14] [PROGRESS] resolve files> Scanning /mnt/c/Users/Sharof/AndroidStudioProjects/SecureGSI/codeql-db-kotlin/trap/java/classes/android/app/Notification$BigPictureStyle.members...
[2026-08-24 02:51:14] [PROGRESS] resolve files> Scanning /mnt/c/Users/Sharof/AndroidStudioProjects/SecureGSI/codeql-db-kotlin/trap/java/classes/android/app/Notification$BigTextStyle.members...
[2026-08-24 02:51:14] [PROGRESS] resolve files> Scanning /mnt/c/Users/Sharof/AndroidStudioProjects/SecureGSI/codeql-db-kotlin/trap/java/classes/android/app/Notification$BridgedNotificationMetadata.members...
[2026-08-24 02:51:14] [PROGRESS] resolve files> Scanning /mnt/c/Users/Sharof/AndroidStudioProjects/SecureGSI/codeql-db-kotlin/trap/java/classes/android/app/Notification$BubbleMetadata$Builder.members...
[2026-08-24 02:51:14] [PROGRESS] resolve files> Scanning /mnt/c/Users/Sharof/AndroidStudioProjects/SecureGSI/codeql-db-kotlin/trap/java/classes/android/app/Notification$BubbleMetadata.members...
[2026-08-24 02:51:14] [PROGRESS] resolve files> Scanning /mnt/c/Users/Sharof/AndroidStudioProjects/SecureGSI/codeql-db-kotlin/trap/java/classes/android/app/Notification$Builder.members...
[2026-08-24 02:51:14] [PROGRESS] resolve files> Scanning /mnt/c/Users/Sharof/AndroidStudioProjects/SecureGSI/codeql-db-kotlin/trap/java/classes/android/app/Notification$CallStyle.members...
[2026-08-24 02:51:14] [PROGRESS] resolve files> Scanning /mnt/c/Users/Sharof/AndroidStudioProjects/SecureGSI/codeql-db-kotlin/trap/java/classes/android/app/Notification$CarExtender$Builder.members...
[2026-08-24 02:51:14] [PROGRESS] resolve files> Scanning /mnt/c/Users/Sharof/AndroidStudioProjects/SecureGSI/codeql-db-kotlin/trap/java/classes/android/app/Notification$CarExtender$UnreadConversation.members...
[2026-08-24 02:51:14] [PROGRESS] resolve files> Scanning /mnt/c/Users/Sharof/AndroidStudioProjects/SecureGSI/codeql-db-kotlin/trap/java/classes/android/app/Notification$CarExtender.members...
[2026-08-24 02:51:14] [PROGRESS] resolve files> Scanning /mnt/c/Users/Sharof/AndroidStudioProjects/SecureGSI/codeql-db-kotlin/trap/java/classes/android/app/Notification$DecoratedCustomViewStyle.members...
[2026-08-24 02:51:14] [PROGRESS] resolve files> Scanning /mnt/c/Users/Sharof/AndroidStudioProjects/SecureGSI/codeql-db-kotlin/trap/java/classes/android/app/Notification$DecoratedMediaCustomViewStyle.members...
[2026-08-24 02:51:14] [PROGRESS] resolve files> Scanning /mnt/c/Users/Sharof/AndroidStudioProjects/SecureGSI/codeql-db-kotlin/trap/java/classes/android/app/Notification$Extender.members...
[2026-08-24 02:51:14] [PROGRESS] resolve files> Scanning /mnt/c/Users/Sharof/AndroidStudioProjects/SecureGSI/codeql-db-kotlin/trap/java/classes/android/app/Notification$InboxStyle.members...
[2026-08-24 02:51:14] [PROGRESS] resolve files> Scanning /mnt/c/Users/Sharof/AndroidStudioProjects/SecureGSI/codeql-db-kotlin/trap/java/classes/android/app/Notification$MediaStyle.members...
[2026-08-24 02:51:14] [PROGRESS] resolve files> Scanning /mnt/c/Users/Sharof/AndroidStudioProjects/SecureGSI/codeql-db-kotlin/trap/java/classes/android/app/Notification$MessagingStyle$Message.members...
[2026-08-24 02:51:14] [PROGRESS] resolve files> Scanning /mnt/c/Users/Sharof/AndroidStudioProjects/SecureGSI/codeql-db-kotlin/trap/java/classes/android/app/Notification$MessagingStyle.members...
[2026-08-24 02:51:14] [PROGRESS] resolve files> Scanning /mnt/c/Users/Sharof/AndroidStudioProjects/SecureGSI/codeql-db-kotlin/trap/java/classes/android/app/Notification$Metric$FixedDate.members...
[2026-08-24 02:51:14] [PROGRESS] resolve files> Scanning /mnt/c/Users/Sharof/AndroidStudioProjects/SecureGSI/codeql-db-kotlin/trap/java/classes/android/app/Notification$Metric$FixedFloat.members...
[2026-08-24 02:51:14] [PROGRESS] resolve files> Scanning /mnt/c/Users/Sharof/AndroidStudioProjects/SecureGSI/codeql-db-kotlin/trap/java/classes/android/app/Notification$Metric$FixedInt.members...
[2026-08-24 02:51:14] [PROGRESS] resolve files> Scanning /mnt/c/Users/Sharof/AndroidStudioProjects/SecureGSI/codeql-db-kotlin/trap/java/classes/android/app/Notification$Metric$FixedText.members...
[2026-08-24 02:51:14] [PROGRESS] resolve files> Scanning /mnt/c/Users/Sharof/AndroidStudioProjects/SecureGSI/codeql-db-kotlin/trap/java/classes/android/app/Notification$Metric$FixedTime.members...
[2026-08-24 02:51:14] [PROGRESS] resolve files> Scanning /mnt/c/Users/Sharof/AndroidStudioProjects/SecureGSI/codeql-db-kotlin/trap/java/classes/android/app/Notification$Metric$MetricValue.members...
[2026-08-24 02:51:14] [PROGRESS] resolve files> Scanning /mnt/c/Users/Sharof/AndroidStudioProjects/SecureGSI/codeql-db-kotlin/trap/java/classes/android/app/Notification$Metric$TimeDifference.members...
[2026-08-24 02:51:14] [PROGRESS] resolve files> Scanning /mnt/c/Users/Sharof/AndroidStudioProjects/SecureGSI/codeql-db-kotlin/trap/java/classes/android/app/Notification$Metric.members...
[2026-08-24 02:51:14] [PROGRESS] resolve files> Scanning /mnt/c/Users/Sharof/AndroidStudioProjects/SecureGSI/codeql-db-kotlin/trap/java/classes/android/app/Notification$MetricStyle.members...
[2026-08-24 02:51:14] [PROGRESS] resolve files> Scanning /mnt/c/Users/Sharof/AndroidStudioProjects/SecureGSI/codeql-db-kotlin/trap/java/classes/android/app/Notification$ProgressStyle$Point.members...
[2026-08-24 02:51:14] [PROGRESS] resolve files> Scanning /mnt/c/Users/Sharof/AndroidStudioProjects/SecureGSI/codeql-db-kotlin/trap/java/classes/android/app/Notification$ProgressStyle$Segment.members...
[2026-08-24 02:51:14] [PROGRESS] resolve files> Scanning /mnt/c/Users/Sharof/AndroidStudioProjects/SecureGSI/codeql-db-kotlin/trap/java/classes/android/app/Notification$ProgressStyle.members...
[2026-08-24 02:51:14] [PROGRESS] resolve files> Scanning /mnt/c/Users/Sharof/AndroidStudioProjects/SecureGSI/codeql-db-kotlin/trap/java/classes/android/app/Notification$ProjectedExtender.members...
[2026-08-24 02:51:14] [PROGRESS] resolve files> Scanning /mnt/c/Users/Sharof/AndroidStudioProjects/SecureGSI/codeql-db-kotlin/trap/java/classes/android/app/Notification$Style.members...
[2026-08-24 02:51:14] [PROGRESS] resolve files> Scanning /mnt/c/Users/Sharof/AndroidStudioProjects/SecureGSI/codeql-db-kotlin/trap/java/classes/android/app/Notification$TvExtender.members...
[2026-08-24 02:51:14] [PROGRESS] resolve files> Scanning /mnt/c/Users/Sharof/AndroidStudioProjects/SecureGSI/codeql-db-kotlin/trap/java/classes/android/app/Notification$WearableExtender.members...
[2026-08-24 02:51:14] [PROGRESS] resolve files> Scanning /mnt/c/Users/Sharof/AndroidStudioProjects/SecureGSI/codeql-db-kotlin/trap/java/classes/android/app/Notification.members...
[2026-08-24 02:51:14] [PROGRESS] resolve files> Scanning /mnt/c/Users/Sharof/AndroidStudioProjects/SecureGSI/codeql-db-kotlin/trap/java/classes/android/app/PendingIntent$CanceledException.members...
[2026-08-24 02:51:14] [PROGRESS] resolve files> Scanning /mnt/c/Users/Sharof/AndroidStudioProjects/SecureGSI/codeql-db-kotlin/trap/java/classes/android/app/PendingIntent$OnFinished.members...
[2026-08-24 02:51:14] [PROGRESS] resolve files> Scanning /mnt/c/Users/Sharof/AndroidStudioProjects/SecureGSI/codeql-db-kotlin/trap/java/classes/android/app/PendingIntent.members...
[2026-08-24 02:51:14] [PROGRESS] resolve files> Scanning /mnt/c/Users/Sharof/AndroidStudioProjects/SecureGSI/codeql-db-kotlin/trap/java/classes/android/app/Person$Builder.members...
[2026-08-24 02:51:14] [PROGRESS] resolve files> Scanning /mnt/c/Users/Sharof/AndroidStudioProjects/SecureGSI/codeql-db-kotlin/trap/java/classes/android/app/Person.members...
[2026-08-24 02:51:14] [PROGRESS] resolve files> Scanning /mnt/c/Users/Sharof/AndroidStudioProjects/SecureGSI/codeql-db-kotlin/trap/java/classes/android/app/PictureInPictureParams$Builder.members...
[2026-08-24 02:51:14] [PROGRESS] resolve files> Scanning /mnt/c/Users/Sharof/AndroidStudioProjects/SecureGSI/codeql-db-kotlin/trap/java/classes/android/app/PictureInPictureParams.members...
[2026-08-24 02:51:14] [PROGRESS] resolve files> Scanning /mnt/c/Users/Sharof/AndroidStudioProjects/SecureGSI/codeql-db-kotlin/trap/java/classes/android/app/PictureInPictureUiState.members...
[2026-08-24 02:51:14] [PROGRESS] resolve files> Scanning /mnt/c/Users/Sharof/AndroidStudioProjects/SecureGSI/codeql-db-kotlin/trap/java/classes/android/app/RemoteAction.members...
[2026-08-24 02:51:14] [PROGRESS] resolve files> Scanning /mnt/c/Users/Sharof/AndroidStudioProjects/SecureGSI/codeql-db-kotlin/trap/java/classes/android/app/RemoteInput$Builder.members...
[2026-08-24 02:51:14] [PROGRESS] resolve files> Scanning /mnt/c/Users/Sharof/AndroidStudioProjects/SecureGSI/codeql-db-kotlin/trap/java/classes/android/app/RemoteInput.members...
[2026-08-24 02:51:14] [PROGRESS] resolve files> Scanning /mnt/c/Users/Sharof/AndroidStudioProjects/SecureGSI/codeql-db-kotlin/trap/java/classes/android/app/Service.members...
[2026-08-24 02:51:14] [PROGRESS] resolve files> Scanning /mnt/c/Users/Sharof/AndroidStudioProjects/SecureGSI/codeql-db-kotlin/trap/java/classes/android/app/SharedElementCallback$OnSharedElementsReadyListener.members...
[2026-08-24 02:51:14] [PROGRESS] resolve files> Scanning /mnt/c/Users/Sharof/AndroidStudioProjects/SecureGSI/codeql-db-kotlin/trap/java/classes/android/app/SharedElementCallback.members...
[2026-08-24 02:51:14] [PROGRESS] resolve files> Scanning /mnt/c/Users/Sharof/AndroidStudioProjects/SecureGSI/codeql-db-kotlin/trap/java/classes/android/app/TaskInfo.members...
[2026-08-24 02:51:14] [PROGRESS] resolve files> Scanning /mnt/c/Users/Sharof/AndroidStudioProjects/SecureGSI/codeql-db-kotlin/trap/java/classes/android/app/TaskLocation.members...
[2026-08-24 02:51:14] [PROGRESS] resolve files> Scanning /mnt/c/Users/Sharof/AndroidStudioProjects/SecureGSI/codeql-db-kotlin/trap/java/classes/android/app/TaskStackBuilder.members...
[2026-08-24 02:51:14] [PROGRESS] resolve files> Scanning /mnt/c/Users/Sharof/AndroidStudioProjects/SecureGSI/codeql-db-kotlin/trap/java/classes/android/app/VoiceInteractor$AbortVoiceRequest.members...
[2026-08-24 02:51:14] [PROGRESS] resolve files> Scanning /mnt/c/Users/Sharof/AndroidStudioProjects/SecureGSI/codeql-db-kotlin/trap/java/classes/android/app/VoiceInteractor$CommandRequest.members...
[2026-08-24 02:51:14] [PROGRESS] resolve files> Scanning /mnt/c/Users/Sharof/AndroidStudioProjects/SecureGSI/codeql-db-kotlin/trap/java/classes/android/app/VoiceInteractor$CompleteVoiceRequest.members...
[2026-08-24 02:51:14] [PROGRESS] resolve files> Scanning /mnt/c/Users/Sharof/AndroidStudioProjects/SecureGSI/codeql-db-kotlin/trap/java/classes/android/app/VoiceInteractor$ConfirmationRequest.members...
[2026-08-24 02:51:14] [PROGRESS] resolve files> Scanning /mnt/c/Users/Sharof/AndroidStudioProjects/SecureGSI/codeql-db-kotlin/trap/java/classes/android/app/VoiceInteractor$PickOptionRequest$Option.members...
[2026-08-24 02:51:14] [PROGRESS] resolve files> Scanning /mnt/c/Users/Sharof/AndroidStudioProjects/SecureGSI/codeql-db-kotlin/trap/java/classes/android/app/VoiceInteractor$PickOptionRequest.members...
[2026-08-24 02:51:14] [PROGRESS] resolve files> Scanning /mnt/c/Users/Sharof/AndroidStudioProjects/SecureGSI/codeql-db-kotlin/trap/java/classes/android/app/VoiceInteractor$Prompt.members...
[2026-08-24 02:51:14] [PROGRESS] resolve files> Scanning /mnt/c/Users/Sharof/AndroidStudioProjects/SecureGSI/codeql-db-kotlin/trap/java/classes/android/app/VoiceInteractor$Request.members...
[2026-08-24 02:51:14] [PROGRESS] resolve files> Scanning /mnt/c/Users/Sharof/AndroidStudioProjects/SecureGSI/codeql-db-kotlin/trap/java/classes/android/app/VoiceInteractor.members...
[2026-08-24 02:51:14] [PROGRESS] resolve files> Scanning /mnt/c/Users/Sharof/AndroidStudioProjects/SecureGSI/codeql-db-kotlin/trap/java/classes/android/content...
[2026-08-24 02:51:14] [PROGRESS] resolve files> Scanning /mnt/c/Users/Sharof/AndroidStudioProjects/SecureGSI/codeql-db-kotlin/trap/java/classes/android/content/AttributionSource$Builder.members...
[2026-08-24 02:51:14] [PROGRESS] resolve files> Scanning /mnt/c/Users/Sharof/AndroidStudioProjects/SecureGSI/codeql-db-kotlin/trap/java/classes/android/content/AttributionSource.members...
[2026-08-24 02:51:14] [PROGRESS] resolve files> Scanning /mnt/c/Users/Sharof/AndroidStudioProjects/SecureGSI/codeql-db-kotlin/trap/java/classes/android/content/BroadcastReceiver$PendingResult.members...
[2026-08-24 02:51:14] [PROGRESS] resolve files> Scanning /mnt/c/Users/Sharof/AndroidStudioProjects/SecureGSI/codeql-db-kotlin/trap/java/classes/android/content/BroadcastReceiver.members...
[2026-08-24 02:51:14] [PROGRESS] resolve files> Scanning /mnt/c/Users/Sharof/AndroidStudioProjects/SecureGSI/codeql-db-kotlin/trap/java/classes/android/content/ClipboardManager$OnPrimaryClipChangedListener.members...
[2026-08-24 02:51:14] [PROGRESS] resolve files> Scanning /mnt/c/Users/Sharof/AndroidStudioProjects/SecureGSI/codeql-db-kotlin/trap/java/classes/android/content/ClipboardManager.members...
[2026-08-24 02:51:14] [PROGRESS] resolve files> Scanning /mnt/c/Users/Sharof/AndroidStudioProjects/SecureGSI/codeql-db-kotlin/trap/java/classes/android/content/ClipData$Item$Builder.members...
[2026-08-24 02:51:14] [PROGRESS] resolve files> Scanning /mnt/c/Users/Sharof/AndroidStudioProjects/SecureGSI/codeql-db-kotlin/trap/java/classes/android/content/ClipData$Item.members...
[2026-08-24 02:51:14] [PROGRESS] resolve files> Scanning /mnt/c/Users/Sharof/AndroidStudioProjects/SecureGSI/codeql-db-kotlin/trap/java/classes/android/content/ClipData.members...
[2026-08-24 02:51:14] [PROGRESS] resolve files> Scanning /mnt/c/Users/Sharof/AndroidStudioProjects/SecureGSI/codeql-db-kotlin/trap/java/classes/android/content/ClipDescription.members...
[2026-08-24 02:51:14] [PROGRESS] resolve files> Scanning /mnt/c/Users/Sharof/AndroidStudioProjects/SecureGSI/codeql-db-kotlin/trap/java/classes/android/content/ComponentCallbacks.members...
[2026-08-24 02:51:14] [PROGRESS] resolve files> Scanning /mnt/c/Users/Sharof/AndroidStudioProjects/SecureGSI/codeql-db-kotlin/trap/java/classes/android/content/ComponentCallbacks2.members...
[2026-08-24 02:51:14] [PROGRESS] resolve files> Scanning /mnt/c/Users/Sharof/AndroidStudioProjects/SecureGSI/codeql-db-kotlin/trap/java/classes/android/content/ComponentName.members...
[2026-08-24 02:51:14] [PROGRESS] resolve files> Scanning /mnt/c/Users/Sharof/AndroidStudioProjects/SecureGSI/codeql-db-kotlin/trap/java/classes/android/content/ContentProvider$CallingIdentity.members...
[2026-08-24 02:51:14] [PROGRESS] resolve files> Scanning /mnt/c/Users/Sharof/AndroidStudioProjects/SecureGSI/codeql-db-kotlin/trap/java/classes/android/content/ContentProvider$PipeDataWriter.members...
[2026-08-24 02:51:14] [PROGRESS] resolve files> Scanning /mnt/c/Users/Sharof/AndroidStudioProjects/SecureGSI/codeql-db-kotlin/trap/java/classes/android/content/ContentProvider.members...
[2026-08-24 02:51:14] [PROGRESS] resolve files> Scanning /mnt/c/Users/Sharof/AndroidStudioProjects/SecureGSI/codeql-db-kotlin/trap/java/classes/android/content/ContentProviderClient.members...
[2026-08-24 02:51:14] [PROGRESS] resolve files> Scanning /mnt/c/Users/Sharof/AndroidStudioProjects/SecureGSI/codeql-db-kotlin/trap/java/classes/android/content/ContentProviderOperation$Builder.members...
[2026-08-24 02:51:14] [PROGRESS] resolve files> Scanning /mnt/c/Users/Sharof/AndroidStudioProjects/SecureGSI/codeql-db-kotlin/trap/java/classes/android/content/ContentProviderOperation.members...
[2026-08-24 02:51:14] [PROGRESS] resolve files> Scanning /mnt/c/Users/Sharof/AndroidStudioProjects/SecureGSI/codeql-db-kotlin/trap/java/classes/android/content/ContentProviderResult.members...
[2026-08-24 02:51:14] [PROGRESS] resolve files> Scanning /mnt/c/Users/Sharof/AndroidStudioProjects/SecureGSI/codeql-db-kotlin/trap/java/classes/android/content/ContentResolver$MimeTypeInfo.members...
[2026-08-24 02:51:14] [PROGRESS] resolve files> Scanning /mnt/c/Users/Sharof/AndroidStudioProjects/SecureGSI/codeql-db-kotlin/trap/java/classes/android/content/ContentResolver.members...
[2026-08-24 02:51:14] [PROGRESS] resolve files> Scanning /mnt/c/Users/Sharof/AndroidStudioProjects/SecureGSI/codeql-db-kotlin/trap/java/classes/android/content/ContentValues.members...
[2026-08-24 02:51:14] [PROGRESS] resolve files> Scanning /mnt/c/Users/Sharof/AndroidStudioProjects/SecureGSI/codeql-db-kotlin/trap/java/classes/android/content/Context$BindServiceFlags.members...
[2026-08-24 02:51:14] [PROGRESS] resolve files> Scanning /mnt/c/Users/Sharof/AndroidStudioProjects/SecureGSI/codeql-db-kotlin/trap/java/classes/android/content/Context$UpdateBindingParams$Builder.members...
[2026-08-24 02:51:14] [PROGRESS] resolve files> Scanning /mnt/c/Users/Sharof/AndroidStudioProjects/SecureGSI/codeql-db-kotlin/trap/java/classes/android/content/Context$UpdateBindingParams.members...
[2026-08-24 02:51:14] [PROGRESS] resolve files> Scanning /mnt/c/Users/Sharof/AndroidStudioProjects/SecureGSI/codeql-db-kotlin/trap/java/classes/android/content/Context.members...
[2026-08-24 02:51:14] [PROGRESS] resolve files> Scanning /mnt/c/Users/Sharof/AndroidStudioProjects/SecureGSI/codeql-db-kotlin/trap/java/classes/android/content/ContextParams$Builder.members...
[2026-08-24 02:51:14] [PROGRESS] resolve files> Scanning /mnt/c/Users/Sharof/AndroidStudioProjects/SecureGSI/codeql-db-kotlin/trap/java/classes/android/content/ContextParams.members...
[2026-08-24 02:51:14] [PROGRESS] resolve files> Scanning /mnt/c/Users/Sharof/AndroidStudioProjects/SecureGSI/codeql-db-kotlin/trap/java/classes/android/content/ContextWrapper.members...
[2026-08-24 02:51:14] [PROGRESS] resolve files> Scanning /mnt/c/Users/Sharof/AndroidStudioProjects/SecureGSI/codeql-db-kotlin/trap/java/classes/android/content/DialogInterface$OnCancelListener.members...
[2026-08-24 02:51:14] [PROGRESS] resolve files> Scanning /mnt/c/Users/Sharof/AndroidStudioProjects/SecureGSI/codeql-db-kotlin/trap/java/classes/android/content/DialogInterface$OnClickListener.members...
[2026-08-24 02:51:14] [PROGRESS] resolve files> Scanning /mnt/c/Users/Sharof/AndroidStudioProjects/SecureGSI/codeql-db-kotlin/trap/java/classes/android/content/DialogInterface$OnDismissListener.members...
[2026-08-24 02:51:14] [PROGRESS] resolve files> Scanning /mnt/c/Users/Sharof/AndroidStudioProjects/SecureGSI/codeql-db-kotlin/trap/java/classes/android/content/DialogInterface$OnKeyListener.members...
[2026-08-24 02:51:14] [PROGRESS] resolve files> Scanning /mnt/c/Users/Sharof/AndroidStudioProjects/SecureGSI/codeql-db-kotlin/trap/java/classes/android/content/DialogInterface$OnMultiChoiceClickListener.members...
[2026-08-24 02:51:14] [PROGRESS] resolve files> Scanning /mnt/c/Users/Sharof/AndroidStudioProjects/SecureGSI/codeql-db-kotlin/trap/java/classes/android/content/DialogInterface$OnShowListener.members...
[2026-08-24 02:51:14] [PROGRESS] resolve files> Scanning /mnt/c/Users/Sharof/AndroidStudioProjects/SecureGSI/codeql-db-kotlin/trap/java/classes/android/content/DialogInterface.members...
[2026-08-24 02:51:14] [PROGRESS] resolve files> Scanning /mnt/c/Users/Sharof/AndroidStudioProjects/SecureGSI/codeql-db-kotlin/trap/java/classes/android/content/Intent$FilterComparison.members...
[2026-08-24 02:51:14] [PROGRESS] resolve files> Scanning /mnt/c/Users/Sharof/AndroidStudioProjects/SecureGSI/codeql-db-kotlin/trap/java/classes/android/content/Intent$ShortcutIconResource.members...
[2026-08-24 02:53:11] [PROGRESS] resolve files> Scanning /mnt/c/Users/Sharof/AndroidStudioProjects/SecureGSI/codeql-db-kotlin/trap/java/classes/android/content/Intent.members...
[2026-08-24 02:53:11] [PROGRESS] resolve files> Scanning /mnt/c/Users/Sharof/AndroidStudioProjects/SecureGSI/codeql-db-kotlin/trap/java/classes/android/content/IntentFilter$AuthorityEntry.members...
[2026-08-24 02:53:11] [PROGRESS] resolve files> Scanning /mnt/c/Users/Sharof/AndroidStudioProjects/SecureGSI/codeql-db-kotlin/trap/java/classes/android/content/IntentFilter$MalformedMimeTypeException.members...
[2026-08-24 02:53:11] [PROGRESS] resolve files> Scanning /mnt/c/Users/Sharof/AndroidStudioProjects/SecureGSI/codeql-db-kotlin/trap/java/classes/android/content/IntentFilter.members...
[2026-08-24 02:53:11] [PROGRESS] resolve files> Scanning /mnt/c/Users/Sharof/AndroidStudioProjects/SecureGSI/codeql-db-kotlin/trap/java/classes/android/content/IntentSender$OnFinished.members...
[2026-08-24 02:53:11] [PROGRESS] resolve files> Scanning /mnt/c/Users/Sharof/AndroidStudioProjects/SecureGSI/codeql-db-kotlin/trap/java/classes/android/content/IntentSender$SendIntentException.members...
[2026-08-24 02:53:11] [PROGRESS] resolve files> Scanning /mnt/c/Users/Sharof/AndroidStudioProjects/SecureGSI/codeql-db-kotlin/trap/java/classes/android/content/IntentSender.members...
[2026-08-24 02:53:11] [PROGRESS] resolve files> Scanning /mnt/c/Users/Sharof/AndroidStudioProjects/SecureGSI/codeql-db-kotlin/trap/java/classes/android/content/Loader$ForceLoadContentObserver.members...
[2026-08-24 02:53:11] [PROGRESS] resolve files> Scanning /mnt/c/Users/Sharof/AndroidStudioProjects/SecureGSI/codeql-db-kotlin/trap/java/classes/android/content/Loader$OnLoadCanceledListener.members...
[2026-08-24 02:53:11] [PROGRESS] resolve files> Scanning /mnt/c/Users/Sharof/AndroidStudioProjects/SecureGSI/codeql-db-kotlin/trap/java/classes/android/content/Loader$OnLoadCompleteListener.members...
[2026-08-24 02:53:11] [PROGRESS] resolve files> Scanning /mnt/c/Users/Sharof/AndroidStudioProjects/SecureGSI/codeql-db-kotlin/trap/java/classes/android/content/Loader.members...
[2026-08-24 02:53:11] [PROGRESS] resolve files> Scanning /mnt/c/Users/Sharof/AndroidStudioProjects/SecureGSI/codeql-db-kotlin/trap/java/classes/android/content/LocusId.members...
[2026-08-24 02:53:11] [PROGRESS] resolve files> Scanning /mnt/c/Users/Sharof/AndroidStudioProjects/SecureGSI/codeql-db-kotlin/trap/java/classes/android/content/om...
[2026-08-24 02:53:11] [PROGRESS] resolve files> Scanning /mnt/c/Users/Sharof/AndroidStudioProjects/SecureGSI/codeql-db-kotlin/trap/java/classes/android/content/om/OverlayIdentifier.members...
[2026-08-24 02:53:11] [PROGRESS] resolve files> Scanning /mnt/c/Users/Sharof/AndroidStudioProjects/SecureGSI/codeql-db-kotlin/trap/java/classes/android/content/om/OverlayInfo.members...
[2026-08-24 02:53:11] [PROGRESS] resolve files> Scanning /mnt/c/Users/Sharof/AndroidStudioProjects/SecureGSI/codeql-db-kotlin/trap/java/classes/android/content/PeriodicSync.members...
[2026-08-24 02:53:11] [PROGRESS] resolve files> Scanning /mnt/c/Users/Sharof/AndroidStudioProjects/SecureGSI/codeql-db-kotlin/trap/java/classes/android/content/pm...
[2026-08-24 02:53:11] [PROGRESS] resolve files> Scanning /mnt/c/Users/Sharof/AndroidStudioProjects/SecureGSI/codeql-db-kotlin/trap/java/classes/android/content/pm/ActivityInfo$WindowLayout.members...
[2026-08-24 02:53:11] [PROGRESS] resolve files> Scanning /mnt/c/Users/Sharof/AndroidStudioProjects/SecureGSI/codeql-db-kotlin/trap/java/classes/android/content/pm/ActivityInfo.members...
[2026-08-24 02:53:11] [PROGRESS] resolve files> Scanning /mnt/c/Users/Sharof/AndroidStudioProjects/SecureGSI/codeql-db-kotlin/trap/java/classes/android/content/pm/ApkChecksum.members...
[2026-08-24 02:53:11] [PROGRESS] resolve files> Scanning /mnt/c/Users/Sharof/AndroidStudioProjects/SecureGSI/codeql-db-kotlin/trap/java/classes/android/content/pm/ApplicationInfo$DisplayNameComparator.members...
[2026-08-24 02:51:14] [PROGRESS] resolve files> Scanning /mnt/c/Users/Sharof/AndroidStudioProjects/SecureGSI/codeql-db-kotlin/trap/java/classes/android/content/pm/ApplicationInfo.members...
[2026-08-24 02:51:14] [PROGRESS] resolve files> Scanning /mnt/c/Users/Sharof/AndroidStudioProjects/SecureGSI/codeql-db-kotlin/trap/java/classes/android/content/pm/ArchivedActivityInfo.members...
[2026-08-24 02:51:14] [PROGRESS] resolve files> Scanning /mnt/c/Users/Sharof/AndroidStudioProjects/SecureGSI/codeql-db-kotlin/trap/java/classes/android/content/pm/ArchivedPackageInfo.members...
[2026-08-24 02:51:14] [PROGRESS] resolve files> Scanning /mnt/c/Users/Sharof/AndroidStudioProjects/SecureGSI/codeql-db-kotlin/trap/java/classes/android/content/pm/Attribution.members...
[2026-08-24 02:51:14] [PROGRESS] resolve files> Scanning /mnt/c/Users/Sharof/AndroidStudioProjects/SecureGSI/codeql-db-kotlin/trap/java/classes/android/content/pm/ChangedPackages.members...
[2026-08-24 02:51:14] [PROGRESS] resolve files> Scanning /mnt/c/Users/Sharof/AndroidStudioProjects/SecureGSI/codeql-db-kotlin/trap/java/classes/android/content/pm/Checksum.members...
[2026-08-24 02:51:14] [PROGRESS] resolve files> Scanning /mnt/c/Users/Sharof/AndroidStudioProjects/SecureGSI/codeql-db-kotlin/trap/java/classes/android/content/pm/ComponentInfo.members...
[2026-08-24 02:51:14] [PROGRESS] resolve files> Scanning /mnt/c/Users/Sharof/AndroidStudioProjects/SecureGSI/codeql-db-kotlin/trap/java/classes/android/content/pm/ConfigurationInfo.members...
[2026-08-24 02:51:14] [PROGRESS] resolve files> Scanning /mnt/c/Users/Sharof/AndroidStudioProjects/SecureGSI/codeql-db-kotlin/trap/java/classes/android/content/pm/FeatureGroupInfo.members...
[2026-08-24 02:51:14] [PROGRESS] resolve files> Scanning /mnt/c/Users/Sharof/AndroidStudioProjects/SecureGSI/codeql-db-kotlin/trap/java/classes/android/content/pm/FeatureInfo.members...
[2026-08-24 02:51:14] [PROGRESS] resolve files> Scanning /mnt/c/Users/Sharof/AndroidStudioProjects/SecureGSI/codeql-db-kotlin/trap/java/classes/android/content/pm/InstallSourceInfo.members...
[2026-08-24 02:51:14] [PROGRESS] resolve files> Scanning /mnt/c/Users/Sharof/AndroidStudioProjects/SecureGSI/codeql-db-kotlin/trap/java/classes/android/content/pm/InstrumentationInfo.members...
[2026-08-24 02:51:14] [PROGRESS] resolve files> Scanning /mnt/c/Users/Sharof/AndroidStudioProjects/SecureGSI/codeql-db-kotlin/trap/java/classes/android/content/pm/ModuleInfo.members...
[2026-08-24 02:51:14] [PROGRESS] resolve files> Scanning /mnt/c/Users/Sharof/AndroidStudioProjects/SecureGSI/codeql-db-kotlin/trap/java/classes/android/content/pm/PackageInfo.members...
[2026-08-24 02:51:14] [PROGRESS] resolve files> Scanning /mnt/c/Users/Sharof/AndroidStudioProjects/SecureGSI/codeql-db-kotlin/trap/java/classes/android/content/pm/PackageInstaller$InstallConstraints$Builder.members...
[2026-08-24 02:51:14] [PROGRESS] resolve files> Scanning /mnt/c/Users/Sharof/AndroidStudioProjects/SecureGSI/codeql-db-kotlin/trap/java/classes/android/content/pm/PackageInstaller$InstallConstraints.members...
[2026-08-24 02:51:14] [PROGRESS] resolve files> Scanning /mnt/c/Users/Sharof/AndroidStudioProjects/SecureGSI/codeql-db-kotlin/trap/java/classes/android/content/pm/PackageInstaller$InstallConstraintsResult.members...
[2026-08-24 02:51:14] [PROGRESS] resolve files> Scanning /mnt/c/Users/Sharof/AndroidStudioProjects/SecureGSI/codeql-db-kotlin/trap/java/classes/android/content/pm/PackageInstaller$PreapprovalDetails$Builder.members...
[2026-08-24 02:51:14] [PROGRESS] resolve files> Scanning /mnt/c/Users/Sharof/AndroidStudioProjects/SecureGSI/codeql-db-kotlin/trap/java/classes/android/content/pm/PackageInstaller$PreapprovalDetails.members...
[2026-08-24 02:51:14] [PROGRESS] resolve files> Scanning /mnt/c/Users/Sharof/AndroidStudioProjects/SecureGSI/codeql-db-kotlin/trap/java/classes/android/content/pm/PackageInstaller$Session.members...
[2026-08-24 02:51:14] [PROGRESS] resolve files> Scanning /mnt/c/Users/Sharof/AndroidStudioProjects/SecureGSI/codeql-db-kotlin/trap/java/classes/android/content/pm/PackageInstaller$SessionCallback.members...
[2026-08-24 02:51:14] [PROGRESS] resolve files> Scanning /mnt/c/Users/Sharof/AndroidStudioProjects/SecureGSI/codeql-db-kotlin/trap/java/classes/android/content/pm/PackageInstaller$SessionInfo.members...
[2026-08-24 02:51:14] [PROGRESS] resolve files> Scanning /mnt/c/Users/Sharof/AndroidStudioProjects/SecureGSI/codeql-db-kotlin/trap/java/classes/android/content/pm/PackageInstaller$SessionParams.members...
[2026-08-24 02:51:14] [PROGRESS] resolve files> Scanning /mnt/c/Users/Sharof/AndroidStudioProjects/SecureGSI/codeql-db-kotlin/trap/java/classes/android/content/pm/PackageInstaller$UnarchivalState.members...
[2026-08-24 02:51:14] [PROGRESS] resolve files> Scanning /mnt/c/Users/Sharof/AndroidStudioProjects/SecureGSI/codeql-db-kotlin/trap/java/classes/android/content/pm/PackageInstaller.members...
[2026-08-24 02:51:14] [PROGRESS] resolve files> Scanning /mnt/c/Users/Sharof/AndroidStudioProjects/SecureGSI/codeql-db-kotlin/trap/java/classes/android/content/pm/PackageItemInfo$DisplayNameComparator.members...
[2026-08-24 02:51:14] [PROGRESS] resolve files> Scanning /mnt/c/Users/Sharof/AndroidStudioProjects/SecureGSI/codeql-db-kotlin/trap/java/classes/android/content/pm/PackageItemInfo.members...
[2026-08-24 02:51:14] [PROGRESS] resolve files> Scanning /mnt/c/Users/Sharof/AndroidStudioProjects/SecureGSI/codeql-db-kotlin/trap/java/classes/android/content/pm/PackageManager$ApplicationInfoFlags.members...
[2026-08-24 02:51:14] [PROGRESS] resolve files> Scanning /mnt/c/Users/Sharof/AndroidStudioProjects/SecureGSI/codeql-db-kotlin/trap/java/classes/android/content/pm/PackageManager$ComponentEnabledSetting.members...
[2026-08-24 02:51:14] [PROGRESS] resolve files> Scanning /mnt/c/Users/Sharof/AndroidStudioProjects/SecureGSI/codeql-db-kotlin/trap/java/classes/android/content/pm/PackageManager$ComponentInfoFlags.members...
[2026-08-24 02:51:14] [PROGRESS] resolve files> Scanning /mnt/c/Users/Sharof/AndroidStudioProjects/SecureGSI/codeql-db-kotlin/trap/java/classes/android/content/pm/PackageManager$NameNotFoundException.members...
[2026-08-24 02:51:14] [PROGRESS] resolve files> Scanning /mnt/c/Users/Sharof/AndroidStudioProjects/SecureGSI/codeql-db-kotlin/trap/java/classes/android/content/pm/PackageManager$OnChecksumsReadyListener.members...
[2026-08-24 02:51:14] [PROGRESS] resolve files> Scanning /mnt/c/Users/Sharof/AndroidStudioProjects/SecureGSI/codeql-db-kotlin/trap/java/classes/android/content/pm/PackageManager$PackageInfoFlags.members...
[2026-08-24 02:51:14] [PROGRESS] resolve files> Scanning /mnt/c/Users/Sharof/AndroidStudioProjects/SecureGSI/codeql-db-kotlin/trap/java/classes/android/content/pm/PackageManager$Property.members...
[2026-08-24 02:51:14] [PROGRESS] resolve files> Scanning /mnt/c/Users/Sharof/AndroidStudioProjects/SecureGSI/codeql-db-kotlin/trap/java/classes/android/content/pm/PackageManager$ResolveInfoFlags.members...
[2026-08-24 02:51:14] [PROGRESS] resolve files> Scanning /mnt/c/Users/Sharof/AndroidStudioProjects/SecureGSI/codeql-db-kotlin/trap/java/classes/android/content/pm/PackageManager.members...
[2026-08-24 02:51:14] [PROGRESS] resolve files> Scanning /mnt/c/Users/Sharof/AndroidStudioProjects/SecureGSI/codeql-db-kotlin/trap/java/classes/android/content/pm/PathPermission.members...
[2026-08-24 02:51:14] [PROGRESS] resolve files> Scanning /mnt/c/Users/Sharof/AndroidStudioProjects/SecureGSI/codeql-db-kotlin/trap/java/classes/android/content/pm/PermissionGroupInfo.members...
[2026-08-24 02:51:14] [PROGRESS] resolve files> Scanning /mnt/c/Users/Sharof/AndroidStudioProjects/SecureGSI/codeql-db-kotlin/trap/java/classes/android/content/pm/PermissionInfo.members...
[2026-08-24 02:51:14] [PROGRESS] resolve files> Scanning /mnt/c/Users/Sharof/AndroidStudioProjects/SecureGSI/codeql-db-kotlin/trap/java/classes/android/content/pm/ProviderInfo.members...
[2026-08-24 02:51:14] [PROGRESS] resolve files> Scanning /mnt/c/Users/Sharof/AndroidStudioProjects/SecureGSI/codeql-db-kotlin/trap/java/classes/android/content/pm/ResolveInfo$DisplayNameComparator.members...
[2026-08-24 02:51:14] [PROGRESS] resolve files> Scanning /mnt/c/Users/Sharof/AndroidStudioProjects/SecureGSI/codeql-db-kotlin/trap/java/classes/android/content/pm/ResolveInfo.members...
[2026-08-24 02:51:14] [PROGRESS] resolve files> Scanning /mnt/c/Users/Sharof/AndroidStudioProjects/SecureGSI/codeql-db-kotlin/trap/java/classes/android/content/pm/ServiceInfo.members...
[2026-08-24 02:51:14] [PROGRESS] resolve files> Scanning /mnt/c/Users/Sharof/AndroidStudioProjects/SecureGSI/codeql-db-kotlin/trap/java/classes/android/content/pm/SharedLibraryInfo.members...
[2026-08-24 02:51:14] [PROGRESS] resolve files> Scanning /mnt/c/Users/Sharof/AndroidStudioProjects/SecureGSI/codeql-db-kotlin/trap/java/classes/android/content/pm/Signature.members...
[2026-08-24 02:51:14] [PROGRESS] resolve files> Scanning /mnt/c/Users/Sharof/AndroidStudioProjects/SecureGSI/codeql-db-kotlin/trap/java/classes/android/content/pm/SigningInfo.members...
[2026-08-24 02:51:14] [PROGRESS] resolve files> Scanning /mnt/c/Users/Sharof/AndroidStudioProjects/SecureGSI/codeql-db-kotlin/trap/java/classes/android/content/pm/VersionedPackage.members...
[2026-08-24 02:51:14] [PROGRESS] resolve files> Scanning /mnt/c/Users/Sharof/AndroidStudioProjects/SecureGSI/codeql-db-kotlin/trap/java/classes/android/content/res...
[2026-08-24 02:51:14] [PROGRESS] resolve files> Scanning /mnt/c/Users/Sharof/AndroidStudioProjects/SecureGSI/codeql-db-kotlin/trap/java/classes/android/content/res/AssetFileDescriptor$AutoCloseInputStream.members...
[2026-08-24 02:51:15] [PROGRESS] resolve files> Scanning /mnt/c/Users/Sharof/AndroidStudioProjects/SecureGSI/codeql-db-kotlin/trap/java/classes/android/content/res/AssetFileDescriptor$AutoCloseOutputStream.members...
[2026-08-24 02:51:15] [PROGRESS] resolve files> Scanning /mnt/c/Users/Sharof/AndroidStudioProjects/SecureGSI/codeql-db-kotlin/trap/java/classes/android/content/res/AssetFileDescriptor.members...
[2026-08-24 02:51:15] [PROGRESS] resolve files> Scanning /mnt/c/Users/Sharof/AndroidStudioProjects/SecureGSI/codeql-db-kotlin/trap/java/classes/android/content/res/AssetManager$AssetInputStream.members...
[2026-08-24 02:51:15] [PROGRESS] resolve files> Scanning /mnt/c/Users/Sharof/AndroidStudioProjects/SecureGSI/codeql-db-kotlin/trap/java/classes/android/content/res/AssetManager.members...
[2026-08-24 02:51:15] [PROGRESS] resolve files> Scanning /mnt/c/Users/Sharof/AndroidStudioProjects/SecureGSI/codeql-db-kotlin/trap/java/classes/android/content/res/ColorStateList.members...
[2026-08-24 02:51:15] [PROGRESS] resolve files> Scanning /mnt/c/Users/Sharof/AndroidStudioProjects/SecureGSI/codeql-db-kotlin/trap/java/classes/android/content/res/Configuration.members...
[2026-08-24 02:51:15] [PROGRESS] resolve files> Scanning /mnt/c/Users/Sharof/AndroidStudioProjects/SecureGSI/codeql-db-kotlin/trap/java/classes/android/content/res/loader...
[2026-08-24 02:51:15] [PROGRESS] resolve files> Scanning /mnt/c/Users/Sharof/AndroidStudioProjects/SecureGSI/codeql-db-kotlin/trap/java/classes/android/content/res/loader/AssetsProvider.members...
[2026-08-24 02:51:15] [PROGRESS] resolve files> Scanning /mnt/c/Users/Sharof/AndroidStudioProjects/SecureGSI/codeql-db-kotlin/trap/java/classes/android/content/res/loader/ResourcesLoader.members...
[2026-08-24 02:51:15] [PROGRESS] resolve files> Scanning /mnt/c/Users/Sharof/AndroidStudioProjects/SecureGSI/codeql-db-kotlin/trap/java/classes/android/content/res/loader/ResourcesProvider.members...
[2026-08-24 02:51:15] [PROGRESS] resolve files> Scanning /mnt/c/Users/Sharof/AndroidStudioProjects/SecureGSI/codeql-db-kotlin/trap/java/classes/android/content/res/Resources$NotFoundException.members...
[2026-08-24 02:51:15] [PROGRESS] resolve files> Scanning /mnt/c/Users/Sharof/AndroidStudioProjects/SecureGSI/codeql-db-kotlin/trap/java/classes/android/content/res/Resources$Theme.members...
[2026-08-24 02:51:15] [PROGRESS] resolve files> Scanning /mnt/c/Users/Sharof/AndroidStudioProjects/SecureGSI/codeql-db-kotlin/trap/java/classes/android/content/res/Resources.members...
[2026-08-24 02:51:15] [PROGRESS] resolve files> Scanning /mnt/c/Users/Sharof/AndroidStudioProjects/SecureGSI/codeql-db-kotlin/trap/java/classes/android/content/res/TypedArray.members...
[2026-08-24 02:51:15] [PROGRESS] resolve files> Scanning /mnt/c/Users/Sharof/AndroidStudioProjects/SecureGSI/codeql-db-kotlin/trap/java/classes/android/content/res/XmlResourceParser.members...
[2026-08-24 02:51:15] [PROGRESS] resolve files> Scanning /mnt/c/Users/Sharof/AndroidStudioProjects/SecureGSI/codeql-db-kotlin/trap/java/classes/android/content/ServiceConnection.members...
[2026-08-24 02:51:15] [PROGRESS] resolve files> Scanning /mnt/c/Users/Sharof/AndroidStudioProjects/SecureGSI/codeql-db-kotlin/trap/java/classes/android/content/SharedPreferences$Editor.members...
[2026-08-24 02:51:15] [PROGRESS] resolve files> Scanning /mnt/c/Users/Sharof/AndroidStudioProjects/SecureGSI/codeql-db-kotlin/trap/java/classes/android/content/SharedPreferences$OnSharedPreferenceChangeListener.members...
[2026-08-24 02:51:15] [PROGRESS] resolve files> Scanning /mnt/c/Users/Sharof/AndroidStudioProjects/SecureGSI/codeql-db-kotlin/trap/java/classes/android/content/SharedPreferences.members...
[2026-08-24 02:51:15] [PROGRESS] resolve files> Scanning /mnt/c/Users/Sharof/AndroidStudioProjects/SecureGSI/codeql-db-kotlin/trap/java/classes/android/content/SyncAdapterType.members...
[2026-08-24 02:51:15] [PROGRESS] resolve files> Scanning /mnt/c/Users/Sharof/AndroidStudioProjects/SecureGSI/codeql-db-kotlin/trap/java/classes/android/content/SyncInfo.members...
[2026-08-24 02:51:15] [PROGRESS] resolve files> Scanning /mnt/c/Users/Sharof/AndroidStudioProjects/SecureGSI/codeql-db-kotlin/trap/java/classes/android/content/SyncRequest$Builder.members...
[2026-08-24 02:51:15] [PROGRESS] resolve files> Scanning /mnt/c/Users/Sharof/AndroidStudioProjects/SecureGSI/codeql-db-kotlin/trap/java/classes/android/content/SyncRequest.members...
[2026-08-24 02:51:15] [PROGRESS] resolve files> Scanning /mnt/c/Users/Sharof/AndroidStudioProjects/SecureGSI/codeql-db-kotlin/trap/java/classes/android/content/SyncStatusObserver.members...
[2026-08-24 02:51:15] [PROGRESS] resolve files> Scanning /mnt/c/Users/Sharof/AndroidStudioProjects/SecureGSI/codeql-db-kotlin/trap/java/classes/android/content/UriPermission.members...
[2026-08-24 02:51:15] [PROGRESS] resolve files> Scanning /mnt/c/Users/Sharof/AndroidStudioProjects/SecureGSI/codeql-db-kotlin/trap/java/classes/android/content/UriRelativeFilter.members...
[2026-08-24 02:51:15] [PROGRESS] resolve files> Scanning /mnt/c/Users/Sharof/AndroidStudioProjects/SecureGSI/codeql-db-kotlin/trap/java/classes/android/content/UriRelativeFilterGroup.members...
[2026-08-24 02:51:15] [PROGRESS] resolve files> Scanning /mnt/c/Users/Sharof/AndroidStudioProjects/SecureGSI/codeql-db-kotlin/trap/java/classes/android/credentials...
[2026-08-24 02:51:15] [PROGRESS] resolve files> Scanning /mnt/c/Users/Sharof/AndroidStudioProjects/SecureGSI/codeql-db-kotlin/trap/java/classes/android/credentials/Credential.members...
[2026-08-24 02:51:15] [PROGRESS] resolve files> Scanning /mnt/c/Users/Sharof/AndroidStudioProjects/SecureGSI/codeql-db-kotlin/trap/java/classes/android/credentials/CredentialOption$Builder.members...
[2026-08-24 02:51:15] [PROGRESS] resolve files> Scanning /mnt/c/Users/Sharof/AndroidStudioProjects/SecureGSI/codeql-db-kotlin/trap/java/classes/android/credentials/CredentialOption.members...
[2026-08-24 02:51:15] [PROGRESS] resolve files> Scanning /mnt/c/Users/Sharof/AndroidStudioProjects/SecureGSI/codeql-db-kotlin/trap/java/classes/android/credentials/GetCredentialException.members...
[2026-08-24 02:51:15] [PROGRESS] resolve files> Scanning /mnt/c/Users/Sharof/AndroidStudioProjects/SecureGSI/codeql-db-kotlin/trap/java/classes/android/credentials/GetCredentialRequest$Builder.members...
[2026-08-24 02:51:15] [PROGRESS] resolve files> Scanning /mnt/c/Users/Sharof/AndroidStudioProjects/SecureGSI/codeql-db-kotlin/trap/java/classes/android/credentials/GetCredentialRequest.members...
[2026-08-24 02:51:15] [PROGRESS] resolve files> Scanning /mnt/c/Users/Sharof/AndroidStudioProjects/SecureGSI/codeql-db-kotlin/trap/java/classes/android/credentials/GetCredentialResponse.members...
[2026-08-24 02:51:15] [PROGRESS] resolve files> Scanning /mnt/c/Users/Sharof/AndroidStudioProjects/SecureGSI/codeql-db-kotlin/trap/java/classes/android/database...
[2026-08-24 02:51:15] [PROGRESS] resolve files> Scanning /mnt/c/Users/Sharof/AndroidStudioProjects/SecureGSI/codeql-db-kotlin/trap/java/classes/android/database/CharArrayBuffer.members...
[2026-08-24 02:51:15] [PROGRESS] resolve files> Scanning /mnt/c/Users/Sharof/AndroidStudioProjects/SecureGSI/codeql-db-kotlin/trap/java/classes/android/database/ContentObserver.members...
[2026-08-24 02:51:15] [PROGRESS] resolve files> Scanning /mnt/c/Users/Sharof/AndroidStudioProjects/SecureGSI/codeql-db-kotlin/trap/java/classes/android/database/Cursor.members...
[2026-08-24 02:51:15] [PROGRESS] resolve files> Scanning /mnt/c/Users/Sharof/AndroidStudioProjects/SecureGSI/codeql-db-kotlin/trap/java/classes/android/database/DatabaseErrorHandler.members...
[2026-08-24 02:51:15] [PROGRESS] resolve files> Scanning /mnt/c/Users/Sharof/AndroidStudioProjects/SecureGSI/codeql-db-kotlin/trap/java/classes/android/database/DataSetObserver.members...
[2026-08-24 02:51:15] [PROGRESS] resolve files> Scanning /mnt/c/Users/Sharof/AndroidStudioProjects/SecureGSI/codeql-db-kotlin/trap/java/classes/android/database/sqlite...
[2026-08-24 02:51:15] [PROGRESS] resolve files> Scanning /mnt/c/Users/Sharof/AndroidStudioProjects/SecureGSI/codeql-db-kotlin/trap/java/classes/android/database/sqlite/SQLiteClosable.members...
[2026-08-24 02:51:15] [PROGRESS] resolve files> Scanning /mnt/c/Users/Sharof/AndroidStudioProjects/SecureGSI/codeql-db-kotlin/trap/java/classes/android/database/sqlite/SQLiteCursorDriver.members...
[2026-08-24 02:51:15] [PROGRESS] resolve files> Scanning /mnt/c/Users/Sharof/AndroidStudioProjects/SecureGSI/codeql-db-kotlin/trap/java/classes/android/database/sqlite/SQLiteDatabase$CursorFactory.members...
[2026-08-24 02:51:15] [PROGRESS] resolve files> Scanning /mnt/c/Users/Sharof/AndroidStudioProjects/SecureGSI/codeql-db-kotlin/trap/java/classes/android/database/sqlite/SQLiteDatabase$OpenParams$Builder.members...
[2026-08-24 02:51:15] [PROGRESS] resolve files> Scanning /mnt/c/Users/Sharof/AndroidStudioProjects/SecureGSI/codeql-db-kotlin/trap/java/classes/android/database/sqlite/SQLiteDatabase$OpenParams.members...
[2026-08-24 02:51:15] [PROGRESS] resolve files> Scanning /mnt/c/Users/Sharof/AndroidStudioProjects/SecureGSI/codeql-db-kotlin/trap/java/classes/android/database/sqlite/SQLiteDatabase.members...
[2026-08-24 02:51:15] [PROGRESS] resolve files> Scanning /mnt/c/Users/Sharof/AndroidStudioProjects/SecureGSI/codeql-db-kotlin/trap/java/classes/android/database/sqlite/SQLiteProgram.members...
[2026-08-24 02:51:15] [PROGRESS] resolve files> Scanning /mnt/c/Users/Sharof/AndroidStudioProjects/SecureGSI/codeql-db-kotlin/trap/java/classes/android/database/sqlite/SQLiteQuery.members...
[2026-08-24 02:51:15] [PROGRESS] resolve files> Scanning /mnt/c/Users/Sharof/AndroidStudioProjects/SecureGSI/codeql-db-kotlin/trap/java/classes/android/database/sqlite/SQLiteRawStatement.members...
[2026-08-24 02:51:15] [PROGRESS] resolve files> Scanning /mnt/c/Users/Sharof/AndroidStudioProjects/SecureGSI/codeql-db-kotlin/trap/java/classes/android/database/sqlite/SQLiteStatement.members...
[2026-08-24 02:51:15] [PROGRESS] resolve files> Scanning /mnt/c/Users/Sharof/AndroidStudioProjects/SecureGSI/codeql-db-kotlin/trap/java/classes/android/database/sqlite/SQLiteTransactionListener.members...
[2026-08-24 02:51:15] [PROGRESS] resolve files> Scanning /mnt/c/Users/Sharof/AndroidStudioProjects/SecureGSI/codeql-db-kotlin/trap/java/classes/android/graphics...
[2026-08-24 02:51:15] [PROGRESS] resolve files> Scanning /mnt/c/Users/Sharof/AndroidStudioProjects/SecureGSI/codeql-db-kotlin/trap/java/classes/android/graphics/Bitmap$CompressFormat.members...
[2026-08-24 02:51:15] [PROGRESS] resolve files> Scanning /mnt/c/Users/Sharof/AndroidStudioProjects/SecureGSI/codeql-db-kotlin/trap/java/classes/android/graphics/Bitmap$Config.members...
[2026-08-24 02:51:15] [PROGRESS] resolve files> Scanning /mnt/c/Users/Sharof/AndroidStudioProjects/SecureGSI/codeql-db-kotlin/trap/java/classes/android/graphics/Bitmap.members...
[2026-08-24 02:51:15] [PROGRESS] resolve files> Scanning /mnt/c/Users/Sharof/AndroidStudioProjects/SecureGSI/codeql-db-kotlin/trap/java/classes/android/graphics/BitmapFactory$Options.members...
[2026-08-24 02:51:15] [PROGRESS] resolve files> Scanning /mnt/c/Users/Sharof/AndroidStudioProjects/SecureGSI/codeql-db-kotlin/trap/java/classes/android/graphics/BitmapFactory.members...
[2026-08-24 02:51:15] [PROGRESS] resolve files> Scanning /mnt/c/Users/Sharof/AndroidStudioProjects/SecureGSI/codeql-db-kotlin/trap/java/classes/android/graphics/BitmapShader.members...
[2026-08-24 02:51:15] [PROGRESS] resolve files> Scanning /mnt/c/Users/Sharof/AndroidStudioProjects/SecureGSI/codeql-db-kotlin/trap/java/classes/android/graphics/BlendMode.members...
[2026-08-24 02:51:15] [PROGRESS] resolve files> Scanning /mnt/c/Users/Sharof/AndroidStudioProjects/SecureGSI/codeql-db-kotlin/trap/java/classes/android/graphics/Canvas$EdgeType.members...
[2026-08-24 02:51:15] [PROGRESS] resolve files> Scanning /mnt/c/Users/Sharof/AndroidStudioProjects/SecureGSI/codeql-db-kotlin/trap/java/classes/android/graphics/Canvas$VertexMode.members...
[2026-08-24 02:51:15] [PROGRESS] resolve files> Scanning /mnt/c/Users/Sharof/AndroidStudioProjects/SecureGSI/codeql-db-kotlin/trap/java/classes/android/graphics/Canvas.members...
[2026-08-24 02:51:15] [PROGRESS] resolve files> Scanning /mnt/c/Users/Sharof/AndroidStudioProjects/SecureGSI/codeql-db-kotlin/trap/java/classes/android/graphics/Color.members...
[2026-08-24 02:51:15] [PROGRESS] resolve files> Scanning /mnt/c/Users/Sharof/AndroidStudioProjects/SecureGSI/codeql-db-kotlin/trap/java/classes/android/graphics/ColorFilter.members...
[2026-08-24 02:51:15] [PROGRESS] resolve files> Scanning /mnt/c/Users/Sharof/AndroidStudioProjects/SecureGSI/codeql-db-kotlin/trap/java/classes/android/graphics/ColorSpace$Adaptation.members...
[2026-08-24 02:51:15] [PROGRESS] resolve files> Scanning /mnt/c/Users/Sharof/AndroidStudioProjects/SecureGSI/codeql-db-kotlin/trap/java/classes/android/graphics/ColorSpace$Connector.members...
[2026-08-24 02:51:15] [PROGRESS] resolve files> Scanning /mnt/c/Users/Sharof/AndroidStudioProjects/SecureGSI/codeql-db-kotlin/trap/java/classes/android/graphics/ColorSpace$Model.members...
[2026-08-24 02:51:15] [PROGRESS] resolve files> Scanning /mnt/c/Users/Sharof/AndroidStudioProjects/SecureGSI/codeql-db-kotlin/trap/java/classes/android/graphics/ColorSpace$Named.members...
[2026-08-24 02:51:15] [PROGRESS] resolve files> Scanning /mnt/c/Users/Sharof/AndroidStudioProjects/SecureGSI/codeql-db-kotlin/trap/java/classes/android/graphics/ColorSpace$RenderIntent.members...
[2026-08-24 02:51:15] [PROGRESS] resolve files> Scanning /mnt/c/Users/Sharof/AndroidStudioProjects/SecureGSI/codeql-db-kotlin/trap/java/classes/android/graphics/ColorSpace$Rgb$TransferParameters.members...
[2026-08-24 02:51:15] [PROGRESS] resolve files> Scanning /mnt/c/Users/Sharof/AndroidStudioProjects/SecureGSI/codeql-db-kotlin/trap/java/classes/android/graphics/ColorSpace$Rgb.members...
[2026-08-24 02:51:15] [PROGRESS] resolve files> Scanning /mnt/c/Users/Sharof/AndroidStudioProjects/SecureGSI/codeql-db-kotlin/trap/java/classes/android/graphics/ColorSpace.members...
[2026-08-24 02:51:15] [PROGRESS] resolve files> Scanning /mnt/c/Users/Sharof/AndroidStudioProjects/SecureGSI/codeql-db-kotlin/trap/java/classes/android/graphics/drawable...
[2026-08-24 02:51:15] [PROGRESS] resolve files> Scanning /mnt/c/Users/Sharof/AndroidStudioProjects/SecureGSI/codeql-db-kotlin/trap/java/classes/android/graphics/drawable/Drawable$Callback.members...
[2026-08-24 02:51:15] [PROGRESS] resolve files> Scanning /mnt/c/Users/Sharof/AndroidStudioProjects/SecureGSI/codeql-db-kotlin/trap/java/classes/android/graphics/drawable/Drawable$ConstantState.members...
[2026-08-24 02:51:15] [PROGRESS] resolve files> Scanning /mnt/c/Users/Sharof/AndroidStudioProjects/SecureGSI/codeql-db-kotlin/trap/java/classes/android/graphics/drawable/Drawable.members...
[2026-08-24 02:51:15] [PROGRESS] resolve files> Scanning /mnt/c/Users/Sharof/AndroidStudioProjects/SecureGSI/codeql-db-kotlin/trap/java/classes/android/graphics/drawable/Icon$OnDrawableLoadedListener.members...
[2026-08-24 02:51:15] [PROGRESS] resolve files> Scanning /mnt/c/Users/Sharof/AndroidStudioProjects/SecureGSI/codeql-db-kotlin/trap/java/classes/android/graphics/drawable/Icon.members...
[2026-08-24 02:51:15] [PROGRESS] resolve files> Scanning /mnt/c/Users/Sharof/AndroidStudioProjects/SecureGSI/codeql-db-kotlin/trap/java/classes/android/graphics/DrawFilter.members...
[2026-08-24 02:51:15] [PROGRESS] resolve files> Scanning /mnt/c/Users/Sharof/AndroidStudioProjects/SecureGSI/codeql-db-kotlin/trap/java/classes/android/graphics/fonts...
[2026-08-24 02:51:15] [PROGRESS] resolve files> Scanning /mnt/c/Users/Sharof/AndroidStudioProjects/SecureGSI/codeql-db-kotlin/trap/java/classes/android/graphics/fonts/Font$Builder.members...
[2026-08-24 02:51:15] [PROGRESS] resolve files> Scanning /mnt/c/Users/Sharof/AndroidStudioProjects/SecureGSI/codeql-db-kotlin/trap/java/classes/android/graphics/fonts/Font.members...
[2026-08-24 02:51:15] [PROGRESS] resolve files> Scanning /mnt/c/Users/Sharof/AndroidStudioProjects/SecureGSI/codeql-db-kotlin/trap/java/classes/android/graphics/fonts/FontFamily$Builder.members...
[2026-08-24 02:51:15] [PROGRESS] resolve files> Scanning /mnt/c/Users/Sharof/AndroidStudioProjects/SecureGSI/codeql-db-kotlin/trap/java/classes/android/graphics/fonts/FontFamily.members...
[2026-08-24 02:51:15] [PROGRESS] resolve files> Scanning /mnt/c/Users/Sharof/AndroidStudioProjects/SecureGSI/codeql-db-kotlin/trap/java/classes/android/graphics/fonts/FontStyle.members...
[2026-08-24 02:51:15] [PROGRESS] resolve files> Scanning /mnt/c/Users/Sharof/AndroidStudioProjects/SecureGSI/codeql-db-kotlin/trap/java/classes/android/graphics/fonts/FontVariationAxis.members...
[2026-08-24 02:51:15] [PROGRESS] resolve files> Scanning /mnt/c/Users/Sharof/AndroidStudioProjects/SecureGSI/codeql-db-kotlin/trap/java/classes/android/graphics/Gainmap.members...
[2026-08-24 02:51:15] [PROGRESS] resolve files> Scanning /mnt/c/Users/Sharof/AndroidStudioProjects/SecureGSI/codeql-db-kotlin/trap/java/classes/android/graphics/Insets.members...
[2026-08-24 02:51:15] [PROGRESS] resolve files> Scanning /mnt/c/Users/Sharof/AndroidStudioProjects/SecureGSI/codeql-db-kotlin/trap/java/classes/android/graphics/MaskFilter.members...
[2026-08-24 02:51:15] [PROGRESS] resolve files> Scanning /mnt/c/Users/Sharof/AndroidStudioProjects/SecureGSI/codeql-db-kotlin/trap/java/classes/android/graphics/Matrix$ScaleToFit.members...
[2026-08-24 02:51:15] [PROGRESS] resolve files> Scanning /mnt/c/Users/Sharof/AndroidStudioProjects/SecureGSI/codeql-db-kotlin/trap/java/classes/android/graphics/Matrix.members...
[2026-08-24 02:51:15] [PROGRESS] resolve files> Scanning /mnt/c/Users/Sharof/AndroidStudioProjects/SecureGSI/codeql-db-kotlin/trap/java/classes/android/graphics/Matrix44.members...
[2026-08-24 02:51:15] [PROGRESS] resolve files> Scanning /mnt/c/Users/Sharof/AndroidStudioProjects/SecureGSI/codeql-db-kotlin/trap/java/classes/android/graphics/Mesh.members...
[2026-08-24 02:51:15] [PROGRESS] resolve files> Scanning /mnt/c/Users/Sharof/AndroidStudioProjects/SecureGSI/codeql-db-kotlin/trap/java/classes/android/graphics/MeshSpecification$Attribute.members...
[2026-08-24 02:51:15] [PROGRESS] resolve files> Scanning /mnt/c/Users/Sharof/AndroidStudioProjects/SecureGSI/codeql-db-kotlin/trap/java/classes/android/graphics/MeshSpecification$Varying.members...
[2026-08-24 02:51:15] [PROGRESS] resolve files> Scanning /mnt/c/Users/Sharof/AndroidStudioProjects/SecureGSI/codeql-db-kotlin/trap/java/classes/android/graphics/MeshSpecification.members...
[2026-08-24 02:51:15] [PROGRESS] resolve files> Scanning /mnt/c/Users/Sharof/AndroidStudioProjects/SecureGSI/codeql-db-kotlin/trap/java/classes/android/graphics/Movie.members...
[2026-08-24 02:51:15] [PROGRESS] resolve files> Scanning /mnt/c/Users/Sharof/AndroidStudioProjects/SecureGSI/codeql-db-kotlin/trap/java/classes/android/graphics/NinePatch.members...
[2026-08-24 02:51:15] [PROGRESS] resolve files> Scanning /mnt/c/Users/Sharof/AndroidStudioProjects/SecureGSI/codeql-db-kotlin/trap/java/classes/android/graphics/Outline.members...
[2026-08-24 02:51:15] [PROGRESS] resolve files> Scanning /mnt/c/Users/Sharof/AndroidStudioProjects/SecureGSI/codeql-db-kotlin/trap/java/classes/android/graphics/Paint$Align.members...
[2026-08-24 02:51:15] [PROGRESS] resolve files> Scanning /mnt/c/Users/Sharof/AndroidStudioProjects/SecureGSI/codeql-db-kotlin/trap/java/classes/android/graphics/Paint$Cap.members...
[2026-08-24 02:51:15] [PROGRESS] resolve files> Scanning /mnt/c/Users/Sharof/AndroidStudioProjects/SecureGSI/codeql-db-kotlin/trap/java/classes/android/graphics/Paint$FontMetrics.members...
[2026-08-24 02:51:15] [PROGRESS] resolve files> Scanning /mnt/c/Users/Sharof/AndroidStudioProjects/SecureGSI/codeql-db-kotlin/trap/java/classes/android/graphics/Paint$FontMetricsInt.members...
[2026-08-24 02:51:15] [PROGRESS] resolve files> Scanning /mnt/c/Users/Sharof/AndroidStudioProjects/SecureGSI/codeql-db-kotlin/trap/java/classes/android/graphics/Paint$Join.members...
[2026-08-24 02:51:15] [PROGRESS] resolve files> Scanning /mnt/c/Users/Sharof/AndroidStudioProjects/SecureGSI/codeql-db-kotlin/trap/java/classes/android/graphics/Paint$Style.members...
[2026-08-24 02:51:15] [PROGRESS] resolve files> Scanning /mnt/c/Users/Sharof/AndroidStudioProjects/SecureGSI/codeql-db-kotlin/trap/java/classes/android/graphics/Paint.members...
[2026-08-24 02:51:15] [PROGRESS] resolve files> Scanning /mnt/c/Users/Sharof/AndroidStudioProjects/SecureGSI/codeql-db-kotlin/trap/java/classes/android/graphics/Path$Direction.members...
[2026-08-24 02:51:15] [PROGRESS] resolve files> Scanning /mnt/c/Users/Sharof/AndroidStudioProjects/SecureGSI/codeql-db-kotlin/trap/java/classes/android/graphics/Path$FillType.members...
[2026-08-24 02:51:15] [PROGRESS] resolve files> Scanning /mnt/c/Users/Sharof/AndroidStudioProjects/SecureGSI/codeql-db-kotlin/trap/java/classes/android/graphics/Path$Op.members...
[2026-08-24 02:51:15] [PROGRESS] resolve files> Scanning /mnt/c/Users/Sharof/AndroidStudioProjects/SecureGSI/codeql-db-kotlin/trap/java/classes/android/graphics/Path.members...
[2026-08-24 02:51:15] [PROGRESS] resolve files> Scanning /mnt/c/Users/Sharof/AndroidStudioProjects/SecureGSI/codeql-db-kotlin/trap/java/classes/android/graphics/PathEffect.members...
[2026-08-24 02:51:15] [PROGRESS] resolve files> Scanning /mnt/c/Users/Sharof/AndroidStudioProjects/SecureGSI/codeql-db-kotlin/trap/java/classes/android/graphics/PathIterator$Segment.members...
[2026-08-24 02:51:15] [PROGRESS] resolve files> Scanning /mnt/c/Users/Sharof/AndroidStudioProjects/SecureGSI/codeql-db-kotlin/trap/java/classes/android/graphics/PathIterator.members...
[2026-08-24 02:51:15] [PROGRESS] resolve files> Scanning /mnt/c/Users/Sharof/AndroidStudioProjects/SecureGSI/codeql-db-kotlin/trap/java/classes/android/graphics/Picture.members...
[2026-08-24 02:51:15] [PROGRESS] resolve files> Scanning /mnt/c/Users/Sharof/AndroidStudioProjects/SecureGSI/codeql-db-kotlin/trap/java/classes/android/graphics/Point.members...
[2026-08-24 02:51:15] [PROGRESS] resolve files> Scanning /mnt/c/Users/Sharof/AndroidStudioProjects/SecureGSI/codeql-db-kotlin/trap/java/classes/android/graphics/PointF.members...
[2026-08-24 02:51:15] [PROGRESS] resolve files> Scanning /mnt/c/Users/Sharof/AndroidStudioProjects/SecureGSI/codeql-db-kotlin/trap/java/classes/android/graphics/PorterDuff$Mode.members...
[2026-08-24 02:51:15] [PROGRESS] resolve files> Scanning /mnt/c/Users/Sharof/AndroidStudioProjects/SecureGSI/codeql-db-kotlin/trap/java/classes/android/graphics/PorterDuff.members...
[2026-08-24 02:51:15] [PROGRESS] resolve files> Scanning /mnt/c/Users/Sharof/AndroidStudioProjects/SecureGSI/codeql-db-kotlin/trap/java/classes/android/graphics/RecordingCanvas.members...
[2026-08-24 02:51:15] [PROGRESS] resolve files> Scanning /mnt/c/Users/Sharof/AndroidStudioProjects/SecureGSI/codeql-db-kotlin/trap/java/classes/android/graphics/Rect.members...
[2026-08-24 02:51:15] [PROGRESS] resolve files> Scanning /mnt/c/Users/Sharof/AndroidStudioProjects/SecureGSI/codeql-db-kotlin/trap/java/classes/android/graphics/RectF.members...
[2026-08-24 02:51:15] [PROGRESS] resolve files> Scanning /mnt/c/Users/Sharof/AndroidStudioProjects/SecureGSI/codeql-db-kotlin/trap/java/classes/android/graphics/Region$Op.members...
[2026-08-24 02:51:15] [PROGRESS] resolve files> Scanning /mnt/c/Users/Sharof/AndroidStudioProjects/SecureGSI/codeql-db-kotlin/trap/java/classes/android/graphics/Region.members...
[2026-08-24 02:51:15] [PROGRESS] resolve files> Scanning /mnt/c/Users/Sharof/AndroidStudioProjects/SecureGSI/codeql-db-kotlin/trap/java/classes/android/graphics/RenderEffect.members...
[2026-08-24 02:51:15] [PROGRESS] resolve files> Scanning /mnt/c/Users/Sharof/AndroidStudioProjects/SecureGSI/codeql-db-kotlin/trap/java/classes/android/graphics/RenderNode.members...
[2026-08-24 02:51:15] [PROGRESS] resolve files> Scanning /mnt/c/Users/Sharof/AndroidStudioProjects/SecureGSI/codeql-db-kotlin/trap/java/classes/android/graphics/RuntimeShader.members...
[2026-08-24 02:51:15] [PROGRESS] resolve files> Scanning /mnt/c/Users/Sharof/AndroidStudioProjects/SecureGSI/codeql-db-kotlin/trap/java/classes/android/graphics/RuntimeXfermode.members...
[2026-08-24 02:51:15] [PROGRESS] resolve files> Scanning /mnt/c/Users/Sharof/AndroidStudioProjects/SecureGSI/codeql-db-kotlin/trap/java/classes/android/graphics/Shader$TileMode.members...
[2026-08-24 02:51:15] [PROGRESS] resolve files> Scanning /mnt/c/Users/Sharof/AndroidStudioProjects/SecureGSI/codeql-db-kotlin/trap/java/classes/android/graphics/Shader.members...
[2026-08-24 02:51:15] [PROGRESS] resolve files> Scanning /mnt/c/Users/Sharof/AndroidStudioProjects/SecureGSI/codeql-db-kotlin/trap/java/classes/android/graphics/SurfaceTexture$OnFrameAvailableListener.members...
[2026-08-24 02:51:15] [PROGRESS] resolve files> Scanning /mnt/c/Users/Sharof/AndroidStudioProjects/SecureGSI/codeql-db-kotlin/trap/java/classes/android/graphics/SurfaceTexture$OutOfResourcesException.members...
[2026-08-24 02:51:15] [PROGRESS] resolve files> Scanning /mnt/c/Users/Sharof/AndroidStudioProjects/SecureGSI/codeql-db-kotlin/trap/java/classes/android/graphics/SurfaceTexture.members...
[2026-08-24 02:51:15] [PROGRESS] resolve files> Scanning /mnt/c/Users/Sharof/AndroidStudioProjects/SecureGSI/codeql-db-kotlin/trap/java/classes/android/graphics/text...
[2026-08-24 02:51:15] [PROGRESS] resolve files> Scanning /mnt/c/Users/Sharof/AndroidStudioProjects/SecureGSI/codeql-db-kotlin/trap/java/classes/android/graphics/text/LineBreakConfig$Builder.members...
[2026-08-24 02:51:15] [PROGRESS] resolve files> Scanning /mnt/c/Users/Sharof/AndroidStudioProjects/SecureGSI/codeql-db-kotlin/trap/java/classes/android/graphics/text/LineBreakConfig.members...
[2026-08-24 02:51:15] [PROGRESS] resolve files> Scanning /mnt/c/Users/Sharof/AndroidStudioProjects/SecureGSI/codeql-db-kotlin/trap/java/classes/android/graphics/text/MeasuredText$Builder.members...
[2026-08-24 02:51:15] [PROGRESS] resolve files> Scanning /mnt/c/Users/Sharof/AndroidStudioProjects/SecureGSI/codeql-db-kotlin/trap/java/classes/android/graphics/text/MeasuredText.members...
[2026-08-24 02:51:15] [PROGRESS] resolve files> Scanning /mnt/c/Users/Sharof/AndroidStudioProjects/SecureGSI/codeql-db-kotlin/trap/java/classes/android/graphics/Typeface$Builder.members...
[2026-08-24 02:51:15] [PROGRESS] resolve files> Scanning /mnt/c/Users/Sharof/AndroidStudioProjects/SecureGSI/codeql-db-kotlin/trap/java/classes/android/graphics/Typeface$CustomFallbackBuilder.members...
[2026-08-24 02:51:15] [PROGRESS] resolve files> Scanning /mnt/c/Users/Sharof/AndroidStudioProjects/SecureGSI/codeql-db-kotlin/trap/java/classes/android/graphics/Typeface.members...
[2026-08-24 02:51:15] [PROGRESS] resolve files> Scanning /mnt/c/Users/Sharof/AndroidStudioProjects/SecureGSI/codeql-db-kotlin/trap/java/classes/android/graphics/Xfermode.members...
[2026-08-24 02:51:15] [PROGRESS] resolve files> Scanning /mnt/c/Users/Sharof/AndroidStudioProjects/SecureGSI/codeql-db-kotlin/trap/java/classes/android/hardware...
[2026-08-24 02:51:15] [PROGRESS] resolve files> Scanning /mnt/c/Users/Sharof/AndroidStudioProjects/SecureGSI/codeql-db-kotlin/trap/java/classes/android/hardware/BatteryState.members...
[2026-08-24 02:51:15] [PROGRESS] resolve files> Scanning /mnt/c/Users/Sharof/AndroidStudioProjects/SecureGSI/codeql-db-kotlin/trap/java/classes/android/hardware/display...
[2026-08-24 02:51:15] [PROGRESS] resolve files> Scanning /mnt/c/Users/Sharof/AndroidStudioProjects/SecureGSI/codeql-db-kotlin/trap/java/classes/android/hardware/display/DeviceProductInfo$Builder.members...
[2026-08-24 02:51:15] [PROGRESS] resolve files> Scanning /mnt/c/Users/Sharof/AndroidStudioProjects/SecureGSI/codeql-db-kotlin/trap/java/classes/android/hardware/display/DeviceProductInfo$EdidStructureMetadata.members...
[2026-08-24 02:51:15] [PROGRESS] resolve files> Scanning /mnt/c/Users/Sharof/AndroidStudioProjects/SecureGSI/codeql-db-kotlin/trap/java/classes/android/hardware/display/DeviceProductInfo.members...
[2026-08-24 02:51:15] [PROGRESS] resolve files> Scanning /mnt/c/Users/Sharof/AndroidStudioProjects/SecureGSI/codeql-db-kotlin/trap/java/classes/android/hardware/DisplayLuts$Entry.members...
[2026-08-24 02:51:15] [PROGRESS] resolve files> Scanning /mnt/c/Users/Sharof/AndroidStudioProjects/SecureGSI/codeql-db-kotlin/trap/java/classes/android/hardware/DisplayLuts.members...
[2026-08-24 02:51:15] [PROGRESS] resolve files> Scanning /mnt/c/Users/Sharof/AndroidStudioProjects/SecureGSI/codeql-db-kotlin/trap/java/classes/android/hardware/HardwareBuffer.members...
[2026-08-24 02:51:15] [PROGRESS] resolve files> Scanning /mnt/c/Users/Sharof/AndroidStudioProjects/SecureGSI/codeql-db-kotlin/trap/java/classes/android/hardware/lights...
[2026-08-24 02:51:15] [PROGRESS] resolve files> Scanning /mnt/c/Users/Sharof/AndroidStudioProjects/SecureGSI/codeql-db-kotlin/trap/java/classes/android/hardware/lights/ColorSequence$Builder.members...
[2026-08-24 02:51:15] [PROGRESS] resolve files> Scanning /mnt/c/Users/Sharof/AndroidStudioProjects/SecureGSI/codeql-db-kotlin/trap/java/classes/android/hardware/lights/ColorSequence.members...
[2026-08-24 02:51:15] [PROGRESS] resolve files> Scanning /mnt/c/Users/Sharof/AndroidStudioProjects/SecureGSI/codeql-db-kotlin/trap/java/classes/android/hardware/lights/Light.members...
[2026-08-24 02:51:15] [PROGRESS] resolve files> Scanning /mnt/c/Users/Sharof/AndroidStudioProjects/SecureGSI/codeql-db-kotlin/trap/java/classes/android/hardware/lights/LightsManager$LightsSession.members...
[2026-08-24 02:51:15] [PROGRESS] resolve files> Scanning /mnt/c/Users/Sharof/AndroidStudioProjects/SecureGSI/codeql-db-kotlin/trap/java/classes/android/hardware/lights/LightsManager.members...
[2026-08-24 02:51:15] [PROGRESS] resolve files> Scanning /mnt/c/Users/Sharof/AndroidStudioProjects/SecureGSI/codeql-db-kotlin/trap/java/classes/android/hardware/lights/LightsRequest$Builder.members...
[2026-08-24 02:51:15] [PROGRESS] resolve files> Scanning /mnt/c/Users/Sharof/AndroidStudioProjects/SecureGSI/codeql-db-kotlin/trap/java/classes/android/hardware/lights/LightsRequest.members...
[2026-08-24 02:51:15] [PROGRESS] resolve files> Scanning /mnt/c/Users/Sharof/AndroidStudioProjects/SecureGSI/codeql-db-kotlin/trap/java/classes/android/hardware/lights/LightState$Builder.members...
[2026-08-24 02:51:15] [PROGRESS] resolve files> Scanning /mnt/c/Users/Sharof/AndroidStudioProjects/SecureGSI/codeql-db-kotlin/trap/java/classes/android/hardware/lights/LightState.members...
[2026-08-24 02:51:15] [PROGRESS] resolve files> Scanning /mnt/c/Users/Sharof/AndroidStudioProjects/SecureGSI/codeql-db-kotlin/trap/java/classes/android/hardware/lights/MultiLightEffect$Builder.members...
[2026-08-24 02:51:15] [PROGRESS] resolve files> Scanning /mnt/c/Users/Sharof/AndroidStudioProjects/SecureGSI/codeql-db-kotlin/trap/java/classes/android/hardware/lights/MultiLightEffect.members...
[2026-08-24 02:51:15] [PROGRESS] resolve files> Scanning /mnt/c/Users/Sharof/AndroidStudioProjects/SecureGSI/codeql-db-kotlin/trap/java/classes/android/hardware/LutProperties.members...
[2026-08-24 02:51:15] [PROGRESS] resolve files> Scanning /mnt/c/Users/Sharof/AndroidStudioProjects/SecureGSI/codeql-db-kotlin/trap/java/classes/android/hardware/OverlayProperties.members...
[2026-08-24 02:51:15] [PROGRESS] resolve files> Scanning /mnt/c/Users/Sharof/AndroidStudioProjects/SecureGSI/codeql-db-kotlin/trap/java/classes/android/hardware/Sensor.members...
[2026-08-24 02:51:15] [PROGRESS] resolve files> Scanning /mnt/c/Users/Sharof/AndroidStudioProjects/SecureGSI/codeql-db-kotlin/trap/java/classes/android/hardware/SensorDirectChannel.members...
[2026-08-24 02:51:15] [PROGRESS] resolve files> Scanning /mnt/c/Users/Sharof/AndroidStudioProjects/SecureGSI/codeql-db-kotlin/trap/java/classes/android/hardware/SensorEvent.members...
[2026-08-24 02:51:15] [PROGRESS] resolve files> Scanning /mnt/c/Users/Sharof/AndroidStudioProjects/SecureGSI/codeql-db-kotlin/trap/java/classes/android/hardware/SensorEventListener.members...
[2026-08-24 02:51:15] [PROGRESS] resolve files> Scanning /mnt/c/Users/Sharof/AndroidStudioProjects/SecureGSI/codeql-db-kotlin/trap/java/classes/android/hardware/SensorListener.members...
[2026-08-24 02:51:15] [PROGRESS] resolve files> Scanning /mnt/c/Users/Sharof/AndroidStudioProjects/SecureGSI/codeql-db-kotlin/trap/java/classes/android/hardware/SensorManager$DynamicSensorCallback.members...
[2026-08-24 02:51:15] [PROGRESS] resolve files> Scanning /mnt/c/Users/Sharof/AndroidStudioProjects/SecureGSI/codeql-db-kotlin/trap/java/classes/android/hardware/SensorManager.members...
[2026-08-24 02:51:15] [PROGRESS] resolve files> Scanning /mnt/c/Users/Sharof/AndroidStudioProjects/SecureGSI/codeql-db-kotlin/trap/java/classes/android/hardware/SyncFence.members...
[2026-08-24 02:51:15] [PROGRESS] resolve files> Scanning /mnt/c/Users/Sharof/AndroidStudioProjects/SecureGSI/codeql-db-kotlin/trap/java/classes/android/hardware/TriggerEvent.members...
[2026-08-24 02:51:15] [PROGRESS] resolve files> Scanning /mnt/c/Users/Sharof/AndroidStudioProjects/SecureGSI/codeql-db-kotlin/trap/java/classes/android/hardware/TriggerEventListener.members...
[2026-08-24 02:51:15] [PROGRESS] resolve files> Scanning /mnt/c/Users/Sharof/AndroidStudioProjects/SecureGSI/codeql-db-kotlin/trap/java/classes/android/icu...
[2026-08-24 02:51:15] [PROGRESS] resolve files> Scanning /mnt/c/Users/Sharof/AndroidStudioProjects/SecureGSI/codeql-db-kotlin/trap/java/classes/android/icu/util...
[2026-08-24 02:51:15] [PROGRESS] resolve files> Scanning /mnt/c/Users/Sharof/AndroidStudioProjects/SecureGSI/codeql-db-kotlin/trap/java/classes/android/icu/util/ULocale$AvailableType.members...
[2026-08-24 02:51:15] [PROGRESS] resolve files> Scanning /mnt/c/Users/Sharof/AndroidStudioProjects/SecureGSI/codeql-db-kotlin/trap/java/classes/android/icu/util/ULocale$Builder.members...
[2026-08-24 02:51:15] [PROGRESS] resolve files> Scanning /mnt/c/Users/Sharof/AndroidStudioProjects/SecureGSI/codeql-db-kotlin/trap/java/classes/android/icu/util/ULocale$Category.members...
[2026-08-24 02:51:15] [PROGRESS] resolve files> Scanning /mnt/c/Users/Sharof/AndroidStudioProjects/SecureGSI/codeql-db-kotlin/trap/java/classes/android/icu/util/ULocale.members...
[2026-08-24 02:51:15] [PROGRESS] resolve files> Scanning /mnt/c/Users/Sharof/AndroidStudioProjects/SecureGSI/codeql-db-kotlin/trap/java/classes/android/media...
[2026-08-24 02:51:15] [PROGRESS] resolve files> Scanning /mnt/c/Users/Sharof/AndroidStudioProjects/SecureGSI/codeql-db-kotlin/trap/java/classes/android/media/ApplicationMediaCapabilities$Builder.members...
[2026-08-24 02:51:15] [PROGRESS] resolve files> Scanning /mnt/c/Users/Sharof/AndroidStudioProjects/SecureGSI/codeql-db-kotlin/trap/java/classes/android/media/ApplicationMediaCapabilities.members...
[2026-08-24 02:51:15] [PROGRESS] resolve files> Scanning /mnt/c/Users/Sharof/AndroidStudioProjects/SecureGSI/codeql-db-kotlin/trap/java/classes/android/media/AudioAttributes$Builder.members...
[2026-08-24 02:51:15] [PROGRESS] resolve files> Scanning /mnt/c/Users/Sharof/AndroidStudioProjects/SecureGSI/codeql-db-kotlin/trap/java/classes/android/media/AudioAttributes.members...
[2026-08-24 02:51:15] [PROGRESS] resolve files> Scanning /mnt/c/Users/Sharof/AndroidStudioProjects/SecureGSI/codeql-db-kotlin/trap/java/classes/android/media/MediaDescription$Builder.members...
[2026-08-24 02:51:15] [PROGRESS] resolve files> Scanning /mnt/c/Users/Sharof/AndroidStudioProjects/SecureGSI/codeql-db-kotlin/trap/java/classes/android/media/MediaDescription.members...
[2026-08-24 02:51:15] [PROGRESS] resolve files> Scanning /mnt/c/Users/Sharof/AndroidStudioProjects/SecureGSI/codeql-db-kotlin/trap/java/classes/android/media/MediaMetadata$Builder.members...
[2026-08-24 02:51:15] [PROGRESS] resolve files> Scanning /mnt/c/Users/Sharof/AndroidStudioProjects/SecureGSI/codeql-db-kotlin/trap/java/classes/android/media/MediaMetadata.members...
[2026-08-24 02:51:15] [PROGRESS] resolve files> Scanning /mnt/c/Users/Sharof/AndroidStudioProjects/SecureGSI/codeql-db-kotlin/trap/java/classes/android/media/Rating.members...
[2026-08-24 02:51:15] [PROGRESS] resolve files> Scanning /mnt/c/Users/Sharof/AndroidStudioProjects/SecureGSI/codeql-db-kotlin/trap/java/classes/android/media/session...
[2026-08-24 02:51:15] [PROGRESS] resolve files> Scanning /mnt/c/Users/Sharof/AndroidStudioProjects/SecureGSI/codeql-db-kotlin/trap/java/classes/android/media/session/MediaController$Callback.members...
[2026-08-24 02:51:15] [PROGRESS] resolve files> Scanning /mnt/c/Users/Sharof/AndroidStudioProjects/SecureGSI/codeql-db-kotlin/trap/java/classes/android/media/session/MediaController$PlaybackInfo.members...
[2026-08-24 02:51:15] [PROGRESS] resolve files> Scanning /mnt/c/Users/Sharof/AndroidStudioProjects/SecureGSI/codeql-db-kotlin/trap/java/classes/android/media/session/MediaController$TransportControls.members...
[2026-08-24 02:51:15] [PROGRESS] resolve files> Scanning /mnt/c/Users/Sharof/AndroidStudioProjects/SecureGSI/codeql-db-kotlin/trap/java/classes/android/media/session/MediaController.members...
[2026-08-24 02:51:15] [PROGRESS] resolve files> Scanning /mnt/c/Users/Sharof/AndroidStudioProjects/SecureGSI/codeql-db-kotlin/trap/java/classes/android/media/session/MediaSession$Callback.members...
[2026-08-24 02:51:15] [PROGRESS] resolve files> Scanning /mnt/c/Users/Sharof/AndroidStudioProjects/SecureGSI/codeql-db-kotlin/trap/java/classes/android/media/session/MediaSession$QueueItem.members...
[2026-08-24 02:51:15] [PROGRESS] resolve files> Scanning /mnt/c/Users/Sharof/AndroidStudioProjects/SecureGSI/codeql-db-kotlin/trap/java/classes/android/media/session/MediaSession$Token.members...
[2026-08-24 02:51:15] [PROGRESS] resolve files> Scanning /mnt/c/Users/Sharof/AndroidStudioProjects/SecureGSI/codeql-db-kotlin/trap/java/classes/android/media/session/MediaSession.members...
[2026-08-24 02:51:15] [PROGRESS] resolve files> Scanning /mnt/c/Users/Sharof/AndroidStudioProjects/SecureGSI/codeql-db-kotlin/trap/java/classes/android/media/session/MediaSessionManager$OnActiveSessionsChangedListener.members...
[2026-08-24 02:51:15] [PROGRESS] resolve files> Scanning /mnt/c/Users/Sharof/AndroidStudioProjects/SecureGSI/codeql-db-kotlin/trap/java/classes/android/media/session/MediaSessionManager$OnMediaKeyEventSessionChangedListener.members...
[2026-08-24 02:51:15] [PROGRESS] resolve files> Scanning /mnt/c/Users/Sharof/AndroidStudioProjects/SecureGSI/codeql-db-kotlin/trap/java/classes/android/media/session/MediaSessionManager$OnSession2TokensChangedListener.members...
[2026-08-24 02:51:15] [PROGRESS] resolve files> Scanning /mnt/c/Users/Sharof/AndroidStudioProjects/SecureGSI/codeql-db-kotlin/trap/java/classes/android/media/session/MediaSessionManager$RemoteUserInfo.members...
[2026-08-24 02:51:15] [PROGRESS] resolve files> Scanning /mnt/c/Users/Sharof/AndroidStudioProjects/SecureGSI/codeql-db-kotlin/trap/java/classes/android/media/session/MediaSessionManager.members...
[2026-08-24 02:51:15] [PROGRESS] resolve files> Scanning /mnt/c/Users/Sharof/AndroidStudioProjects/SecureGSI/codeql-db-kotlin/trap/java/classes/android/media/session/PlaybackState$Builder.members...
[2026-08-24 02:51:15] [PROGRESS] resolve files> Scanning /mnt/c/Users/Sharof/AndroidStudioProjects/SecureGSI/codeql-db-kotlin/trap/java/classes/android/media/session/PlaybackState$CustomAction$Builder.members...
[2026-08-24 02:51:15] [PROGRESS] resolve files> Scanning /mnt/c/Users/Sharof/AndroidStudioProjects/SecureGSI/codeql-db-kotlin/trap/java/classes/android/media/session/PlaybackState$CustomAction.members...
[2026-08-24 02:51:15] [PROGRESS] resolve files> Scanning /mnt/c/Users/Sharof/AndroidStudioProjects/SecureGSI/codeql-db-kotlin/trap/java/classes/android/media/session/PlaybackState.members...
[2026-08-24 02:51:15] [PROGRESS] resolve files> Scanning /mnt/c/Users/Sharof/AndroidStudioProjects/SecureGSI/codeql-db-kotlin/trap/java/classes/android/media/Session2Token.members...
[2026-08-24 02:51:15] [PROGRESS] resolve files> Scanning /mnt/c/Users/Sharof/AndroidStudioProjects/SecureGSI/codeql-db-kotlin/trap/java/classes/android/media/VolumeProvider.members...
[2026-08-24 02:51:15] [PROGRESS] resolve files> Scanning /mnt/c/Users/Sharof/AndroidStudioProjects/SecureGSI/codeql-db-kotlin/trap/java/classes/android/net...
[2026-08-24 02:51:15] [PROGRESS] resolve files> Scanning /mnt/c/Users/Sharof/AndroidStudioProjects/SecureGSI/codeql-db-kotlin/trap/java/classes/android/net/Uri$Builder.members...
[2026-08-24 02:51:15] [PROGRESS] resolve files> Scanning /mnt/c/Users/Sharof/AndroidStudioProjects/SecureGSI/codeql-db-kotlin/trap/java/classes/android/net/Uri.members...
[2026-08-24 02:51:15] [PROGRESS] resolve files> Scanning /mnt/c/Users/Sharof/AndroidStudioProjects/SecureGSI/codeql-db-kotlin/trap/java/classes/android/os...
[2026-08-24 02:51:15] [PROGRESS] resolve files> Scanning /mnt/c/Users/Sharof/AndroidStudioProjects/SecureGSI/codeql-db-kotlin/trap/java/classes/android/os/BaseBundle.members...
[2026-08-24 02:51:15] [PROGRESS] resolve files> Scanning /mnt/c/Users/Sharof/AndroidStudioProjects/SecureGSI/codeql-db-kotlin/trap/java/classes/android/os/Binder.members...
[2026-08-24 02:51:15] [PROGRESS] resolve files> Scanning /mnt/c/Users/Sharof/AndroidStudioProjects/SecureGSI/codeql-db-kotlin/trap/java/classes/android/os/Build$Partition.members...
[2026-08-24 02:51:15] [PROGRESS] resolve files> Scanning /mnt/c/Users/Sharof/AndroidStudioProjects/SecureGSI/codeql-db-kotlin/trap/java/classes/android/os/Build$VERSION.members...
[2026-08-24 02:51:15] [PROGRESS] resolve files> Scanning /mnt/c/Users/Sharof/AndroidStudioProjects/SecureGSI/codeql-db-kotlin/trap/java/classes/android/os/Build$VERSION_CODES.members...
[2026-08-24 02:51:15] [PROGRESS] resolve files> Scanning /mnt/c/Users/Sharof/AndroidStudioProjects/SecureGSI/codeql-db-kotlin/trap/java/classes/android/os/Build$VERSION_CODES_FULL.members...
[2026-08-24 02:51:15] [PROGRESS] resolve files> Scanning /mnt/c/Users/Sharof/AndroidStudioProjects/SecureGSI/codeql-db-kotlin/trap/java/classes/android/os/Build.members...
[2026-08-24 02:51:15] [PROGRESS] resolve files> Scanning /mnt/c/Users/Sharof/AndroidStudioProjects/SecureGSI/codeql-db-kotlin/trap/java/classes/android/os/Bundle.members...
[2026-08-24 02:51:15] [PROGRESS] resolve files> Scanning /mnt/c/Users/Sharof/AndroidStudioProjects/SecureGSI/codeql-db-kotlin/trap/java/classes/android/os/CancellationSignal$OnCancelListener.members...
[2026-08-24 02:51:15] [PROGRESS] resolve files> Scanning /mnt/c/Users/Sharof/AndroidStudioProjects/SecureGSI/codeql-db-kotlin/trap/java/classes/android/os/CancellationSignal.members...
[2026-08-24 02:51:15] [PROGRESS] resolve files> Scanning /mnt/c/Users/Sharof/AndroidStudioProjects/SecureGSI/codeql-db-kotlin/trap/java/classes/android/os/CombinedVibration$ParallelCombination.members...
[2026-08-24 02:51:15] [PROGRESS] resolve files> Scanning /mnt/c/Users/Sharof/AndroidStudioProjects/SecureGSI/codeql-db-kotlin/trap/java/classes/android/os/CombinedVibration.members...
[2026-08-24 02:51:15] [PROGRESS] resolve files> Scanning /mnt/c/Users/Sharof/AndroidStudioProjects/SecureGSI/codeql-db-kotlin/trap/java/classes/android/os/Debug$InstructionCount.members...
[2026-08-24 02:51:15] [PROGRESS] resolve files> Scanning /mnt/c/Users/Sharof/AndroidStudioProjects/SecureGSI/codeql-db-kotlin/trap/java/classes/android/os/Debug$MemoryInfo.members...
[2026-08-24 02:51:15] [PROGRESS] resolve files> Scanning /mnt/c/Users/Sharof/AndroidStudioProjects/SecureGSI/codeql-db-kotlin/trap/java/classes/android/os/Debug.members...
[2026-08-24 02:51:15] [PROGRESS] resolve files> Scanning /mnt/c/Users/Sharof/AndroidStudioProjects/SecureGSI/codeql-db-kotlin/trap/java/classes/android/os/Handler$Callback.members...
[2026-08-24 02:51:15] [PROGRESS] resolve files> Scanning /mnt/c/Users/Sharof/AndroidStudioProjects/SecureGSI/codeql-db-kotlin/trap/java/classes/android/os/Handler.members...
[2026-08-24 02:51:15] [PROGRESS] resolve files> Scanning /mnt/c/Users/Sharof/AndroidStudioProjects/SecureGSI/codeql-db-kotlin/trap/java/classes/android/os/IBinder$DeathRecipient.members...
[2026-08-24 02:51:15] [PROGRESS] resolve files> Scanning /mnt/c/Users/Sharof/AndroidStudioProjects/SecureGSI/codeql-db-kotlin/trap/java/classes/android/os/IBinder$FrozenStateChangeCallback.members...
[2026-08-24 02:51:15] [PROGRESS] resolve files> Scanning /mnt/c/Users/Sharof/AndroidStudioProjects/SecureGSI/codeql-db-kotlin/trap/java/classes/android/os/IBinder.members...
[2026-08-24 02:51:15] [PROGRESS] resolve files> Scanning /mnt/c/Users/Sharof/AndroidStudioProjects/SecureGSI/codeql-db-kotlin/trap/java/classes/android/os/IInterface.members...
[2026-08-24 02:51:15] [PROGRESS] resolve files> Scanning /mnt/c/Users/Sharof/AndroidStudioProjects/SecureGSI/codeql-db-kotlin/trap/java/classes/android/os/LocaleList.members...
[2026-08-24 02:51:15] [PROGRESS] resolve files> Scanning /mnt/c/Users/Sharof/AndroidStudioProjects/SecureGSI/codeql-db-kotlin/trap/java/classes/android/os/Looper.members...
[2026-08-24 02:51:15] [PROGRESS] resolve files> Scanning /mnt/c/Users/Sharof/AndroidStudioProjects/SecureGSI/codeql-db-kotlin/trap/java/classes/android/os/MemoryFile.members...
[2026-08-24 02:51:15] [PROGRESS] resolve files> Scanning /mnt/c/Users/Sharof/AndroidStudioProjects/SecureGSI/codeql-db-kotlin/trap/java/classes/android/os/Message.members...
[2026-08-24 02:51:15] [PROGRESS] resolve files> Scanning /mnt/c/Users/Sharof/AndroidStudioProjects/SecureGSI/codeql-db-kotlin/trap/java/classes/android/os/MessageQueue$IdleHandler.members...
[2026-08-24 02:51:16] [PROGRESS] resolve files> Scanning /mnt/c/Users/Sharof/AndroidStudioProjects/SecureGSI/codeql-db-kotlin/trap/java/classes/android/os/MessageQueue$OnFileDescriptorEventListener.members...
[2026-08-24 02:51:16] [PROGRESS] resolve files> Scanning /mnt/c/Users/Sharof/AndroidStudioProjects/SecureGSI/codeql-db-kotlin/trap/java/classes/android/os/MessageQueue.members...
[2026-08-24 02:51:16] [PROGRESS] resolve files> Scanning /mnt/c/Users/Sharof/AndroidStudioProjects/SecureGSI/codeql-db-kotlin/trap/java/classes/android/os/Messenger.members...
[2026-08-24 02:51:16] [PROGRESS] resolve files> Scanning /mnt/c/Users/Sharof/AndroidStudioProjects/SecureGSI/codeql-db-kotlin/trap/java/classes/android/os/OutcomeReceiver.members...
[2026-08-24 02:51:16] [PROGRESS] resolve files> Scanning /mnt/c/Users/Sharof/AndroidStudioProjects/SecureGSI/codeql-db-kotlin/trap/java/classes/android/os/Parcel.members...
[2026-08-24 02:51:16] [PROGRESS] resolve files> Scanning /mnt/c/Users/Sharof/AndroidStudioProjects/SecureGSI/codeql-db-kotlin/trap/java/classes/android/os/Parcelable$ClassLoaderCreator.members...
[2026-08-24 02:51:16] [PROGRESS] resolve files> Scanning /mnt/c/Users/Sharof/AndroidStudioProjects/SecureGSI/codeql-db-kotlin/trap/java/classes/android/os/Parcelable$Creator.members...
[2026-08-24 02:51:16] [PROGRESS] resolve files> Scanning /mnt/c/Users/Sharof/AndroidStudioProjects/SecureGSI/codeql-db-kotlin/trap/java/classes/android/os/Parcelable.members...
[2026-08-24 02:51:16] [PROGRESS] resolve files> Scanning /mnt/c/Users/Sharof/AndroidStudioProjects/SecureGSI/codeql-db-kotlin/trap/java/classes/android/os/ParcelFileDescriptor$AutoCloseInputStream.members...
[2026-08-24 02:51:16] [PROGRESS] resolve files> Scanning /mnt/c/Users/Sharof/AndroidStudioProjects/SecureGSI/codeql-db-kotlin/trap/java/classes/android/os/ParcelFileDescriptor$AutoCloseOutputStream.members...
[2026-08-24 02:51:16] [PROGRESS] resolve files> Scanning /mnt/c/Users/Sharof/AndroidStudioProjects/SecureGSI/codeql-db-kotlin/trap/java/classes/android/os/ParcelFileDescriptor$FileDescriptorDetachedException.members...
[2026-08-24 02:51:16] [PROGRESS] resolve files> Scanning /mnt/c/Users/Sharof/AndroidStudioProjects/SecureGSI/codeql-db-kotlin/trap/java/classes/android/os/ParcelFileDescriptor$OnCloseListener.members...
[2026-08-24 02:51:16] [PROGRESS] resolve files> Scanning /mnt/c/Users/Sharof/AndroidStudioProjects/SecureGSI/codeql-db-kotlin/trap/java/classes/android/os/ParcelFileDescriptor.members...
[2026-08-24 02:51:16] [PROGRESS] resolve files> Scanning /mnt/c/Users/Sharof/AndroidStudioProjects/SecureGSI/codeql-db-kotlin/trap/java/classes/android/os/PatternMatcher.members...
[2026-08-24 02:51:16] [PROGRESS] resolve files> Scanning /mnt/c/Users/Sharof/AndroidStudioProjects/SecureGSI/codeql-db-kotlin/trap/java/classes/android/os/PersistableBundle.members...
[2026-08-24 02:51:16] [PROGRESS] resolve files> Scanning /mnt/c/Users/Sharof/AndroidStudioProjects/SecureGSI/codeql-db-kotlin/trap/java/classes/android/os/Process.members...
[2026-08-24 02:51:16] [PROGRESS] resolve files> Scanning /mnt/c/Users/Sharof/AndroidStudioProjects/SecureGSI/codeql-db-kotlin/trap/java/classes/android/os/ResultReceiver.members...
[2026-08-24 02:51:16] [PROGRESS] resolve files> Scanning /mnt/c/Users/Sharof/AndroidStudioProjects/SecureGSI/codeql-db-kotlin/trap/java/classes/android/os/UserHandle.members...
[2026-08-24 02:51:16] [PROGRESS] resolve files> Scanning /mnt/c/Users/Sharof/AndroidStudioProjects/SecureGSI/codeql-db-kotlin/trap/java/classes/android/os/VibrationAttributes$Builder.members...
[2026-08-24 02:51:16] [PROGRESS] resolve files> Scanning /mnt/c/Users/Sharof/AndroidStudioProjects/SecureGSI/codeql-db-kotlin/trap/java/classes/android/os/VibrationAttributes.members...
[2026-08-24 02:51:16] [PROGRESS] resolve files> Scanning /mnt/c/Users/Sharof/AndroidStudioProjects/SecureGSI/codeql-db-kotlin/trap/java/classes/android/os/VibrationEffect$BasicEnvelopeBuilder.members...
[2026-08-24 02:51:16] [PROGRESS] resolve files> Scanning /mnt/c/Users/Sharof/AndroidStudioProjects/SecureGSI/codeql-db-kotlin/trap/java/classes/android/os/VibrationEffect$Composition.members...
[2026-08-24 02:51:16] [PROGRESS] resolve files> Scanning /mnt/c/Users/Sharof/AndroidStudioProjects/SecureGSI/codeql-db-kotlin/trap/java/classes/android/os/VibrationEffect$WaveformEnvelopeBuilder.members...
[2026-08-24 02:51:16] [PROGRESS] resolve files> Scanning /mnt/c/Users/Sharof/AndroidStudioProjects/SecureGSI/codeql-db-kotlin/trap/java/classes/android/os/VibrationEffect.members...
[2026-08-24 02:51:16] [PROGRESS] resolve files> Scanning /mnt/c/Users/Sharof/AndroidStudioProjects/SecureGSI/codeql-db-kotlin/trap/java/classes/android/os/vibrator...
[2026-08-24 02:51:16] [PROGRESS] resolve files> Scanning /mnt/c/Users/Sharof/AndroidStudioProjects/SecureGSI/codeql-db-kotlin/trap/java/classes/android/os/vibrator/HapticFeedbackRequest$Builder.members...
[2026-08-24 02:51:16] [PROGRESS] resolve files> Scanning /mnt/c/Users/Sharof/AndroidStudioProjects/SecureGSI/codeql-db-kotlin/trap/java/classes/android/os/vibrator/HapticFeedbackRequest.members...
[2026-08-24 02:51:16] [PROGRESS] resolve files> Scanning /mnt/c/Users/Sharof/AndroidStudioProjects/SecureGSI/codeql-db-kotlin/trap/java/classes/android/os/vibrator/VibratorEnvelopeEffectInfo.members...
[2026-08-24 02:51:16] [PROGRESS] resolve files> Scanning /mnt/c/Users/Sharof/AndroidStudioProjects/SecureGSI/codeql-db-kotlin/trap/java/classes/android/os/vibrator/VibratorFrequencyProfile.members...
[2026-08-24 02:51:16] [PROGRESS] resolve files> Scanning /mnt/c/Users/Sharof/AndroidStudioProjects/SecureGSI/codeql-db-kotlin/trap/java/classes/android/os/Vibrator.members...
[2026-08-24 02:51:16] [PROGRESS] resolve files> Scanning /mnt/c/Users/Sharof/AndroidStudioProjects/SecureGSI/codeql-db-kotlin/trap/java/classes/android/os/VibratorManager.members...
[2026-08-24 02:51:16] [PROGRESS] resolve files> Scanning /mnt/c/Users/Sharof/AndroidStudioProjects/SecureGSI/codeql-db-kotlin/trap/java/classes/android/system...
[2026-08-24 02:51:16] [PROGRESS] resolve files> Scanning /mnt/c/Users/Sharof/AndroidStudioProjects/SecureGSI/codeql-db-kotlin/trap/java/classes/android/system/Int64Ref.members...
[2026-08-24 02:51:16] [PROGRESS] resolve files> Scanning /mnt/c/Users/Sharof/AndroidStudioProjects/SecureGSI/codeql-db-kotlin/trap/java/classes/android/system/Os.members...
[2026-08-24 02:51:16] [PROGRESS] resolve files> Scanning /mnt/c/Users/Sharof/AndroidStudioProjects/SecureGSI/codeql-db-kotlin/trap/java/classes/android/system/StructCmsghdr.members...
[2026-08-24 02:51:16] [PROGRESS] resolve files> Scanning /mnt/c/Users/Sharof/AndroidStudioProjects/SecureGSI/codeql-db-kotlin/trap/java/classes/android/system/StructDlInfo.members...
[2026-08-24 02:51:16] [PROGRESS] resolve files> Scanning /mnt/c/Users/Sharof/AndroidStudioProjects/SecureGSI/codeql-db-kotlin/trap/java/classes/android/system/StructMsghdr.members...
[2026-08-24 02:51:16] [PROGRESS] resolve files> Scanning /mnt/c/Users/Sharof/AndroidStudioProjects/SecureGSI/codeql-db-kotlin/trap/java/classes/android/system/StructPollfd.members...
[2026-08-24 02:51:16] [PROGRESS] resolve files> Scanning /mnt/c/Users/Sharof/AndroidStudioProjects/SecureGSI/codeql-db-kotlin/trap/java/classes/android/system/StructStat.members...
[2026-08-24 02:51:16] [PROGRESS] resolve files> Scanning /mnt/c/Users/Sharof/AndroidStudioProjects/SecureGSI/codeql-db-kotlin/trap/java/classes/android/system/StructStatVfs.members...
[2026-08-24 02:51:16] [PROGRESS] resolve files> Scanning /mnt/c/Users/Sharof/AndroidStudioProjects/SecureGSI/codeql-db-kotlin/trap/java/classes/android/system/StructTimespec.members...
[2026-08-24 02:51:16] [PROGRESS] resolve files> Scanning /mnt/c/Users/Sharof/AndroidStudioProjects/SecureGSI/codeql-db-kotlin/trap/java/classes/android/system/StructTimeval.members...
[2026-08-24 02:51:16] [PROGRESS] resolve files> Scanning /mnt/c/Users/Sharof/AndroidStudioProjects/SecureGSI/codeql-db-kotlin/trap/java/classes/android/system/StructUtsname.members...
[2026-08-24 02:51:16] [PROGRESS] resolve files> Scanning /mnt/c/Users/Sharof/AndroidStudioProjects/SecureGSI/codeql-db-kotlin/trap/java/classes/android/text...
[2026-08-24 02:51:16] [PROGRESS] resolve files> Scanning /mnt/c/Users/Sharof/AndroidStudioProjects/SecureGSI/codeql-db-kotlin/trap/java/classes/android/text/Annotation.members...
[2026-08-24 02:51:16] [PROGRESS] resolve files> Scanning /mnt/c/Users/Sharof/AndroidStudioProjects/SecureGSI/codeql-db-kotlin/trap/java/classes/android/text/ClipboardManager.members...
[2026-08-24 02:51:16] [PROGRESS] resolve files> Scanning /mnt/c/Users/Sharof/AndroidStudioProjects/SecureGSI/codeql-db-kotlin/trap/java/classes/android/text/InputType.members...
[2026-08-24 02:51:16] [PROGRESS] resolve files> Scanning /mnt/c/Users/Sharof/AndroidStudioProjects/SecureGSI/codeql-db-kotlin/trap/java/classes/android/text/Layout$Alignment.members...
[2026-08-24 02:51:16] [PROGRESS] resolve files> Scanning /mnt/c/Users/Sharof/AndroidStudioProjects/SecureGSI/codeql-db-kotlin/trap/java/classes/android/text/Layout$Builder.members...
[2026-08-24 02:51:16] [PROGRESS] resolve files> Scanning /mnt/c/Users/Sharof/AndroidStudioProjects/SecureGSI/codeql-db-kotlin/trap/java/classes/android/text/Layout$Directions.members...
[2026-08-24 02:51:16] [PROGRESS] resolve files> Scanning /mnt/c/Users/Sharof/AndroidStudioProjects/SecureGSI/codeql-db-kotlin/trap/java/classes/android/text/Layout$TextInclusionStrategy.members...
[2026-08-24 02:51:16] [PROGRESS] resolve files> Scanning /mnt/c/Users/Sharof/AndroidStudioProjects/SecureGSI/codeql-db-kotlin/trap/java/classes/android/text/Layout.members...
[2026-08-24 02:51:16] [PROGRESS] resolve files> Scanning /mnt/c/Users/Sharof/AndroidStudioProjects/SecureGSI/codeql-db-kotlin/trap/java/classes/android/text/ParcelableSpan.members...
[2026-08-24 02:51:16] [PROGRESS] resolve files> Scanning /mnt/c/Users/Sharof/AndroidStudioProjects/SecureGSI/codeql-db-kotlin/trap/java/classes/android/text/SegmentFinder$PrescribedSegmentFinder.members...
[2026-08-24 02:51:16] [PROGRESS] resolve files> Scanning /mnt/c/Users/Sharof/AndroidStudioProjects/SecureGSI/codeql-db-kotlin/trap/java/classes/android/text/SegmentFinder.members...
[2026-08-24 02:51:16] [PROGRESS] resolve files> Scanning /mnt/c/Users/Sharof/AndroidStudioProjects/SecureGSI/codeql-db-kotlin/trap/java/classes/android/text/Spannable$Factory.members...
[2026-08-24 02:51:16] [PROGRESS] resolve files> Scanning /mnt/c/Users/Sharof/AndroidStudioProjects/SecureGSI/codeql-db-kotlin/trap/java/classes/android/text/Spannable.members...
[2026-08-24 02:51:16] [PROGRESS] resolve files> Scanning /mnt/c/Users/Sharof/AndroidStudioProjects/SecureGSI/codeql-db-kotlin/trap/java/classes/android/text/Spanned.members...
[2026-08-24 02:51:16] [PROGRESS] resolve files> Scanning /mnt/c/Users/Sharof/AndroidStudioProjects/SecureGSI/codeql-db-kotlin/trap/java/classes/android/text/style...
[2026-08-24 02:51:16] [PROGRESS] resolve files> Scanning /mnt/c/Users/Sharof/AndroidStudioProjects/SecureGSI/codeql-db-kotlin/trap/java/classes/android/text/style/CharacterStyle.members...
[2026-08-24 02:51:16] [PROGRESS] resolve files> Scanning /mnt/c/Users/Sharof/AndroidStudioProjects/SecureGSI/codeql-db-kotlin/trap/java/classes/android/text/style/ClickableSpan.members...
[2026-08-24 02:51:16] [PROGRESS] resolve files> Scanning /mnt/c/Users/Sharof/AndroidStudioProjects/SecureGSI/codeql-db-kotlin/trap/java/classes/android/text/style/UpdateAppearance.members...
[2026-08-24 02:51:16] [PROGRESS] resolve files> Scanning /mnt/c/Users/Sharof/AndroidStudioProjects/SecureGSI/codeql-db-kotlin/trap/java/classes/android/text/TextDirectionHeuristic.members...
[2026-08-24 02:51:16] [PROGRESS] resolve files> Scanning /mnt/c/Users/Sharof/AndroidStudioProjects/SecureGSI/codeql-db-kotlin/trap/java/classes/android/text/TextPaint.members...
[2026-08-24 02:51:16] [PROGRESS] resolve files> Scanning /mnt/c/Users/Sharof/AndroidStudioProjects/SecureGSI/codeql-db-kotlin/trap/java/classes/android/text/TextUtils$EllipsizeCallback.members...
[2026-08-24 02:51:16] [PROGRESS] resolve files> Scanning /mnt/c/Users/Sharof/AndroidStudioProjects/SecureGSI/codeql-db-kotlin/trap/java/classes/android/text/TextUtils$SimpleStringSplitter.members...
[2026-08-24 02:51:16] [PROGRESS] resolve files> Scanning /mnt/c/Users/Sharof/AndroidStudioProjects/SecureGSI/codeql-db-kotlin/trap/java/classes/android/text/TextUtils$StringSplitter.members...
[2026-08-24 02:51:16] [PROGRESS] resolve files> Scanning /mnt/c/Users/Sharof/AndroidStudioProjects/SecureGSI/codeql-db-kotlin/trap/java/classes/android/text/TextUtils$TruncateAt.members...
[2026-08-24 02:51:16] [PROGRESS] resolve files> Scanning /mnt/c/Users/Sharof/AndroidStudioProjects/SecureGSI/codeql-db-kotlin/trap/java/classes/android/text/TextUtils.members...
[2026-08-24 02:51:16] [PROGRESS] resolve files> Scanning /mnt/c/Users/Sharof/AndroidStudioProjects/SecureGSI/codeql-db-kotlin/trap/java/classes/android/transition...
[2026-08-24 02:51:16] [PROGRESS] resolve files> Scanning /mnt/c/Users/Sharof/AndroidStudioProjects/SecureGSI/codeql-db-kotlin/trap/java/classes/android/transition/PathMotion.members...
[2026-08-24 02:51:16] [PROGRESS] resolve files> Scanning /mnt/c/Users/Sharof/AndroidStudioProjects/SecureGSI/codeql-db-kotlin/trap/java/classes/android/transition/Scene.members...
[2026-08-24 02:51:16] [PROGRESS] resolve files> Scanning /mnt/c/Users/Sharof/AndroidStudioProjects/SecureGSI/codeql-db-kotlin/trap/java/classes/android/transition/Transition$EpicenterCallback.members...
[2026-08-24 02:51:16] [PROGRESS] resolve files> Scanning /mnt/c/Users/Sharof/AndroidStudioProjects/SecureGSI/codeql-db-kotlin/trap/java/classes/android/transition/Transition$TransitionListener.members...
[2026-08-24 02:51:16] [PROGRESS] resolve files> Scanning /mnt/c/Users/Sharof/AndroidStudioProjects/SecureGSI/codeql-db-kotlin/trap/java/classes/android/transition/Transition.members...
[2026-08-24 02:51:16] [PROGRESS] resolve files> Scanning /mnt/c/Users/Sharof/AndroidStudioProjects/SecureGSI/codeql-db-kotlin/trap/java/classes/android/transition/TransitionManager.members...
[2026-08-24 02:51:16] [PROGRESS] resolve files> Scanning /mnt/c/Users/Sharof/AndroidStudioProjects/SecureGSI/codeql-db-kotlin/trap/java/classes/android/transition/TransitionPropagation.members...
[2026-08-24 02:51:16] [PROGRESS] resolve files> Scanning /mnt/c/Users/Sharof/AndroidStudioProjects/SecureGSI/codeql-db-kotlin/trap/java/classes/android/transition/TransitionValues.members...
[2026-08-24 02:51:16] [PROGRESS] resolve files> Scanning /mnt/c/Users/Sharof/AndroidStudioProjects/SecureGSI/codeql-db-kotlin/trap/java/classes/android/util...
[2026-08-24 02:51:16] [PROGRESS] resolve files> Scanning /mnt/c/Users/Sharof/AndroidStudioProjects/SecureGSI/codeql-db-kotlin/trap/java/classes/android/util/AndroidException.members...
[2026-08-24 02:51:16] [PROGRESS] resolve files> Scanning /mnt/c/Users/Sharof/AndroidStudioProjects/SecureGSI/codeql-db-kotlin/trap/java/classes/android/util/AndroidRuntimeException.members...
[2026-08-24 02:51:16] [PROGRESS] resolve files> Scanning /mnt/c/Users/Sharof/AndroidStudioProjects/SecureGSI/codeql-db-kotlin/trap/java/classes/android/util/ArrayMap.members...
[2026-08-24 02:51:16] [PROGRESS] resolve files> Scanning /mnt/c/Users/Sharof/AndroidStudioProjects/SecureGSI/codeql-db-kotlin/trap/java/classes/android/util/AttributeSet.members...
[2026-08-24 02:51:16] [PROGRESS] resolve files> Scanning /mnt/c/Users/Sharof/AndroidStudioProjects/SecureGSI/codeql-db-kotlin/trap/java/classes/android/util/DisplayMetrics.members...
[2026-08-24 02:51:16] [PROGRESS] resolve files> Scanning /mnt/c/Users/Sharof/AndroidStudioProjects/SecureGSI/codeql-db-kotlin/trap/java/classes/android/util/Log.members...
[2026-08-24 02:51:16] [PROGRESS] resolve files> Scanning /mnt/c/Users/Sharof/AndroidStudioProjects/SecureGSI/codeql-db-kotlin/trap/java/classes/android/util/LongSparseArray.members...
[2026-08-24 02:51:16] [PROGRESS] resolve files> Scanning /mnt/c/Users/Sharof/AndroidStudioProjects/SecureGSI/codeql-db-kotlin/trap/java/classes/android/util/Pair.members...
[2026-08-24 02:51:16] [PROGRESS] resolve files> Scanning /mnt/c/Users/Sharof/AndroidStudioProjects/SecureGSI/codeql-db-kotlin/trap/java/classes/android/util/Printer.members...
[2026-08-24 02:51:16] [PROGRESS] resolve files> Scanning /mnt/c/Users/Sharof/AndroidStudioProjects/SecureGSI/codeql-db-kotlin/trap/java/classes/android/util/Property.members...
[2026-08-24 02:51:16] [PROGRESS] resolve files> Scanning /mnt/c/Users/Sharof/AndroidStudioProjects/SecureGSI/codeql-db-kotlin/trap/java/classes/android/util/Range.members...
[2026-08-24 02:51:16] [PROGRESS] resolve files> Scanning /mnt/c/Users/Sharof/AndroidStudioProjects/SecureGSI/codeql-db-kotlin/trap/java/classes/android/util/Rational.members...
[2026-08-24 02:51:16] [PROGRESS] resolve files> Scanning /mnt/c/Users/Sharof/AndroidStudioProjects/SecureGSI/codeql-db-kotlin/trap/java/classes/android/util/Size.members...
[2026-08-24 02:51:16] [PROGRESS] resolve files> Scanning /mnt/c/Users/Sharof/AndroidStudioProjects/SecureGSI/codeql-db-kotlin/trap/java/classes/android/util/SizeF.members...
[2026-08-24 02:51:16] [PROGRESS] resolve files> Scanning /mnt/c/Users/Sharof/AndroidStudioProjects/SecureGSI/codeql-db-kotlin/trap/java/classes/android/util/SparseArray.members...
[2026-08-24 02:51:16] [PROGRESS] resolve files> Scanning /mnt/c/Users/Sharof/AndroidStudioProjects/SecureGSI/codeql-db-kotlin/trap/java/classes/android/util/SparseBooleanArray.members...
[2026-08-24 02:51:16] [PROGRESS] resolve files> Scanning /mnt/c/Users/Sharof/AndroidStudioProjects/SecureGSI/codeql-db-kotlin/trap/java/classes/android/util/TypedValue.members...
[2026-08-24 02:51:16] [PROGRESS] resolve files> Scanning /mnt/c/Users/Sharof/AndroidStudioProjects/SecureGSI/codeql-db-kotlin/trap/java/classes/android/view...
[2026-08-24 02:51:16] [PROGRESS] resolve files> Scanning /mnt/c/Users/Sharof/AndroidStudioProjects/SecureGSI/codeql-db-kotlin/trap/java/classes/android/view/AbsSavedState.members...
[2026-08-24 02:51:16] [PROGRESS] resolve files> Scanning /mnt/c/Users/Sharof/AndroidStudioProjects/SecureGSI/codeql-db-kotlin/trap/java/classes/android/view/accessibility...
[2026-08-24 02:51:16] [PROGRESS] resolve files> Scanning /mnt/c/Users/Sharof/AndroidStudioProjects/SecureGSI/codeql-db-kotlin/trap/java/classes/android/view/accessibility/AccessibilityEvent.members...
[2026-08-24 02:51:16] [PROGRESS] resolve files> Scanning /mnt/c/Users/Sharof/AndroidStudioProjects/SecureGSI/codeql-db-kotlin/trap/java/classes/android/view/accessibility/AccessibilityEventSource.members...
[2026-08-24 02:51:16] [PROGRESS] resolve files> Scanning /mnt/c/Users/Sharof/AndroidStudioProjects/SecureGSI/codeql-db-kotlin/trap/java/classes/android/view/accessibility/AccessibilityNodeInfo$AccessibilityAction.members...
[2026-08-24 02:51:16] [PROGRESS] resolve files> Scanning /mnt/c/Users/Sharof/AndroidStudioProjects/SecureGSI/codeql-db-kotlin/trap/java/classes/android/view/accessibility/AccessibilityNodeInfo$CollectionInfo$Builder.members...
[2026-08-24 02:51:16] [PROGRESS] resolve files> Scanning /mnt/c/Users/Sharof/AndroidStudioProjects/SecureGSI/codeql-db-kotlin/trap/java/classes/android/view/accessibility/AccessibilityNodeInfo$CollectionInfo.members...
[2026-08-24 02:51:16] [PROGRESS] resolve files> Scanning /mnt/c/Users/Sharof/AndroidStudioProjects/SecureGSI/codeql-db-kotlin/trap/java/classes/android/view/accessibility/AccessibilityNodeInfo$CollectionItemInfo$Builder.members...
[2026-08-24 02:51:16] [PROGRESS] resolve files> Scanning /mnt/c/Users/Sharof/AndroidStudioProjects/SecureGSI/codeql-db-kotlin/trap/java/classes/android/view/accessibility/AccessibilityNodeInfo$CollectionItemInfo.members...
[2026-08-24 02:51:16] [PROGRESS] resolve files> Scanning /mnt/c/Users/Sharof/AndroidStudioProjects/SecureGSI/codeql-db-kotlin/trap/java/classes/android/view/accessibility/AccessibilityNodeInfo$ExtraRenderingInfo$Builder.members...
[2026-08-24 02:51:16] [PROGRESS] resolve files> Scanning /mnt/c/Users/Sharof/AndroidStudioProjects/SecureGSI/codeql-db-kotlin/trap/java/classes/android/view/accessibility/AccessibilityNodeInfo$ExtraRenderingInfo.members...
[2026-08-24 02:51:16] [PROGRESS] resolve files> Scanning /mnt/c/Users/Sharof/AndroidStudioProjects/SecureGSI/codeql-db-kotlin/trap/java/classes/android/view/accessibility/AccessibilityNodeInfo$MathInfo.members...
[2026-08-24 02:51:16] [PROGRESS] resolve files> Scanning /mnt/c/Users/Sharof/AndroidStudioProjects/SecureGSI/codeql-db-kotlin/trap/java/classes/android/view/accessibility/AccessibilityNodeInfo$RangeInfo.members...
[2026-08-24 02:51:16] [PROGRESS] resolve files> Scanning /mnt/c/Users/Sharof/AndroidStudioProjects/SecureGSI/codeql-db-kotlin/trap/java/classes/android/view/accessibility/AccessibilityNodeInfo$Selection.members...
[2026-08-24 02:51:16] [PROGRESS] resolve files> Scanning /mnt/c/Users/Sharof/AndroidStudioProjects/SecureGSI/codeql-db-kotlin/trap/java/classes/android/view/accessibility/AccessibilityNodeInfo$SelectionPosition.members...
[2026-08-24 02:51:16] [PROGRESS] resolve files> Scanning /mnt/c/Users/Sharof/AndroidStudioProjects/SecureGSI/codeql-db-kotlin/trap/java/classes/android/view/accessibility/AccessibilityNodeInfo$StructuredDataInfo.members...
[2026-08-24 02:51:16] [PROGRESS] resolve files> Scanning /mnt/c/Users/Sharof/AndroidStudioProjects/SecureGSI/codeql-db-kotlin/trap/java/classes/android/view/accessibility/AccessibilityNodeInfo$TouchDelegateInfo.members...
[2026-08-24 02:51:16] [PROGRESS] resolve files> Scanning /mnt/c/Users/Sharof/AndroidStudioProjects/SecureGSI/codeql-db-kotlin/trap/java/classes/android/view/accessibility/AccessibilityNodeInfo.members...
[2026-08-24 02:51:16] [PROGRESS] resolve files> Scanning /mnt/c/Users/Sharof/AndroidStudioProjects/SecureGSI/codeql-db-kotlin/trap/java/classes/android/view/accessibility/AccessibilityNodeProvider.members...
[2026-08-24 02:51:16] [PROGRESS] resolve files> Scanning /mnt/c/Users/Sharof/AndroidStudioProjects/SecureGSI/codeql-db-kotlin/trap/java/classes/android/view/accessibility/AccessibilityRecord.members...
[2026-08-24 02:51:16] [PROGRESS] resolve files> Scanning /mnt/c/Users/Sharof/AndroidStudioProjects/SecureGSI/codeql-db-kotlin/trap/java/classes/android/view/accessibility/AccessibilityWindowInfo.members...
[2026-08-24 02:51:16] [PROGRESS] resolve files> Scanning /mnt/c/Users/Sharof/AndroidStudioProjects/SecureGSI/codeql-db-kotlin/trap/java/classes/android/view/ActionMode$Callback.members...
[2026-08-24 02:51:16] [PROGRESS] resolve files> Scanning /mnt/c/Users/Sharof/AndroidStudioProjects/SecureGSI/codeql-db-kotlin/trap/java/classes/android/view/ActionMode$Callback2.members...
[2026-08-24 02:51:16] [PROGRESS] resolve files> Scanning /mnt/c/Users/Sharof/AndroidStudioProjects/SecureGSI/codeql-db-kotlin/trap/java/classes/android/view/ActionMode.members...
[2026-08-24 02:51:16] [PROGRESS] resolve files> Scanning /mnt/c/Users/Sharof/AndroidStudioProjects/SecureGSI/codeql-db-kotlin/trap/java/classes/android/view/ActionProvider$VisibilityListener.members...
[2026-08-24 02:51:16] [PROGRESS] resolve files> Scanning /mnt/c/Users/Sharof/AndroidStudioProjects/SecureGSI/codeql-db-kotlin/trap/java/classes/android/view/ActionProvider.members...
[2026-08-24 02:51:16] [PROGRESS] resolve files> Scanning /mnt/c/Users/Sharof/AndroidStudioProjects/SecureGSI/codeql-db-kotlin/trap/java/classes/android/view/animation...
[2026-08-24 02:51:16] [PROGRESS] resolve files> Scanning /mnt/c/Users/Sharof/AndroidStudioProjects/SecureGSI/codeql-db-kotlin/trap/java/classes/android/view/animation/Animation$AnimationListener.members...
[2026-08-24 02:51:16] [PROGRESS] resolve files> Scanning /mnt/c/Users/Sharof/AndroidStudioProjects/SecureGSI/codeql-db-kotlin/trap/java/classes/android/view/animation/Animation$Description.members...
[2026-08-24 02:51:16] [PROGRESS] resolve files> Scanning /mnt/c/Users/Sharof/AndroidStudioProjects/SecureGSI/codeql-db-kotlin/trap/java/classes/android/view/animation/Animation.members...
[2026-08-24 02:51:16] [PROGRESS] resolve files> Scanning /mnt/c/Users/Sharof/AndroidStudioProjects/SecureGSI/codeql-db-kotlin/trap/java/classes/android/view/animation/Interpolator.members...
[2026-08-24 02:51:16] [PROGRESS] resolve files> Scanning /mnt/c/Users/Sharof/AndroidStudioProjects/SecureGSI/codeql-db-kotlin/trap/java/classes/android/view/animation/LayoutAnimationController$AnimationParameters.members...
[2026-08-24 02:51:16] [PROGRESS] resolve files> Scanning /mnt/c/Users/Sharof/AndroidStudioProjects/SecureGSI/codeql-db-kotlin/trap/java/classes/android/view/animation/LayoutAnimationController.members...
[2026-08-24 02:51:16] [PROGRESS] resolve files> Scanning /mnt/c/Users/Sharof/AndroidStudioProjects/SecureGSI/codeql-db-kotlin/trap/java/classes/android/view/animation/Transformation.members...
[2026-08-24 02:51:16] [PROGRESS] resolve files> Scanning /mnt/c/Users/Sharof/AndroidStudioProjects/SecureGSI/codeql-db-kotlin/trap/java/classes/android/view/AttachedSurfaceControl$OnBufferTransformHintChangedListener.members...
[2026-08-24 02:51:16] [PROGRESS] resolve files> Scanning /mnt/c/Users/Sharof/AndroidStudioProjects/SecureGSI/codeql-db-kotlin/trap/java/classes/android/view/AttachedSurfaceControl.members...
[2026-08-24 02:51:16] [PROGRESS] resolve files> Scanning /mnt/c/Users/Sharof/AndroidStudioProjects/SecureGSI/codeql-db-kotlin/trap/java/classes/android/view/autofill...
[2026-08-24 02:51:16] [PROGRESS] resolve files> Scanning /mnt/c/Users/Sharof/AndroidStudioProjects/SecureGSI/codeql-db-kotlin/trap/java/classes/android/view/autofill/AutofillId.members...
[2026-08-24 02:51:16] [PROGRESS] resolve files> Scanning /mnt/c/Users/Sharof/AndroidStudioProjects/SecureGSI/codeql-db-kotlin/trap/java/classes/android/view/autofill/AutofillValue.members...
[2026-08-24 02:51:16] [PROGRESS] resolve files> Scanning /mnt/c/Users/Sharof/AndroidStudioProjects/SecureGSI/codeql-db-kotlin/trap/java/classes/android/view/Choreographer$FrameCallback.members...
[2026-08-24 02:51:16] [PROGRESS] resolve files> Scanning /mnt/c/Users/Sharof/AndroidStudioProjects/SecureGSI/codeql-db-kotlin/trap/java/classes/android/view/Choreographer$FrameData.members...
[2026-08-24 02:51:16] [PROGRESS] resolve files> Scanning /mnt/c/Users/Sharof/AndroidStudioProjects/SecureGSI/codeql-db-kotlin/trap/java/classes/android/view/Choreographer$FrameTimeline.members...
[2026-08-24 02:51:16] [PROGRESS] resolve files> Scanning /mnt/c/Users/Sharof/AndroidStudioProjects/SecureGSI/codeql-db-kotlin/trap/java/classes/android/view/Choreographer$VsyncCallback.members...
[2026-08-24 02:51:16] [PROGRESS] resolve files> Scanning /mnt/c/Users/Sharof/AndroidStudioProjects/SecureGSI/codeql-db-kotlin/trap/java/classes/android/view/Choreographer.members...
[2026-08-24 02:51:16] [PROGRESS] resolve files> Scanning /mnt/c/Users/Sharof/AndroidStudioProjects/SecureGSI/codeql-db-kotlin/trap/java/classes/android/view/contentcapture...
[2026-08-24 02:51:16] [PROGRESS] resolve files> Scanning /mnt/c/Users/Sharof/AndroidStudioProjects/SecureGSI/codeql-db-kotlin/trap/java/classes/android/view/contentcapture/ContentCaptureContext$Builder.members...
[2026-08-24 02:51:16] [PROGRESS] resolve files> Scanning /mnt/c/Users/Sharof/AndroidStudioProjects/SecureGSI/codeql-db-kotlin/trap/java/classes/android/view/contentcapture/ContentCaptureContext.members...
[2026-08-24 02:51:16] [PROGRESS] resolve files> Scanning /mnt/c/Users/Sharof/AndroidStudioProjects/SecureGSI/codeql-db-kotlin/trap/java/classes/android/view/contentcapture/ContentCaptureSession.members...
[2026-08-24 02:51:16] [PROGRESS] resolve files> Scanning /mnt/c/Users/Sharof/AndroidStudioProjects/SecureGSI/codeql-db-kotlin/trap/java/classes/android/view/contentcapture/ContentCaptureSessionId.members...
[2026-08-24 02:51:16] [PROGRESS] resolve files> Scanning /mnt/c/Users/Sharof/AndroidStudioProjects/SecureGSI/codeql-db-kotlin/trap/java/classes/android/view/ContentInfo$Builder.members...
[2026-08-24 02:51:16] [PROGRESS] resolve files> Scanning /mnt/c/Users/Sharof/AndroidStudioProjects/SecureGSI/codeql-db-kotlin/trap/java/classes/android/view/ContentInfo.members...
[2026-08-24 02:51:16] [PROGRESS] resolve files> Scanning /mnt/c/Users/Sharof/AndroidStudioProjects/SecureGSI/codeql-db-kotlin/trap/java/classes/android/view/ContextMenu$ContextMenuInfo.members...
[2026-08-24 02:51:16] [PROGRESS] resolve files> Scanning /mnt/c/Users/Sharof/AndroidStudioProjects/SecureGSI/codeql-db-kotlin/trap/java/classes/android/view/ContextMenu.members...
[2026-08-24 02:51:16] [PROGRESS] resolve files> Scanning /mnt/c/Users/Sharof/AndroidStudioProjects/SecureGSI/codeql-db-kotlin/trap/java/classes/android/view/ContextThemeWrapper.members...
[2026-08-24 02:51:16] [PROGRESS] resolve files> Scanning /mnt/c/Users/Sharof/AndroidStudioProjects/SecureGSI/codeql-db-kotlin/trap/java/classes/android/view/Display$HdrCapabilities.members...
[2026-08-24 02:51:16] [PROGRESS] resolve files> Scanning /mnt/c/Users/Sharof/AndroidStudioProjects/SecureGSI/codeql-db-kotlin/trap/java/classes/android/view/Display$Mode.members...
[2026-08-24 02:51:16] [PROGRESS] resolve files> Scanning /mnt/c/Users/Sharof/AndroidStudioProjects/SecureGSI/codeql-db-kotlin/trap/java/classes/android/view/Display.members...
[2026-08-24 02:51:16] [PROGRESS] resolve files> Scanning /mnt/c/Users/Sharof/AndroidStudioProjects/SecureGSI/codeql-db-kotlin/trap/java/classes/android/view/DisplayCutout$Builder.members...
[2026-08-24 02:51:16] [PROGRESS] resolve files> Scanning /mnt/c/Users/Sharof/AndroidStudioProjects/SecureGSI/codeql-db-kotlin/trap/java/classes/android/view/DisplayCutout.members...
[2026-08-24 02:51:16] [PROGRESS] resolve files> Scanning /mnt/c/Users/Sharof/AndroidStudioProjects/SecureGSI/codeql-db-kotlin/trap/java/classes/android/view/displayhash...
[2026-08-24 02:51:16] [PROGRESS] resolve files> Scanning /mnt/c/Users/Sharof/AndroidStudioProjects/SecureGSI/codeql-db-kotlin/trap/java/classes/android/view/displayhash/DisplayHash.members...
[2026-08-24 02:51:16] [PROGRESS] resolve files> Scanning /mnt/c/Users/Sharof/AndroidStudioProjects/SecureGSI/codeql-db-kotlin/trap/java/classes/android/view/displayhash/DisplayHashResultCallback.members...
[2026-08-24 02:51:16] [PROGRESS] resolve files> Scanning /mnt/c/Users/Sharof/AndroidStudioProjects/SecureGSI/codeql-db-kotlin/trap/java/classes/android/view/DisplayShape.members...
[2026-08-24 02:51:16] [PROGRESS] resolve files> Scanning /mnt/c/Users/Sharof/AndroidStudioProjects/SecureGSI/codeql-db-kotlin/trap/java/classes/android/view/DragAndDropPermissions.members...
[2026-08-24 02:51:16] [PROGRESS] resolve files> Scanning /mnt/c/Users/Sharof/AndroidStudioProjects/SecureGSI/codeql-db-kotlin/trap/java/classes/android/view/DragEvent.members...
[2026-08-24 02:51:16] [PROGRESS] resolve files> Scanning /mnt/c/Users/Sharof/AndroidStudioProjects/SecureGSI/codeql-db-kotlin/trap/java/classes/android/view/FrameMetrics.members...
[2026-08-24 02:51:16] [PROGRESS] resolve files> Scanning /mnt/c/Users/Sharof/AndroidStudioProjects/SecureGSI/codeql-db-kotlin/trap/java/classes/android/view/FrameRateVelocityPoint.members...
[2026-08-24 02:51:16] [PROGRESS] resolve files> Scanning /mnt/c/Users/Sharof/AndroidStudioProjects/SecureGSI/codeql-db-kotlin/trap/java/classes/android/view/InputDevice$MotionRange.members...
[2026-08-24 02:51:16] [PROGRESS] resolve files> Scanning /mnt/c/Users/Sharof/AndroidStudioProjects/SecureGSI/codeql-db-kotlin/trap/java/classes/android/view/InputDevice$ViewBehavior.members...
[2026-08-24 02:51:16] [PROGRESS] resolve files> Scanning /mnt/c/Users/Sharof/AndroidStudioProjects/SecureGSI/codeql-db-kotlin/trap/java/classes/android/view/InputDevice.members...
[2026-08-24 02:51:16] [PROGRESS] resolve files> Scanning /mnt/c/Users/Sharof/AndroidStudioProjects/SecureGSI/codeql-db-kotlin/trap/java/classes/android/view/InputEvent.members...
[2026-08-24 02:51:16] [PROGRESS] resolve files> Scanning /mnt/c/Users/Sharof/AndroidStudioProjects/SecureGSI/codeql-db-kotlin/trap/java/classes/android/view/inputmethod...
[2026-08-24 02:51:16] [PROGRESS] resolve files> Scanning /mnt/c/Users/Sharof/AndroidStudioProjects/SecureGSI/codeql-db-kotlin/trap/java/classes/android/view/inputmethod/CompletionInfo.members...
[2026-08-24 02:51:16] [PROGRESS] resolve files> Scanning /mnt/c/Users/Sharof/AndroidStudioProjects/SecureGSI/codeql-db-kotlin/trap/java/classes/android/view/inputmethod/CorrectionInfo.members...
[2026-08-24 02:51:16] [PROGRESS] resolve files> Scanning /mnt/c/Users/Sharof/AndroidStudioProjects/SecureGSI/codeql-db-kotlin/trap/java/classes/android/view/inputmethod/EditorInfo.members...
[2026-08-24 02:51:16] [PROGRESS] resolve files> Scanning /mnt/c/Users/Sharof/AndroidStudioProjects/SecureGSI/codeql-db-kotlin/trap/java/classes/android/view/inputmethod/ExtractedText.members...
[2026-08-24 02:51:16] [PROGRESS] resolve files> Scanning /mnt/c/Users/Sharof/AndroidStudioProjects/SecureGSI/codeql-db-kotlin/trap/java/classes/android/view/inputmethod/ExtractedTextRequest.members...
[2026-08-24 02:51:16] [PROGRESS] resolve files> Scanning /mnt/c/Users/Sharof/AndroidStudioProjects/SecureGSI/codeql-db-kotlin/trap/java/classes/android/view/inputmethod/HandwritingGesture.members...
[2026-08-24 02:51:16] [PROGRESS] resolve files> Scanning /mnt/c/Users/Sharof/AndroidStudioProjects/SecureGSI/codeql-db-kotlin/trap/java/classes/android/view/inputmethod/InputConnection.members...
[2026-08-24 02:51:16] [PROGRESS] resolve files> Scanning /mnt/c/Users/Sharof/AndroidStudioProjects/SecureGSI/codeql-db-kotlin/trap/java/classes/android/view/inputmethod/InputContentInfo.members...
[2026-08-24 02:51:16] [PROGRESS] resolve files> Scanning /mnt/c/Users/Sharof/AndroidStudioProjects/SecureGSI/codeql-db-kotlin/trap/java/classes/android/view/inputmethod/PreviewableHandwritingGesture.members...
[2026-08-24 02:51:16] [PROGRESS] resolve files> Scanning /mnt/c/Users/Sharof/AndroidStudioProjects/SecureGSI/codeql-db-kotlin/trap/java/classes/android/view/inputmethod/SurroundingText.members...
[2026-08-24 02:51:16] [PROGRESS] resolve files> Scanning /mnt/c/Users/Sharof/AndroidStudioProjects/SecureGSI/codeql-db-kotlin/trap/java/classes/android/view/inputmethod/TextAttribute$Builder.members...
[2026-08-24 02:51:16] [PROGRESS] resolve files> Scanning /mnt/c/Users/Sharof/AndroidStudioProjects/SecureGSI/codeql-db-kotlin/trap/java/classes/android/view/inputmethod/TextAttribute.members...
[2026-08-24 02:51:16] [PROGRESS] resolve files> Scanning /mnt/c/Users/Sharof/AndroidStudioProjects/SecureGSI/codeql-db-kotlin/trap/java/classes/android/view/inputmethod/TextBoundsInfo$Builder.members...
[2026-08-24 02:51:16] [PROGRESS] resolve files> Scanning /mnt/c/Users/Sharof/AndroidStudioProjects/SecureGSI/codeql-db-kotlin/trap/java/classes/android/view/inputmethod/TextBoundsInfo.members...
[2026-08-24 02:51:16] [PROGRESS] resolve files> Scanning /mnt/c/Users/Sharof/AndroidStudioProjects/SecureGSI/codeql-db-kotlin/trap/java/classes/android/view/inputmethod/TextBoundsInfoResult.members...
[2026-08-24 02:51:16] [PROGRESS] resolve files> Scanning /mnt/c/Users/Sharof/AndroidStudioProjects/SecureGSI/codeql-db-kotlin/trap/java/classes/android/view/inputmethod/TextSnapshot.members...
[2026-08-24 02:51:16] [PROGRESS] resolve files> Scanning /mnt/c/Users/Sharof/AndroidStudioProjects/SecureGSI/codeql-db-kotlin/trap/java/classes/android/view/InputQueue$Callback.members...
[2026-08-24 02:51:16] [PROGRESS] resolve files> Scanning /mnt/c/Users/Sharof/AndroidStudioProjects/SecureGSI/codeql-db-kotlin/trap/java/classes/android/view/InputQueue.members...
[2026-08-24 02:51:16] [PROGRESS] resolve files> Scanning /mnt/c/Users/Sharof/AndroidStudioProjects/SecureGSI/codeql-db-kotlin/trap/java/classes/android/view/KeyboardShortcutGroup.members...
[2026-08-24 02:51:16] [PROGRESS] resolve files> Scanning /mnt/c/Users/Sharof/AndroidStudioProjects/SecureGSI/codeql-db-kotlin/trap/java/classes/android/view/KeyboardShortcutInfo.members...
[2026-08-24 02:51:16] [PROGRESS] resolve files> Scanning /mnt/c/Users/Sharof/AndroidStudioProjects/SecureGSI/codeql-db-kotlin/trap/java/classes/android/view/KeyCharacterMap$KeyData.members...
[2026-08-24 02:51:16] [PROGRESS] resolve files> Scanning /mnt/c/Users/Sharof/AndroidStudioProjects/SecureGSI/codeql-db-kotlin/trap/java/classes/android/view/KeyCharacterMap$UnavailableException.members...
[2026-08-24 02:51:16] [PROGRESS] resolve files> Scanning /mnt/c/Users/Sharof/AndroidStudioProjects/SecureGSI/codeql-db-kotlin/trap/java/classes/android/view/KeyCharacterMap.members...
[2026-08-24 02:51:16] [PROGRESS] resolve files> Scanning /mnt/c/Users/Sharof/AndroidStudioProjects/SecureGSI/codeql-db-kotlin/trap/java/classes/android/view/KeyEvent$Callback.members...
[2026-08-24 02:51:16] [PROGRESS] resolve files> Scanning /mnt/c/Users/Sharof/AndroidStudioProjects/SecureGSI/codeql-db-kotlin/trap/java/classes/android/view/KeyEvent$DispatcherState.members...
[2026-08-24 02:51:16] [PROGRESS] resolve files> Scanning /mnt/c/Users/Sharof/AndroidStudioProjects/SecureGSI/codeql-db-kotlin/trap/java/classes/android/view/KeyEvent.members...
[2026-08-24 02:51:16] [PROGRESS] resolve files> Scanning /mnt/c/Users/Sharof/AndroidStudioProjects/SecureGSI/codeql-db-kotlin/trap/java/classes/android/view/LayoutInflater$Factory.members...
[2026-08-24 02:51:16] [PROGRESS] resolve files> Scanning /mnt/c/Users/Sharof/AndroidStudioProjects/SecureGSI/codeql-db-kotlin/trap/java/classes/android/view/LayoutInflater$Factory2.members...
[2026-08-24 02:51:16] [PROGRESS] resolve files> Scanning /mnt/c/Users/Sharof/AndroidStudioProjects/SecureGSI/codeql-db-kotlin/trap/java/classes/android/view/LayoutInflater$Filter.members...
[2026-08-24 02:51:16] [PROGRESS] resolve files> Scanning /mnt/c/Users/Sharof/AndroidStudioProjects/SecureGSI/codeql-db-kotlin/trap/java/classes/android/view/LayoutInflater.members...
[2026-08-24 02:51:16] [PROGRESS] resolve files> Scanning /mnt/c/Users/Sharof/AndroidStudioProjects/SecureGSI/codeql-db-kotlin/trap/java/classes/android/view/Menu.members...
[2026-08-24 02:51:16] [PROGRESS] resolve files> Scanning /mnt/c/Users/Sharof/AndroidStudioProjects/SecureGSI/codeql-db-kotlin/trap/java/classes/android/view/MenuInflater.members...
[2026-08-24 02:51:16] [PROGRESS] resolve files> Scanning /mnt/c/Users/Sharof/AndroidStudioProjects/SecureGSI/codeql-db-kotlin/trap/java/classes/android/view/MenuItem$OnActionExpandListener.members...
[2026-08-24 02:51:16] [PROGRESS] resolve files> Scanning /mnt/c/Users/Sharof/AndroidStudioProjects/SecureGSI/codeql-db-kotlin/trap/java/classes/android/view/MenuItem$OnMenuItemClickListener.members...
[2026-08-24 02:51:16] [PROGRESS] resolve files> Scanning /mnt/c/Users/Sharof/AndroidStudioProjects/SecureGSI/codeql-db-kotlin/trap/java/classes/android/view/MenuItem.members...
[2026-08-24 02:51:16] [PROGRESS] resolve files> Scanning /mnt/c/Users/Sharof/AndroidStudioProjects/SecureGSI/codeql-db-kotlin/trap/java/classes/android/view/MotionEvent$PointerCoords.members...
[2026-08-24 02:51:16] [PROGRESS] resolve files> Scanning /mnt/c/Users/Sharof/AndroidStudioProjects/SecureGSI/codeql-db-kotlin/trap/java/classes/android/view/MotionEvent$PointerProperties.members...
[2026-08-24 02:51:16] [PROGRESS] resolve files> Scanning /mnt/c/Users/Sharof/AndroidStudioProjects/SecureGSI/codeql-db-kotlin/trap/java/classes/android/view/MotionEvent.members...
[2026-08-24 02:51:16] [PROGRESS] resolve files> Scanning /mnt/c/Users/Sharof/AndroidStudioProjects/SecureGSI/codeql-db-kotlin/trap/java/classes/android/view/OnReceiveContentListener.members...
[2026-08-24 02:51:16] [PROGRESS] resolve files> Scanning /mnt/c/Users/Sharof/AndroidStudioProjects/SecureGSI/codeql-db-kotlin/trap/java/classes/android/view/PointerIcon.members...
[2026-08-24 02:51:16] [PROGRESS] resolve files> Scanning /mnt/c/Users/Sharof/AndroidStudioProjects/SecureGSI/codeql-db-kotlin/trap/java/classes/android/view/RoundedCorner.members...
[2026-08-24 02:51:16] [PROGRESS] resolve files> Scanning /mnt/c/Users/Sharof/AndroidStudioProjects/SecureGSI/codeql-db-kotlin/trap/java/classes/android/view/ScrollCaptureCallback.members...
[2026-08-24 02:51:16] [PROGRESS] resolve files> Scanning /mnt/c/Users/Sharof/AndroidStudioProjects/SecureGSI/codeql-db-kotlin/trap/java/classes/android/view/ScrollCaptureSession.members...
[2026-08-24 02:51:16] [PROGRESS] resolve files> Scanning /mnt/c/Users/Sharof/AndroidStudioProjects/SecureGSI/codeql-db-kotlin/trap/java/classes/android/view/ScrollCaptureTarget.members...
[2026-08-24 02:51:16] [PROGRESS] resolve files> Scanning /mnt/c/Users/Sharof/AndroidStudioProjects/SecureGSI/codeql-db-kotlin/trap/java/classes/android/view/SearchEvent.members...
[2026-08-24 02:51:16] [PROGRESS] resolve files> Scanning /mnt/c/Users/Sharof/AndroidStudioProjects/SecureGSI/codeql-db-kotlin/trap/java/classes/android/view/SubMenu.members...
[2026-08-24 02:51:16] [PROGRESS] resolve files> Scanning /mnt/c/Users/Sharof/AndroidStudioProjects/SecureGSI/codeql-db-kotlin/trap/java/classes/android/view/Surface$OutOfResourcesException.members...
[2026-08-24 02:51:16] [PROGRESS] resolve files> Scanning /mnt/c/Users/Sharof/AndroidStudioProjects/SecureGSI/codeql-db-kotlin/trap/java/classes/android/view/Surface.members...
[2026-08-24 02:51:16] [PROGRESS] resolve files> Scanning /mnt/c/Users/Sharof/AndroidStudioProjects/SecureGSI/codeql-db-kotlin/trap/java/classes/android/view/SurfaceControl$Builder.members...
[2026-08-24 02:51:16] [PROGRESS] resolve files> Scanning /mnt/c/Users/Sharof/AndroidStudioProjects/SecureGSI/codeql-db-kotlin/trap/java/classes/android/view/SurfaceControl$JankData.members...
[2026-08-24 02:51:16] [PROGRESS] resolve files> Scanning /mnt/c/Users/Sharof/AndroidStudioProjects/SecureGSI/codeql-db-kotlin/trap/java/classes/android/view/SurfaceControl$OnJankDataListener.members...
[2026-08-24 02:51:16] [PROGRESS] resolve files> Scanning /mnt/c/Users/Sharof/AndroidStudioProjects/SecureGSI/codeql-db-kotlin/trap/java/classes/android/view/SurfaceControl$OnJankDataListenerRegistration.members...
[2026-08-24 02:51:16] [PROGRESS] resolve files> Scanning /mnt/c/Users/Sharof/AndroidStudioProjects/SecureGSI/codeql-db-kotlin/trap/java/classes/android/view/SurfaceControl$Transaction.members...
[2026-08-24 02:51:16] [PROGRESS] resolve files> Scanning /mnt/c/Users/Sharof/AndroidStudioProjects/SecureGSI/codeql-db-kotlin/trap/java/classes/android/view/SurfaceControl$TransactionCommittedListener.members...
[2026-08-24 02:51:16] [PROGRESS] resolve files> Scanning /mnt/c/Users/Sharof/AndroidStudioProjects/SecureGSI/codeql-db-kotlin/trap/java/classes/android/view/SurfaceControl$TransactionStats.members...
[2026-08-24 02:51:16] [PROGRESS] resolve files> Scanning /mnt/c/Users/Sharof/AndroidStudioProjects/SecureGSI/codeql-db-kotlin/trap/java/classes/android/view/SurfaceControl$TrustedPresentationThresholds.members...
[2026-08-24 02:51:16] [PROGRESS] resolve files> Scanning /mnt/c/Users/Sharof/AndroidStudioProjects/SecureGSI/codeql-db-kotlin/trap/java/classes/android/view/SurfaceControl.members...
[2026-08-24 02:51:16] [PROGRESS] resolve files> Scanning /mnt/c/Users/Sharof/AndroidStudioProjects/SecureGSI/codeql-db-kotlin/trap/java/classes/android/view/SurfaceControlInputReceiver.members...
[2026-08-24 02:51:16] [PROGRESS] resolve files> Scanning /mnt/c/Users/Sharof/AndroidStudioProjects/SecureGSI/codeql-db-kotlin/trap/java/classes/android/view/SurfaceHolder$BadSurfaceTypeException.members...
[2026-08-24 02:51:16] [PROGRESS] resolve files> Scanning /mnt/c/Users/Sharof/AndroidStudioProjects/SecureGSI/codeql-db-kotlin/trap/java/classes/android/view/SurfaceHolder$Callback.members...
[2026-08-24 02:51:16] [PROGRESS] resolve files> Scanning /mnt/c/Users/Sharof/AndroidStudioProjects/SecureGSI/codeql-db-kotlin/trap/java/classes/android/view/SurfaceHolder$Callback2.members...
[2026-08-24 02:51:16] [PROGRESS] resolve files> Scanning /mnt/c/Users/Sharof/AndroidStudioProjects/SecureGSI/codeql-db-kotlin/trap/java/classes/android/view/SurfaceHolder.members...
[2026-08-24 02:51:16] [PROGRESS] resolve files> Scanning /mnt/c/Users/Sharof/AndroidStudioProjects/SecureGSI/codeql-db-kotlin/trap/java/classes/android/view/textclassifier...
[2026-08-24 02:51:16] [PROGRESS] resolve files> Scanning /mnt/c/Users/Sharof/AndroidStudioProjects/SecureGSI/codeql-db-kotlin/trap/java/classes/android/view/textclassifier/ConversationAction$Builder.members...
[2026-08-24 02:51:16] [PROGRESS] resolve files> Scanning /mnt/c/Users/Sharof/AndroidStudioProjects/SecureGSI/codeql-db-kotlin/trap/java/classes/android/view/textclassifier/ConversationAction.members...
[2026-08-24 02:51:16] [PROGRESS] resolve files> Scanning /mnt/c/Users/Sharof/AndroidStudioProjects/SecureGSI/codeql-db-kotlin/trap/java/classes/android/view/textclassifier/ConversationActions$Message$Builder.members...
[2026-08-24 02:51:17] [PROGRESS] resolve files> Scanning /mnt/c/Users/Sharof/AndroidStudioProjects/SecureGSI/codeql-db-kotlin/trap/java/classes/android/view/textclassifier/ConversationActions$Message.members...
[2026-08-24 02:51:17] [PROGRESS] resolve files> Scanning /mnt/c/Users/Sharof/AndroidStudioProjects/SecureGSI/codeql-db-kotlin/trap/java/classes/android/view/textclassifier/ConversationActions$Request$Builder.members...
[2026-08-24 02:51:17] [PROGRESS] resolve files> Scanning /mnt/c/Users/Sharof/AndroidStudioProjects/SecureGSI/codeql-db-kotlin/trap/java/classes/android/view/textclassifier/ConversationActions$Request.members...
[2026-08-24 02:51:17] [PROGRESS] resolve files> Scanning /mnt/c/Users/Sharof/AndroidStudioProjects/SecureGSI/codeql-db-kotlin/trap/java/classes/android/view/textclassifier/ConversationActions.members...
[2026-08-24 02:51:17] [PROGRESS] resolve files> Scanning /mnt/c/Users/Sharof/AndroidStudioProjects/SecureGSI/codeql-db-kotlin/trap/java/classes/android/view/textclassifier/SelectionEvent.members...
[2026-08-24 02:51:17] [PROGRESS] resolve files> Scanning /mnt/c/Users/Sharof/AndroidStudioProjects/SecureGSI/codeql-db-kotlin/trap/java/classes/android/view/textclassifier/TextClassification$Builder.members...
[2026-08-24 02:51:17] [PROGRESS] resolve files> Scanning /mnt/c/Users/Sharof/AndroidStudioProjects/SecureGSI/codeql-db-kotlin/trap/java/classes/android/view/textclassifier/TextClassification$Request$Builder.members...
[2026-08-24 02:51:17] [PROGRESS] resolve files> Scanning /mnt/c/Users/Sharof/AndroidStudioProjects/SecureGSI/codeql-db-kotlin/trap/java/classes/android/view/textclassifier/TextClassification$Request.members...
[2026-08-24 02:51:17] [PROGRESS] resolve files> Scanning /mnt/c/Users/Sharof/AndroidStudioProjects/SecureGSI/codeql-db-kotlin/trap/java/classes/android/view/textclassifier/TextClassification.members...
[2026-08-24 02:51:17] [PROGRESS] resolve files> Scanning /mnt/c/Users/Sharof/AndroidStudioProjects/SecureGSI/codeql-db-kotlin/trap/java/classes/android/view/textclassifier/TextClassificationContext$Builder.members...
[2026-08-24 02:51:17] [PROGRESS] resolve files> Scanning /mnt/c/Users/Sharof/AndroidStudioProjects/SecureGSI/codeql-db-kotlin/trap/java/classes/android/view/textclassifier/TextClassificationContext.members...
[2026-08-24 02:51:17] [PROGRESS] resolve files> Scanning /mnt/c/Users/Sharof/AndroidStudioProjects/SecureGSI/codeql-db-kotlin/trap/java/classes/android/view/textclassifier/TextClassificationSessionId.members...
[2026-08-24 02:51:17] [PROGRESS] resolve files> Scanning /mnt/c/Users/Sharof/AndroidStudioProjects/SecureGSI/codeql-db-kotlin/trap/java/classes/android/view/textclassifier/TextClassifier$EntityConfig$Builder.members...
[2026-08-24 02:51:17] [PROGRESS] resolve files> Scanning /mnt/c/Users/Sharof/AndroidStudioProjects/SecureGSI/codeql-db-kotlin/trap/java/classes/android/view/textclassifier/TextClassifier$EntityConfig.members...
[2026-08-24 02:51:17] [PROGRESS] resolve files> Scanning /mnt/c/Users/Sharof/AndroidStudioProjects/SecureGSI/codeql-db-kotlin/trap/java/classes/android/view/textclassifier/TextClassifier.members...
[2026-08-24 02:51:17] [PROGRESS] resolve files> Scanning /mnt/c/Users/Sharof/AndroidStudioProjects/SecureGSI/codeql-db-kotlin/trap/java/classes/android/view/textclassifier/TextClassifierEvent$Builder.members...
[2026-08-24 02:51:17] [PROGRESS] resolve files> Scanning /mnt/c/Users/Sharof/AndroidStudioProjects/SecureGSI/codeql-db-kotlin/trap/java/classes/android/view/textclassifier/TextClassifierEvent$ConversationActionsEvent$Builder.members...
[2026-08-24 02:51:17] [PROGRESS] resolve files> Scanning /mnt/c/Users/Sharof/AndroidStudioProjects/SecureGSI/codeql-db-kotlin/trap/java/classes/android/view/textclassifier/TextClassifierEvent$ConversationActionsEvent.members...
[2026-08-24 02:51:17] [PROGRESS] resolve files> Scanning /mnt/c/Users/Sharof/AndroidStudioProjects/SecureGSI/codeql-db-kotlin/trap/java/classes/android/view/textclassifier/TextClassifierEvent$LanguageDetectionEvent$Builder.members...
[2026-08-24 02:51:17] [PROGRESS] resolve files> Scanning /mnt/c/Users/Sharof/AndroidStudioProjects/SecureGSI/codeql-db-kotlin/trap/java/classes/android/view/textclassifier/TextClassifierEvent$LanguageDetectionEvent.members...
[2026-08-24 02:51:17] [PROGRESS] resolve files> Scanning /mnt/c/Users/Sharof/AndroidStudioProjects/SecureGSI/codeql-db-kotlin/trap/java/classes/android/view/textclassifier/TextClassifierEvent$TextLinkifyEvent$Builder.members...
[2026-08-24 02:51:17] [PROGRESS] resolve files> Scanning /mnt/c/Users/Sharof/AndroidStudioProjects/SecureGSI/codeql-db-kotlin/trap/java/classes/android/view/textclassifier/TextClassifierEvent$TextLinkifyEvent.members...
[2026-08-24 02:51:17] [PROGRESS] resolve files> Scanning /mnt/c/Users/Sharof/AndroidStudioProjects/SecureGSI/codeql-db-kotlin/trap/java/classes/android/view/textclassifier/TextClassifierEvent$TextSelectionEvent$Builder.members...
[2026-08-24 02:51:17] [PROGRESS] resolve files> Scanning /mnt/c/Users/Sharof/AndroidStudioProjects/SecureGSI/codeql-db-kotlin/trap/java/classes/android/view/textclassifier/TextClassifierEvent$TextSelectionEvent.members...
[2026-08-24 02:51:17] [PROGRESS] resolve files> Scanning /mnt/c/Users/Sharof/AndroidStudioProjects/SecureGSI/codeql-db-kotlin/trap/java/classes/android/view/textclassifier/TextClassifierEvent.members...
[2026-08-24 02:51:17] [PROGRESS] resolve files> Scanning /mnt/c/Users/Sharof/AndroidStudioProjects/SecureGSI/codeql-db-kotlin/trap/java/classes/android/view/textclassifier/TextLanguage$Builder.members...
[2026-08-24 02:51:17] [PROGRESS] resolve files> Scanning /mnt/c/Users/Sharof/AndroidStudioProjects/SecureGSI/codeql-db-kotlin/trap/java/classes/android/view/textclassifier/TextLanguage$Request$Builder.members...
[2026-08-24 02:51:17] [PROGRESS] resolve files> Scanning /mnt/c/Users/Sharof/AndroidStudioProjects/SecureGSI/codeql-db-kotlin/trap/java/classes/android/view/textclassifier/TextLanguage$Request.members...
[2026-08-24 02:51:17] [PROGRESS] resolve files> Scanning /mnt/c/Users/Sharof/AndroidStudioProjects/SecureGSI/codeql-db-kotlin/trap/java/classes/android/view/textclassifier/TextLanguage.members...
[2026-08-24 02:51:17] [PROGRESS] resolve files> Scanning /mnt/c/Users/Sharof/AndroidStudioProjects/SecureGSI/codeql-db-kotlin/trap/java/classes/android/view/textclassifier/TextLinks$Builder.members...
[2026-08-24 02:51:17] [PROGRESS] resolve files> Scanning /mnt/c/Users/Sharof/AndroidStudioProjects/SecureGSI/codeql-db-kotlin/trap/java/classes/android/view/textclassifier/TextLinks$Request$Builder.members...
[2026-08-24 02:51:17] [PROGRESS] resolve files> Scanning /mnt/c/Users/Sharof/AndroidStudioProjects/SecureGSI/codeql-db-kotlin/trap/java/classes/android/view/textclassifier/TextLinks$Request.members...
[2026-08-24 02:51:17] [PROGRESS] resolve files> Scanning /mnt/c/Users/Sharof/AndroidStudioProjects/SecureGSI/codeql-db-kotlin/trap/java/classes/android/view/textclassifier/TextLinks$TextLink.members...
[2026-08-24 02:51:17] [PROGRESS] resolve files> Scanning /mnt/c/Users/Sharof/AndroidStudioProjects/SecureGSI/codeql-db-kotlin/trap/java/classes/android/view/textclassifier/TextLinks$TextLinkSpan.members...
[2026-08-24 02:51:17] [PROGRESS] resolve files> Scanning /mnt/c/Users/Sharof/AndroidStudioProjects/SecureGSI/codeql-db-kotlin/trap/java/classes/android/view/textclassifier/TextLinks.members...
[2026-08-24 02:51:17] [PROGRESS] resolve files> Scanning /mnt/c/Users/Sharof/AndroidStudioProjects/SecureGSI/codeql-db-kotlin/trap/java/classes/android/view/textclassifier/TextSelection$Builder.members...
[2026-08-24 02:51:17] [PROGRESS] resolve files> Scanning /mnt/c/Users/Sharof/AndroidStudioProjects/SecureGSI/codeql-db-kotlin/trap/java/classes/android/view/textclassifier/TextSelection$Request$Builder.members...
[2026-08-24 02:51:17] [PROGRESS] resolve files> Scanning /mnt/c/Users/Sharof/AndroidStudioProjects/SecureGSI/codeql-db-kotlin/trap/java/classes/android/view/textclassifier/TextSelection$Request.members...
[2026-08-24 02:51:17] [PROGRESS] resolve files> Scanning /mnt/c/Users/Sharof/AndroidStudioProjects/SecureGSI/codeql-db-kotlin/trap/java/classes/android/view/textclassifier/TextSelection.members...
[2026-08-24 02:51:17] [PROGRESS] resolve files> Scanning /mnt/c/Users/Sharof/AndroidStudioProjects/SecureGSI/codeql-db-kotlin/trap/java/classes/android/view/TouchDelegate.members...
[2026-08-24 02:51:17] [PROGRESS] resolve files> Scanning /mnt/c/Users/Sharof/AndroidStudioProjects/SecureGSI/codeql-db-kotlin/trap/java/classes/android/view/translation...
[2026-08-24 02:51:17] [PROGRESS] resolve files> Scanning /mnt/c/Users/Sharof/AndroidStudioProjects/SecureGSI/codeql-db-kotlin/trap/java/classes/android/view/translation/TranslationCapability.members...
[2026-08-24 02:51:17] [PROGRESS] resolve files> Scanning /mnt/c/Users/Sharof/AndroidStudioProjects/SecureGSI/codeql-db-kotlin/trap/java/classes/android/view/translation/TranslationRequestValue.members...
[2026-08-24 02:51:17] [PROGRESS] resolve files> Scanning /mnt/c/Users/Sharof/AndroidStudioProjects/SecureGSI/codeql-db-kotlin/trap/java/classes/android/view/translation/TranslationResponseValue$Builder.members...
[2026-08-24 02:51:17] [PROGRESS] resolve files> Scanning /mnt/c/Users/Sharof/AndroidStudioProjects/SecureGSI/codeql-db-kotlin/trap/java/classes/android/view/translation/TranslationResponseValue.members...
[2026-08-24 02:51:17] [PROGRESS] resolve files> Scanning /mnt/c/Users/Sharof/AndroidStudioProjects/SecureGSI/codeql-db-kotlin/trap/java/classes/android/view/translation/TranslationSpec.members...
[2026-08-24 02:51:17] [PROGRESS] resolve files> Scanning /mnt/c/Users/Sharof/AndroidStudioProjects/SecureGSI/codeql-db-kotlin/trap/java/classes/android/view/translation/ViewTranslationCallback.members...
[2026-08-24 02:51:17] [PROGRESS] resolve files> Scanning /mnt/c/Users/Sharof/AndroidStudioProjects/SecureGSI/codeql-db-kotlin/trap/java/classes/android/view/translation/ViewTranslationRequest$Builder.members...
[2026-08-24 02:51:17] [PROGRESS] resolve files> Scanning /mnt/c/Users/Sharof/AndroidStudioProjects/SecureGSI/codeql-db-kotlin/trap/java/classes/android/view/translation/ViewTranslationRequest.members...
[2026-08-24 02:51:17] [PROGRESS] resolve files> Scanning /mnt/c/Users/Sharof/AndroidStudioProjects/SecureGSI/codeql-db-kotlin/trap/java/classes/android/view/translation/ViewTranslationResponse$Builder.members...
[2026-08-24 02:51:17] [PROGRESS] resolve files> Scanning /mnt/c/Users/Sharof/AndroidStudioProjects/SecureGSI/codeql-db-kotlin/trap/java/classes/android/view/translation/ViewTranslationResponse.members...
[2026-08-24 02:51:17] [PROGRESS] resolve files> Scanning /mnt/c/Users/Sharof/AndroidStudioProjects/SecureGSI/codeql-db-kotlin/trap/java/classes/android/view/View$AccessibilityDelegate.members...
[2026-08-24 02:51:17] [PROGRESS] resolve files> Scanning /mnt/c/Users/Sharof/AndroidStudioProjects/SecureGSI/codeql-db-kotlin/trap/java/classes/android/view/View$BaseSavedState.members...
[2026-08-24 02:51:17] [PROGRESS] resolve files> Scanning /mnt/c/Users/Sharof/AndroidStudioProjects/SecureGSI/codeql-db-kotlin/trap/java/classes/android/view/View$CalledFromWrongThreadListener.members...
[2026-08-24 02:51:17] [PROGRESS] resolve files> Scanning /mnt/c/Users/Sharof/AndroidStudioProjects/SecureGSI/codeql-db-kotlin/trap/java/classes/android/view/View$DragShadowBuilder.members...
[2026-08-24 02:51:17] [PROGRESS] resolve files> Scanning /mnt/c/Users/Sharof/AndroidStudioProjects/SecureGSI/codeql-db-kotlin/trap/java/classes/android/view/View$MeasureSpec.members...
[2026-08-24 02:51:17] [PROGRESS] resolve files> Scanning /mnt/c/Users/Sharof/AndroidStudioProjects/SecureGSI/codeql-db-kotlin/trap/java/classes/android/view/View$OnApplyWindowInsetsListener.members...
[2026-08-24 02:51:17] [PROGRESS] resolve files> Scanning /mnt/c/Users/Sharof/AndroidStudioProjects/SecureGSI/codeql-db-kotlin/trap/java/classes/android/view/View$OnAttachStateChangeListener.members...
[2026-08-24 02:51:17] [PROGRESS] resolve files> Scanning /mnt/c/Users/Sharof/AndroidStudioProjects/SecureGSI/codeql-db-kotlin/trap/java/classes/android/view/View$OnCapturedPointerListener.members...
[2026-08-24 02:51:17] [PROGRESS] resolve files> Scanning /mnt/c/Users/Sharof/AndroidStudioProjects/SecureGSI/codeql-db-kotlin/trap/java/classes/android/view/View$OnClickListener.members...
[2026-08-24 02:51:17] [PROGRESS] resolve files> Scanning /mnt/c/Users/Sharof/AndroidStudioProjects/SecureGSI/codeql-db-kotlin/trap/java/classes/android/view/View$OnContextClickListener.members...
[2026-08-24 02:51:17] [PROGRESS] resolve files> Scanning /mnt/c/Users/Sharof/AndroidStudioProjects/SecureGSI/codeql-db-kotlin/trap/java/classes/android/view/View$OnCreateContextMenuListener.members...
[2026-08-24 02:51:17] [PROGRESS] resolve files> Scanning /mnt/c/Users/Sharof/AndroidStudioProjects/SecureGSI/codeql-db-kotlin/trap/java/classes/android/view/View$OnDragListener.members...
[2026-08-24 02:51:17] [PROGRESS] resolve files> Scanning /mnt/c/Users/Sharof/AndroidStudioProjects/SecureGSI/codeql-db-kotlin/trap/java/classes/android/view/View$OnFocusChangeListener.members...
[2026-08-24 02:51:17] [PROGRESS] resolve files> Scanning /mnt/c/Users/Sharof/AndroidStudioProjects/SecureGSI/codeql-db-kotlin/trap/java/classes/android/view/View$OnGenericMotionListener.members...
[2026-08-24 02:51:17] [PROGRESS] resolve files> Scanning /mnt/c/Users/Sharof/AndroidStudioProjects/SecureGSI/codeql-db-kotlin/trap/java/classes/android/view/View$OnHoverListener.members...
[2026-08-24 02:51:17] [PROGRESS] resolve files> Scanning /mnt/c/Users/Sharof/AndroidStudioProjects/SecureGSI/codeql-db-kotlin/trap/java/classes/android/view/View$OnKeyListener.members...
[2026-08-24 02:51:17] [PROGRESS] resolve files> Scanning /mnt/c/Users/Sharof/AndroidStudioProjects/SecureGSI/codeql-db-kotlin/trap/java/classes/android/view/View$OnLayoutChangeListener.members...
[2026-08-24 02:51:17] [PROGRESS] resolve files> Scanning /mnt/c/Users/Sharof/AndroidStudioProjects/SecureGSI/codeql-db-kotlin/trap/java/classes/android/view/View$OnLongClickListener.members...
[2026-08-24 02:51:17] [PROGRESS] resolve files> Scanning /mnt/c/Users/Sharof/AndroidStudioProjects/SecureGSI/codeql-db-kotlin/trap/java/classes/android/view/View$OnScrollChangeListener.members...
[2026-08-24 02:51:17] [PROGRESS] resolve files> Scanning /mnt/c/Users/Sharof/AndroidStudioProjects/SecureGSI/codeql-db-kotlin/trap/java/classes/android/view/View$OnSystemUiVisibilityChangeListener.members...
[2026-08-24 02:51:17] [PROGRESS] resolve files> Scanning /mnt/c/Users/Sharof/AndroidStudioProjects/SecureGSI/codeql-db-kotlin/trap/java/classes/android/view/View$OnTouchListener.members...
[2026-08-24 02:51:17] [PROGRESS] resolve files> Scanning /mnt/c/Users/Sharof/AndroidStudioProjects/SecureGSI/codeql-db-kotlin/trap/java/classes/android/view/View$OnUnhandledKeyEventListener.members...
[2026-08-24 02:51:17] [PROGRESS] resolve files> Scanning /mnt/c/Users/Sharof/AndroidStudioProjects/SecureGSI/codeql-db-kotlin/trap/java/classes/android/view/View.members...
[2026-08-24 02:51:17] [PROGRESS] resolve files> Scanning /mnt/c/Users/Sharof/AndroidStudioProjects/SecureGSI/codeql-db-kotlin/trap/java/classes/android/view/ViewDebug$CapturedViewProperty.members...
[2026-08-24 02:51:17] [PROGRESS] resolve files> Scanning /mnt/c/Users/Sharof/AndroidStudioProjects/SecureGSI/codeql-db-kotlin/trap/java/classes/android/view/ViewDebug$ExportedProperty.members...
[2026-08-24 02:51:17] [PROGRESS] resolve files> Scanning /mnt/c/Users/Sharof/AndroidStudioProjects/SecureGSI/codeql-db-kotlin/trap/java/classes/android/view/ViewDebug$FlagToString.members...
[2026-08-24 02:51:17] [PROGRESS] resolve files> Scanning /mnt/c/Users/Sharof/AndroidStudioProjects/SecureGSI/codeql-db-kotlin/trap/java/classes/android/view/ViewDebug$HierarchyTraceType.members...
[2026-08-24 02:51:17] [PROGRESS] resolve files> Scanning /mnt/c/Users/Sharof/AndroidStudioProjects/SecureGSI/codeql-db-kotlin/trap/java/classes/android/view/ViewDebug$IntToString.members...
[2026-08-24 02:51:17] [PROGRESS] resolve files> Scanning /mnt/c/Users/Sharof/AndroidStudioProjects/SecureGSI/codeql-db-kotlin/trap/java/classes/android/view/ViewDebug$RecyclerTraceType.members...
[2026-08-24 02:51:17] [PROGRESS] resolve files> Scanning /mnt/c/Users/Sharof/AndroidStudioProjects/SecureGSI/codeql-db-kotlin/trap/java/classes/android/view/ViewDebug.members...
[2026-08-24 02:51:17] [PROGRESS] resolve files> Scanning /mnt/c/Users/Sharof/AndroidStudioProjects/SecureGSI/codeql-db-kotlin/trap/java/classes/android/view/ViewGroup$LayoutParams.members...
[2026-08-24 02:51:17] [PROGRESS] resolve files> Scanning /mnt/c/Users/Sharof/AndroidStudioProjects/SecureGSI/codeql-db-kotlin/trap/java/classes/android/view/ViewGroup$MarginLayoutParams.members...
[2026-08-24 02:51:17] [PROGRESS] resolve files> Scanning /mnt/c/Users/Sharof/AndroidStudioProjects/SecureGSI/codeql-db-kotlin/trap/java/classes/android/view/ViewGroup$OnHierarchyChangeListener.members...
[2026-08-24 02:51:17] [PROGRESS] resolve files> Scanning /mnt/c/Users/Sharof/AndroidStudioProjects/SecureGSI/codeql-db-kotlin/trap/java/classes/android/view/ViewGroup.members...
[2026-08-24 02:51:17] [PROGRESS] resolve files> Scanning /mnt/c/Users/Sharof/AndroidStudioProjects/SecureGSI/codeql-db-kotlin/trap/java/classes/android/view/ViewGroupOverlay.members...
[2026-08-24 02:51:17] [PROGRESS] resolve files> Scanning /mnt/c/Users/Sharof/AndroidStudioProjects/SecureGSI/codeql-db-kotlin/trap/java/classes/android/view/ViewManager.members...
[2026-08-24 02:51:17] [PROGRESS] resolve files> Scanning /mnt/c/Users/Sharof/AndroidStudioProjects/SecureGSI/codeql-db-kotlin/trap/java/classes/android/view/ViewOutlineProvider.members...
[2026-08-24 02:51:17] [PROGRESS] resolve files> Scanning /mnt/c/Users/Sharof/AndroidStudioProjects/SecureGSI/codeql-db-kotlin/trap/java/classes/android/view/ViewOverlay.members...
[2026-08-24 02:51:17] [PROGRESS] resolve files> Scanning /mnt/c/Users/Sharof/AndroidStudioProjects/SecureGSI/codeql-db-kotlin/trap/java/classes/android/view/ViewParent.members...
[2026-08-24 02:51:17] [PROGRESS] resolve files> Scanning /mnt/c/Users/Sharof/AndroidStudioProjects/SecureGSI/codeql-db-kotlin/trap/java/classes/android/view/ViewPropertyAnimator.members...
[2026-08-24 02:51:17] [PROGRESS] resolve files> Scanning /mnt/c/Users/Sharof/AndroidStudioProjects/SecureGSI/codeql-db-kotlin/trap/java/classes/android/view/ViewStructure$HtmlInfo$Builder.members...
[2026-08-24 02:51:17] [PROGRESS] resolve files> Scanning /mnt/c/Users/Sharof/AndroidStudioProjects/SecureGSI/codeql-db-kotlin/trap/java/classes/android/view/ViewStructure$HtmlInfo.members...
[2026-08-24 02:51:17] [PROGRESS] resolve files> Scanning /mnt/c/Users/Sharof/AndroidStudioProjects/SecureGSI/codeql-db-kotlin/trap/java/classes/android/view/ViewStructure.members...
[2026-08-24 02:51:17] [PROGRESS] resolve files> Scanning /mnt/c/Users/Sharof/AndroidStudioProjects/SecureGSI/codeql-db-kotlin/trap/java/classes/android/view/ViewTreeObserver$OnDrawListener.members...
[2026-08-24 02:51:17] [PROGRESS] resolve files> Scanning /mnt/c/Users/Sharof/AndroidStudioProjects/SecureGSI/codeql-db-kotlin/trap/java/classes/android/view/ViewTreeObserver$OnGlobalFocusChangeListener.members...
[2026-08-24 02:51:17] [PROGRESS] resolve files> Scanning /mnt/c/Users/Sharof/AndroidStudioProjects/SecureGSI/codeql-db-kotlin/trap/java/classes/android/view/ViewTreeObserver$OnGlobalLayoutListener.members...
[2026-08-24 02:51:17] [PROGRESS] resolve files> Scanning /mnt/c/Users/Sharof/AndroidStudioProjects/SecureGSI/codeql-db-kotlin/trap/java/classes/android/view/ViewTreeObserver$OnPreDrawListener.members...
[2026-08-24 02:51:17] [PROGRESS] resolve files> Scanning /mnt/c/Users/Sharof/AndroidStudioProjects/SecureGSI/codeql-db-kotlin/trap/java/classes/android/view/ViewTreeObserver$OnScrollChangedListener.members...
[2026-08-24 02:51:17] [PROGRESS] resolve files> Scanning /mnt/c/Users/Sharof/AndroidStudioProjects/SecureGSI/codeql-db-kotlin/trap/java/classes/android/view/ViewTreeObserver$OnTouchModeChangeListener.members...
[2026-08-24 02:51:17] [PROGRESS] resolve files> Scanning /mnt/c/Users/Sharof/AndroidStudioProjects/SecureGSI/codeql-db-kotlin/trap/java/classes/android/view/ViewTreeObserver$OnWindowAttachListener.members...
[2026-08-24 02:51:17] [PROGRESS] resolve files> Scanning /mnt/c/Users/Sharof/AndroidStudioProjects/SecureGSI/codeql-db-kotlin/trap/java/classes/android/view/ViewTreeObserver$OnWindowFocusChangeListener.members...
[2026-08-24 02:51:17] [PROGRESS] resolve files> Scanning /mnt/c/Users/Sharof/AndroidStudioProjects/SecureGSI/codeql-db-kotlin/trap/java/classes/android/view/ViewTreeObserver$OnWindowVisibilityChangeListener.members...
[2026-08-24 02:51:17] [PROGRESS] resolve files> Scanning /mnt/c/Users/Sharof/AndroidStudioProjects/SecureGSI/codeql-db-kotlin/trap/java/classes/android/view/ViewTreeObserver.members...
[2026-08-24 02:51:17] [PROGRESS] resolve files> Scanning /mnt/c/Users/Sharof/AndroidStudioProjects/SecureGSI/codeql-db-kotlin/trap/java/classes/android/view/Window$Callback.members...
[2026-08-24 02:51:17] [PROGRESS] resolve files> Scanning /mnt/c/Users/Sharof/AndroidStudioProjects/SecureGSI/codeql-db-kotlin/trap/java/classes/android/view/Window$OnFrameMetricsAvailableListener.members...
[2026-08-24 02:51:17] [PROGRESS] resolve files> Scanning /mnt/c/Users/Sharof/AndroidStudioProjects/SecureGSI/codeql-db-kotlin/trap/java/classes/android/view/Window$OnRestrictedCaptionAreaChangedListener.members...
[2026-08-24 02:51:17] [PROGRESS] resolve files> Scanning /mnt/c/Users/Sharof/AndroidStudioProjects/SecureGSI/codeql-db-kotlin/trap/java/classes/android/view/Window.members...
[2026-08-24 02:51:17] [PROGRESS] resolve files> Scanning /mnt/c/Users/Sharof/AndroidStudioProjects/SecureGSI/codeql-db-kotlin/trap/java/classes/android/view/WindowId$FocusObserver.members...
[2026-08-24 02:51:17] [PROGRESS] resolve files> Scanning /mnt/c/Users/Sharof/AndroidStudioProjects/SecureGSI/codeql-db-kotlin/trap/java/classes/android/view/WindowId.members...
[2026-08-24 02:51:17] [PROGRESS] resolve files> Scanning /mnt/c/Users/Sharof/AndroidStudioProjects/SecureGSI/codeql-db-kotlin/trap/java/classes/android/view/WindowInsets$Builder.members...
[2026-08-24 02:51:17] [PROGRESS] resolve files> Scanning /mnt/c/Users/Sharof/AndroidStudioProjects/SecureGSI/codeql-db-kotlin/trap/java/classes/android/view/WindowInsets$Side.members...
[2026-08-24 02:51:17] [PROGRESS] resolve files> Scanning /mnt/c/Users/Sharof/AndroidStudioProjects/SecureGSI/codeql-db-kotlin/trap/java/classes/android/view/WindowInsets$Type.members...
[2026-08-24 02:51:17] [PROGRESS] resolve files> Scanning /mnt/c/Users/Sharof/AndroidStudioProjects/SecureGSI/codeql-db-kotlin/trap/java/classes/android/view/WindowInsets.members...
[2026-08-24 02:51:17] [PROGRESS] resolve files> Scanning /mnt/c/Users/Sharof/AndroidStudioProjects/SecureGSI/codeql-db-kotlin/trap/java/classes/android/view/WindowInsetsAnimation$Bounds.members...
[2026-08-24 02:51:17] [PROGRESS] resolve files> Scanning /mnt/c/Users/Sharof/AndroidStudioProjects/SecureGSI/codeql-db-kotlin/trap/java/classes/android/view/WindowInsetsAnimation$Callback.members...
[2026-08-24 02:51:17] [PROGRESS] resolve files> Scanning /mnt/c/Users/Sharof/AndroidStudioProjects/SecureGSI/codeql-db-kotlin/trap/java/classes/android/view/WindowInsetsAnimation.members...
[2026-08-24 02:51:17] [PROGRESS] resolve files> Scanning /mnt/c/Users/Sharof/AndroidStudioProjects/SecureGSI/codeql-db-kotlin/trap/java/classes/android/view/WindowInsetsAnimationController.members...
[2026-08-24 02:51:17] [PROGRESS] resolve files> Scanning /mnt/c/Users/Sharof/AndroidStudioProjects/SecureGSI/codeql-db-kotlin/trap/java/classes/android/view/WindowInsetsAnimationControlListener.members...
[2026-08-24 02:51:17] [PROGRESS] resolve files> Scanning /mnt/c/Users/Sharof/AndroidStudioProjects/SecureGSI/codeql-db-kotlin/trap/java/classes/android/view/WindowInsetsController$OnControllableInsetsChangedListener.members...
[2026-08-24 02:51:17] [PROGRESS] resolve files> Scanning /mnt/c/Users/Sharof/AndroidStudioProjects/SecureGSI/codeql-db-kotlin/trap/java/classes/android/view/WindowInsetsController.members...
[2026-08-24 02:51:17] [PROGRESS] resolve files> Scanning /mnt/c/Users/Sharof/AndroidStudioProjects/SecureGSI/codeql-db-kotlin/trap/java/classes/android/view/WindowManager$BadTokenException.members...
[2026-08-24 02:51:17] [PROGRESS] resolve files> Scanning /mnt/c/Users/Sharof/AndroidStudioProjects/SecureGSI/codeql-db-kotlin/trap/java/classes/android/view/WindowManager$InvalidDisplayException.members...
[2026-08-24 02:51:17] [PROGRESS] resolve files> Scanning /mnt/c/Users/Sharof/AndroidStudioProjects/SecureGSI/codeql-db-kotlin/trap/java/classes/android/view/WindowManager$LayoutParams.members...
[2026-08-24 02:51:17] [PROGRESS] resolve files> Scanning /mnt/c/Users/Sharof/AndroidStudioProjects/SecureGSI/codeql-db-kotlin/trap/java/classes/android/view/WindowManager.members...
[2026-08-24 02:51:17] [PROGRESS] resolve files> Scanning /mnt/c/Users/Sharof/AndroidStudioProjects/SecureGSI/codeql-db-kotlin/trap/java/classes/android/view/WindowMetrics.members...
[2026-08-24 02:51:17] [PROGRESS] resolve files> Scanning /mnt/c/Users/Sharof/AndroidStudioProjects/SecureGSI/codeql-db-kotlin/trap/java/classes/android/widget...
[2026-08-24 02:51:17] [PROGRESS] resolve files> Scanning /mnt/c/Users/Sharof/AndroidStudioProjects/SecureGSI/codeql-db-kotlin/trap/java/classes/android/widget/Adapter.members...
[2026-08-24 02:51:17] [PROGRESS] resolve files> Scanning /mnt/c/Users/Sharof/AndroidStudioProjects/SecureGSI/codeql-db-kotlin/trap/java/classes/android/widget/FrameLayout$LayoutParams.members...
[2026-08-24 02:51:17] [PROGRESS] resolve files> Scanning /mnt/c/Users/Sharof/AndroidStudioProjects/SecureGSI/codeql-db-kotlin/trap/java/classes/android/widget/FrameLayout.members...
[2026-08-24 02:51:17] [PROGRESS] resolve files> Scanning /mnt/c/Users/Sharof/AndroidStudioProjects/SecureGSI/codeql-db-kotlin/trap/java/classes/android/widget/RemoteViews$ActionException.members...
[2026-08-24 02:51:17] [PROGRESS] resolve files> Scanning /mnt/c/Users/Sharof/AndroidStudioProjects/SecureGSI/codeql-db-kotlin/trap/java/classes/android/widget/RemoteViews$DrawInstructions$Builder.members...
[2026-08-24 02:51:17] [PROGRESS] resolve files> Scanning /mnt/c/Users/Sharof/AndroidStudioProjects/SecureGSI/codeql-db-kotlin/trap/java/classes/android/widget/RemoteViews$DrawInstructions.members...
[2026-08-24 02:51:17] [PROGRESS] resolve files> Scanning /mnt/c/Users/Sharof/AndroidStudioProjects/SecureGSI/codeql-db-kotlin/trap/java/classes/android/widget/RemoteViews$RemoteCollectionItems$Builder.members...
[2026-08-24 02:51:17] [PROGRESS] resolve files> Scanning /mnt/c/Users/Sharof/AndroidStudioProjects/SecureGSI/codeql-db-kotlin/trap/java/classes/android/widget/RemoteViews$RemoteCollectionItems.members...
[2026-08-24 02:51:17] [PROGRESS] resolve files> Scanning /mnt/c/Users/Sharof/AndroidStudioProjects/SecureGSI/codeql-db-kotlin/trap/java/classes/android/widget/RemoteViews$RemoteResponse.members...
[2026-08-24 02:51:17] [PROGRESS] resolve files> Scanning /mnt/c/Users/Sharof/AndroidStudioProjects/SecureGSI/codeql-db-kotlin/trap/java/classes/android/widget/RemoteViews$RemoteView.members...
[2026-08-24 02:51:17] [PROGRESS] resolve files> Scanning /mnt/c/Users/Sharof/AndroidStudioProjects/SecureGSI/codeql-db-kotlin/trap/java/classes/android/widget/RemoteViews$RemoteViewOutlineProvider.members...
[2026-08-24 02:51:17] [PROGRESS] resolve files> Scanning /mnt/c/Users/Sharof/AndroidStudioProjects/SecureGSI/codeql-db-kotlin/trap/java/classes/android/widget/RemoteViews.members...
[2026-08-24 02:51:17] [PROGRESS] resolve files> Scanning /mnt/c/Users/Sharof/AndroidStudioProjects/SecureGSI/codeql-db-kotlin/trap/java/classes/android/widget/SpinnerAdapter.members...
[2026-08-24 02:51:17] [PROGRESS] resolve files> Scanning /mnt/c/Users/Sharof/AndroidStudioProjects/SecureGSI/codeql-db-kotlin/trap/java/classes/android/widget/Toolbar$LayoutParams.members...
[2026-08-24 02:51:17] [PROGRESS] resolve files> Scanning /mnt/c/Users/Sharof/AndroidStudioProjects/SecureGSI/codeql-db-kotlin/trap/java/classes/android/widget/Toolbar$OnMenuItemClickListener.members...
[2026-08-24 02:51:17] [PROGRESS] resolve files> Scanning /mnt/c/Users/Sharof/AndroidStudioProjects/SecureGSI/codeql-db-kotlin/trap/java/classes/android/widget/Toolbar.members...
[2026-08-24 02:51:17] [PROGRESS] resolve files> Scanning /mnt/c/Users/Sharof/AndroidStudioProjects/SecureGSI/codeql-db-kotlin/trap/java/classes/android/window...
[2026-08-24 02:51:17] [PROGRESS] resolve files> Scanning /mnt/c/Users/Sharof/AndroidStudioProjects/SecureGSI/codeql-db-kotlin/trap/java/classes/android/window/BackEvent.members...
[2026-08-24 02:51:17] [PROGRESS] resolve files> Scanning /mnt/c/Users/Sharof/AndroidStudioProjects/SecureGSI/codeql-db-kotlin/trap/java/classes/android/window/InputTransferToken.members...
[2026-08-24 02:51:17] [PROGRESS] resolve files> Scanning /mnt/c/Users/Sharof/AndroidStudioProjects/SecureGSI/codeql-db-kotlin/trap/java/classes/android/window/OnBackInvokedCallback.members...
[2026-08-24 02:51:17] [PROGRESS] resolve files> Scanning /mnt/c/Users/Sharof/AndroidStudioProjects/SecureGSI/codeql-db-kotlin/trap/java/classes/android/window/OnBackInvokedDispatcher.members...
[2026-08-24 02:51:17] [PROGRESS] resolve files> Scanning /mnt/c/Users/Sharof/AndroidStudioProjects/SecureGSI/codeql-db-kotlin/trap/java/classes/android/window/SplashScreen$OnExitAnimationListener.members...
[2026-08-24 02:51:17] [PROGRESS] resolve files> Scanning /mnt/c/Users/Sharof/AndroidStudioProjects/SecureGSI/codeql-db-kotlin/trap/java/classes/android/window/SplashScreen.members...
[2026-08-24 02:51:17] [PROGRESS] resolve files> Scanning /mnt/c/Users/Sharof/AndroidStudioProjects/SecureGSI/codeql-db-kotlin/trap/java/classes/android/window/SplashScreenView.members...
[2026-08-24 02:51:17] [PROGRESS] resolve files> Scanning /mnt/c/Users/Sharof/AndroidStudioProjects/SecureGSI/codeql-db-kotlin/trap/java/classes/android/window/TrustedPresentationThresholds.members...
[2026-08-24 02:51:17] [PROGRESS] resolve files> Scanning /mnt/c/Users/Sharof/AndroidStudioProjects/SecureGSI/codeql-db-kotlin/trap/java/classes/androidx...
[2026-08-24 02:51:17] [PROGRESS] resolve files> Scanning /mnt/c/Users/Sharof/AndroidStudioProjects/SecureGSI/codeql-db-kotlin/trap/java/classes/androidx/activity...
[2026-08-24 02:51:17] [PROGRESS] resolve files> Scanning /mnt/c/Users/Sharof/AndroidStudioProjects/SecureGSI/codeql-db-kotlin/trap/java/classes/androidx/activity/BackEventCompat$Companion.members...
[2026-08-24 02:51:17] [PROGRESS] resolve files> Scanning /mnt/c/Users/Sharof/AndroidStudioProjects/SecureGSI/codeql-db-kotlin/trap/java/classes/androidx/activity/BackEventCompat$SwipeEdge.members...
[2026-08-24 02:51:17] [PROGRESS] resolve files> Scanning /mnt/c/Users/Sharof/AndroidStudioProjects/SecureGSI/codeql-db-kotlin/trap/java/classes/androidx/activity/BackEventCompat.members...
[2026-08-24 02:51:17] [PROGRESS] resolve files> Scanning /mnt/c/Users/Sharof/AndroidStudioProjects/SecureGSI/codeql-db-kotlin/trap/java/classes/androidx/activity/ComponentActivity$NonConfigurationInstances.members...
[2026-08-24 02:51:17] [PROGRESS] resolve files> Scanning /mnt/c/Users/Sharof/AndroidStudioProjects/SecureGSI/codeql-db-kotlin/trap/java/classes/androidx/activity/ComponentActivity.members...
[2026-08-24 02:51:17] [PROGRESS] resolve files> Scanning /mnt/c/Users/Sharof/AndroidStudioProjects/SecureGSI/codeql-db-kotlin/trap/java/classes/androidx/activity/compose...
[2026-08-24 02:51:17] [PROGRESS] resolve files> Scanning /mnt/c/Users/Sharof/AndroidStudioProjects/SecureGSI/codeql-db-kotlin/trap/java/classes/androidx/activity/compose/ActivityResultLauncherHolder.members...
[2026-08-24 02:51:17] [PROGRESS] resolve files> Scanning /mnt/c/Users/Sharof/AndroidStudioProjects/SecureGSI/codeql-db-kotlin/trap/java/classes/androidx/activity/compose/ManagedActivityResultLauncher.members...
[2026-08-24 02:51:17] [PROGRESS] resolve files> Scanning /mnt/c/Users/Sharof/AndroidStudioProjects/SecureGSI/codeql-db-kotlin/trap/java/classes/androidx/activity/compose/rememberLauncherForActivityResult(androidx.activity.result.contract.ActivityResultContract,kotlin.jvm.functions.Function1,and#b8069a75.members...
[2026-08-24 02:51:17] [PROGRESS] resolve files> Scanning /mnt/c/Users/Sharof/AndroidStudioProjects/SecureGSI/codeql-db-kotlin/trap/java/classes/androidx/activity/compose/setContent(androidx.activity.ComponentActivity,androidx.compose.runtime.CompositionContext,kotlin.jvm.#ac183be4.members...
[2026-08-24 02:51:17] [PROGRESS] resolve files> Scanning /mnt/c/Users/Sharof/AndroidStudioProjects/SecureGSI/codeql-db-kotlin/trap/java/classes/androidx/activity/contextaware...
[2026-08-24 02:51:17] [PROGRESS] resolve files> Scanning /mnt/c/Users/Sharof/AndroidStudioProjects/SecureGSI/codeql-db-kotlin/trap/java/classes/androidx/activity/contextaware/ContextAware.members...
[2026-08-24 02:51:17] [PROGRESS] resolve files> Scanning /mnt/c/Users/Sharof/AndroidStudioProjects/SecureGSI/codeql-db-kotlin/trap/java/classes/androidx/activity/contextaware/OnContextAvailableListener.members...
[2026-08-24 02:51:17] [PROGRESS] resolve files> Scanning /mnt/c/Users/Sharof/AndroidStudioProjects/SecureGSI/codeql-db-kotlin/trap/java/classes/androidx/activity/FullyDrawnReporter.members...
[2026-08-24 02:51:17] [PROGRESS] resolve files> Scanning /mnt/c/Users/Sharof/AndroidStudioProjects/SecureGSI/codeql-db-kotlin/trap/java/classes/androidx/activity/FullyDrawnReporterOwner.members...
[2026-08-24 02:51:17] [PROGRESS] resolve files> Scanning /mnt/c/Users/Sharof/AndroidStudioProjects/SecureGSI/codeql-db-kotlin/trap/java/classes/androidx/activity/OnBackPressedCallback$OnBackPressedEventHandler.members...
[2026-08-24 02:51:17] [PROGRESS] resolve files> Scanning /mnt/c/Users/Sharof/AndroidStudioProjects/SecureGSI/codeql-db-kotlin/trap/java/classes/androidx/activity/OnBackPressedCallback.members...
[2026-08-24 02:51:17] [PROGRESS] resolve files> Scanning /mnt/c/Users/Sharof/AndroidStudioProjects/SecureGSI/codeql-db-kotlin/trap/java/classes/androidx/activity/OnBackPressedDispatcher.members...
[2026-08-24 02:51:17] [PROGRESS] resolve files> Scanning /mnt/c/Users/Sharof/AndroidStudioProjects/SecureGSI/codeql-db-kotlin/trap/java/classes/androidx/activity/OnBackPressedDispatcherOwner.members...
[2026-08-24 02:51:17] [PROGRESS] resolve files> Scanning /mnt/c/Users/Sharof/AndroidStudioProjects/SecureGSI/codeql-db-kotlin/trap/java/classes/androidx/activity/result...
[2026-08-24 02:51:17] [PROGRESS] resolve files> Scanning /mnt/c/Users/Sharof/AndroidStudioProjects/SecureGSI/codeql-db-kotlin/trap/java/classes/androidx/activity/result/ActivityResult$Companion.members...
[2026-08-24 02:51:17] [PROGRESS] resolve files> Scanning /mnt/c/Users/Sharof/AndroidStudioProjects/SecureGSI/codeql-db-kotlin/trap/java/classes/androidx/activity/result/ActivityResult.members...
[2026-08-24 02:51:17] [PROGRESS] resolve files> Scanning /mnt/c/Users/Sharof/AndroidStudioProjects/SecureGSI/codeql-db-kotlin/trap/java/classes/androidx/activity/result/ActivityResultCallback.members...
[2026-08-24 02:51:17] [PROGRESS] resolve files> Scanning /mnt/c/Users/Sharof/AndroidStudioProjects/SecureGSI/codeql-db-kotlin/trap/java/classes/androidx/activity/result/ActivityResultCaller.members...
[2026-08-24 02:51:17] [PROGRESS] resolve files> Scanning /mnt/c/Users/Sharof/AndroidStudioProjects/SecureGSI/codeql-db-kotlin/trap/java/classes/androidx/activity/result/ActivityResultLauncher.members...
[2026-08-24 02:51:17] [PROGRESS] resolve files> Scanning /mnt/c/Users/Sharof/AndroidStudioProjects/SecureGSI/codeql-db-kotlin/trap/java/classes/androidx/activity/result/ActivityResultRegistry.members...
[2026-08-24 02:51:17] [PROGRESS] resolve files> Scanning /mnt/c/Users/Sharof/AndroidStudioProjects/SecureGSI/codeql-db-kotlin/trap/java/classes/androidx/activity/result/ActivityResultRegistryOwner.members...
[2026-08-24 02:51:17] [PROGRESS] resolve files> Scanning /mnt/c/Users/Sharof/AndroidStudioProjects/SecureGSI/codeql-db-kotlin/trap/java/classes/androidx/activity/result/contract...
[2026-08-24 02:51:17] [PROGRESS] resolve files> Scanning /mnt/c/Users/Sharof/AndroidStudioProjects/SecureGSI/codeql-db-kotlin/trap/java/classes/androidx/activity/result/contract/ActivityResultContract$SynchronousResult.members...
[2026-08-24 02:51:17] [PROGRESS] resolve files> Scanning /mnt/c/Users/Sharof/AndroidStudioProjects/SecureGSI/codeql-db-kotlin/trap/java/classes/androidx/activity/result/contract/ActivityResultContract.members...
[2026-08-24 02:51:17] [PROGRESS] resolve files> Scanning /mnt/c/Users/Sharof/AndroidStudioProjects/SecureGSI/codeql-db-kotlin/trap/java/classes/androidx/activity/result/contract/ActivityResultContracts$CaptureVideo.members...
[2026-08-24 02:51:17] [PROGRESS] resolve files> Scanning /mnt/c/Users/Sharof/AndroidStudioProjects/SecureGSI/codeql-db-kotlin/trap/java/classes/androidx/activity/result/contract/ActivityResultContracts$CreateDocument.members...
[2026-08-24 02:51:17] [PROGRESS] resolve files> Scanning /mnt/c/Users/Sharof/AndroidStudioProjects/SecureGSI/codeql-db-kotlin/trap/java/classes/androidx/activity/result/contract/ActivityResultContracts$GetContent.members...
[2026-08-24 02:51:17] [PROGRESS] resolve files> Scanning /mnt/c/Users/Sharof/AndroidStudioProjects/SecureGSI/codeql-db-kotlin/trap/java/classes/androidx/activity/result/contract/ActivityResultContracts$GetMultipleContents$Companion.members...
[2026-08-24 02:51:17] [PROGRESS] resolve files> Scanning /mnt/c/Users/Sharof/AndroidStudioProjects/SecureGSI/codeql-db-kotlin/trap/java/classes/androidx/activity/result/contract/ActivityResultContracts$GetMultipleContents.members...
[2026-08-24 02:51:17] [PROGRESS] resolve files> Scanning /mnt/c/Users/Sharof/AndroidStudioProjects/SecureGSI/codeql-db-kotlin/trap/java/classes/androidx/activity/result/contract/ActivityResultContracts$OpenDocument.members...
[2026-08-24 02:51:17] [PROGRESS] resolve files> Scanning /mnt/c/Users/Sharof/AndroidStudioProjects/SecureGSI/codeql-db-kotlin/trap/java/classes/androidx/activity/result/contract/ActivityResultContracts$OpenDocumentTree.members...
[2026-08-24 02:51:17] [PROGRESS] resolve files> Scanning /mnt/c/Users/Sharof/AndroidStudioProjects/SecureGSI/codeql-db-kotlin/trap/java/classes/androidx/activity/result/contract/ActivityResultContracts$OpenMultipleDocuments.members...
[2026-08-24 02:51:17] [PROGRESS] resolve files> Scanning /mnt/c/Users/Sharof/AndroidStudioProjects/SecureGSI/codeql-db-kotlin/trap/java/classes/androidx/activity/result/contract/ActivityResultContracts$PickContact.members...
[2026-08-24 02:51:17] [PROGRESS] resolve files> Scanning /mnt/c/Users/Sharof/AndroidStudioProjects/SecureGSI/codeql-db-kotlin/trap/java/classes/androidx/activity/result/contract/ActivityResultContracts$PickMultipleVisualMedia$Companion.members...
[2026-08-24 02:51:17] [PROGRESS] resolve files> Scanning /mnt/c/Users/Sharof/AndroidStudioProjects/SecureGSI/codeql-db-kotlin/trap/java/classes/androidx/activity/result/contract/ActivityResultContracts$PickMultipleVisualMedia.members...
[2026-08-24 02:51:17] [PROGRESS] resolve files> Scanning /mnt/c/Users/Sharof/AndroidStudioProjects/SecureGSI/codeql-db-kotlin/trap/java/classes/androidx/activity/result/contract/ActivityResultContracts$PickVisualMedia$Companion.members...
[2026-08-24 02:51:17] [PROGRESS] resolve files> Scanning /mnt/c/Users/Sharof/AndroidStudioProjects/SecureGSI/codeql-db-kotlin/trap/java/classes/androidx/activity/result/contract/ActivityResultContracts$PickVisualMedia$DefaultTab$AlbumsTab.members...
[2026-08-24 02:51:17] [PROGRESS] resolve files> Scanning /mnt/c/Users/Sharof/AndroidStudioProjects/SecureGSI/codeql-db-kotlin/trap/java/classes/androidx/activity/result/contract/ActivityResultContracts$PickVisualMedia$DefaultTab$PhotosTab.members...
[2026-08-24 02:51:17] [PROGRESS] resolve files> Scanning /mnt/c/Users/Sharof/AndroidStudioProjects/SecureGSI/codeql-db-kotlin/trap/java/classes/androidx/activity/result/contract/ActivityResultContracts$PickVisualMedia$DefaultTab.members...
[2026-08-24 02:51:17] [PROGRESS] resolve files> Scanning /mnt/c/Users/Sharof/AndroidStudioProjects/SecureGSI/codeql-db-kotlin/trap/java/classes/androidx/activity/result/contract/ActivityResultContracts$PickVisualMedia$ImageAndVideo.members...
[2026-08-24 02:51:17] [PROGRESS] resolve files> Scanning /mnt/c/Users/Sharof/AndroidStudioProjects/SecureGSI/codeql-db-kotlin/trap/java/classes/androidx/activity/result/contract/ActivityResultContracts$PickVisualMedia$ImageOnly.members...
[2026-08-24 02:51:17] [PROGRESS] resolve files> Scanning /mnt/c/Users/Sharof/AndroidStudioProjects/SecureGSI/codeql-db-kotlin/trap/java/classes/androidx/activity/result/contract/ActivityResultContracts$PickVisualMedia$MediaCapabilities$Builder.members...
[2026-08-24 02:51:17] [PROGRESS] resolve files> Scanning /mnt/c/Users/Sharof/AndroidStudioProjects/SecureGSI/codeql-db-kotlin/trap/java/classes/androidx/activity/result/contract/ActivityResultContracts$PickVisualMedia$MediaCapabilities$Companion$HdrType.members...
[2026-08-24 02:51:17] [PROGRESS] resolve files> Scanning /mnt/c/Users/Sharof/AndroidStudioProjects/SecureGSI/codeql-db-kotlin/trap/java/classes/androidx/activity/result/contract/ActivityResultContracts$PickVisualMedia$MediaCapabilities$Companion.members...
[2026-08-24 02:51:17] [PROGRESS] resolve files> Scanning /mnt/c/Users/Sharof/AndroidStudioProjects/SecureGSI/codeql-db-kotlin/trap/java/classes/androidx/activity/result/contract/ActivityResultContracts$PickVisualMedia$MediaCapabilities.members...
[2026-08-24 02:51:17] [PROGRESS] resolve files> Scanning /mnt/c/Users/Sharof/AndroidStudioProjects/SecureGSI/codeql-db-kotlin/trap/java/classes/androidx/activity/result/contract/ActivityResultContracts$PickVisualMedia$SingleMimeType.members...
[2026-08-24 02:51:17] [PROGRESS] resolve files> Scanning /mnt/c/Users/Sharof/AndroidStudioProjects/SecureGSI/codeql-db-kotlin/trap/java/classes/androidx/activity/result/contract/ActivityResultContracts$PickVisualMedia$VideoOnly.members...
[2026-08-24 02:51:17] [PROGRESS] resolve files> Scanning /mnt/c/Users/Sharof/AndroidStudioProjects/SecureGSI/codeql-db-kotlin/trap/java/classes/androidx/activity/result/contract/ActivityResultContracts$PickVisualMedia$VisualMediaType.members...
[2026-08-24 02:51:17] [PROGRESS] resolve files> Scanning /mnt/c/Users/Sharof/AndroidStudioProjects/SecureGSI/codeql-db-kotlin/trap/java/classes/androidx/activity/result/contract/ActivityResultContracts$PickVisualMedia.members...
[2026-08-24 02:51:17] [PROGRESS] resolve files> Scanning /mnt/c/Users/Sharof/AndroidStudioProjects/SecureGSI/codeql-db-kotlin/trap/java/classes/androidx/activity/result/contract/ActivityResultContracts$RequestMultiplePermissions$Companion.members...
[2026-08-24 02:51:17] [PROGRESS] resolve files> Scanning /mnt/c/Users/Sharof/AndroidStudioProjects/SecureGSI/codeql-db-kotlin/trap/java/classes/androidx/activity/result/contract/ActivityResultContracts$RequestMultiplePermissions.members...
[2026-08-24 02:51:17] [PROGRESS] resolve files> Scanning /mnt/c/Users/Sharof/AndroidStudioProjects/SecureGSI/codeql-db-kotlin/trap/java/classes/androidx/activity/result/contract/ActivityResultContracts$RequestPermission.members...
[2026-08-24 02:51:17] [PROGRESS] resolve files> Scanning /mnt/c/Users/Sharof/AndroidStudioProjects/SecureGSI/codeql-db-kotlin/trap/java/classes/androidx/activity/result/contract/ActivityResultContracts$StartActivityForResult$Companion.members...
[2026-08-24 02:51:17] [PROGRESS] resolve files> Scanning /mnt/c/Users/Sharof/AndroidStudioProjects/SecureGSI/codeql-db-kotlin/trap/java/classes/androidx/activity/result/contract/ActivityResultContracts$StartActivityForResult.members...
[2026-08-24 02:51:17] [PROGRESS] resolve files> Scanning /mnt/c/Users/Sharof/AndroidStudioProjects/SecureGSI/codeql-db-kotlin/trap/java/classes/androidx/activity/result/contract/ActivityResultContracts$StartIntentSenderForResult$Companion.members...
[2026-08-24 02:51:17] [PROGRESS] resolve files> Scanning /mnt/c/Users/Sharof/AndroidStudioProjects/SecureGSI/codeql-db-kotlin/trap/java/classes/androidx/activity/result/contract/ActivityResultContracts$StartIntentSenderForResult.members...
[2026-08-24 02:51:17] [PROGRESS] resolve files> Scanning /mnt/c/Users/Sharof/AndroidStudioProjects/SecureGSI/codeql-db-kotlin/trap/java/classes/androidx/activity/result/contract/ActivityResultContracts$TakePicture.members...
[2026-08-24 02:51:17] [PROGRESS] resolve files> Scanning /mnt/c/Users/Sharof/AndroidStudioProjects/SecureGSI/codeql-db-kotlin/trap/java/classes/androidx/activity/result/contract/ActivityResultContracts$TakePicturePreview.members...
[2026-08-24 02:51:17] [PROGRESS] resolve files> Scanning /mnt/c/Users/Sharof/AndroidStudioProjects/SecureGSI/codeql-db-kotlin/trap/java/classes/androidx/activity/result/contract/ActivityResultContracts$TakeVideo.members...
[2026-08-24 02:51:17] [PROGRESS] resolve files> Scanning /mnt/c/Users/Sharof/AndroidStudioProjects/SecureGSI/codeql-db-kotlin/trap/java/classes/androidx/activity/result/contract/ActivityResultContracts.members...
[2026-08-24 02:51:17] [PROGRESS] resolve files> Scanning /mnt/c/Users/Sharof/AndroidStudioProjects/SecureGSI/codeql-db-kotlin/trap/java/classes/androidx/activity/result/IntentSenderRequest$Builder.members...
[2026-08-24 02:51:17] [PROGRESS] resolve files> Scanning /mnt/c/Users/Sharof/AndroidStudioProjects/SecureGSI/codeql-db-kotlin/trap/java/classes/androidx/activity/result/IntentSenderRequest$Companion.members...
[2026-08-24 02:51:17] [PROGRESS] resolve files> Scanning /mnt/c/Users/Sharof/AndroidStudioProjects/SecureGSI/codeql-db-kotlin/trap/java/classes/androidx/activity/result/IntentSenderRequest.members...
[2026-08-24 02:51:17] [PROGRESS] resolve files> Scanning /mnt/c/Users/Sharof/AndroidStudioProjects/SecureGSI/codeql-db-kotlin/trap/java/classes/androidx/activity/result/PickVisualMediaRequest$Builder.members...
[2026-08-24 02:51:17] [PROGRESS] resolve files> Scanning /mnt/c/Users/Sharof/AndroidStudioProjects/SecureGSI/codeql-db-kotlin/trap/java/classes/androidx/activity/result/PickVisualMediaRequest.members...
[2026-08-24 02:51:17] [PROGRESS] resolve files> Scanning /mnt/c/Users/Sharof/AndroidStudioProjects/SecureGSI/codeql-db-kotlin/trap/java/classes/androidx/annotation...
[2026-08-24 02:51:17] [PROGRESS] resolve files> Scanning /mnt/c/Users/Sharof/AndroidStudioProjects/SecureGSI/codeql-db-kotlin/trap/java/classes/androidx/annotation/CallSuper.members...
[2026-08-24 02:51:17] [PROGRESS] resolve files> Scanning /mnt/c/Users/Sharof/AndroidStudioProjects/SecureGSI/codeql-db-kotlin/trap/java/classes/androidx/annotation/ContentView.members...
[2026-08-24 02:51:17] [PROGRESS] resolve files> Scanning /mnt/c/Users/Sharof/AndroidStudioProjects/SecureGSI/codeql-db-kotlin/trap/java/classes/androidx/annotation/EmptySuper.members...
[2026-08-24 02:51:17] [PROGRESS] resolve files> Scanning /mnt/c/Users/Sharof/AndroidStudioProjects/SecureGSI/codeql-db-kotlin/trap/java/classes/androidx/annotation/FloatRange.members...
[2026-08-24 02:51:17] [PROGRESS] resolve files> Scanning /mnt/c/Users/Sharof/AndroidStudioProjects/SecureGSI/codeql-db-kotlin/trap/java/classes/androidx/annotation/IntRange.members...
[2026-08-24 02:51:18] [PROGRESS] resolve files> Scanning /mnt/c/Users/Sharof/AndroidStudioProjects/SecureGSI/codeql-db-kotlin/trap/java/classes/androidx/annotation/LayoutRes.members...
[2026-08-24 02:51:18] [PROGRESS] resolve files> Scanning /mnt/c/Users/Sharof/AndroidStudioProjects/SecureGSI/codeql-db-kotlin/trap/java/classes/androidx/annotation/MainThread.members...
[2026-08-24 02:51:18] [PROGRESS] resolve files> Scanning /mnt/c/Users/Sharof/AndroidStudioProjects/SecureGSI/codeql-db-kotlin/trap/java/classes/androidx/annotation/NonNull.members...
[2026-08-24 02:51:18] [PROGRESS] resolve files> Scanning /mnt/c/Users/Sharof/AndroidStudioProjects/SecureGSI/codeql-db-kotlin/trap/java/classes/androidx/annotation/RecentlyNonNull.members...
[2026-08-24 02:51:18] [PROGRESS] resolve files> Scanning /mnt/c/Users/Sharof/AndroidStudioProjects/SecureGSI/codeql-db-kotlin/trap/java/classes/androidx/annotation/RecentlyNullable.members...
[2026-08-24 02:51:18] [PROGRESS] resolve files> Scanning /mnt/c/Users/Sharof/AndroidStudioProjects/SecureGSI/codeql-db-kotlin/trap/java/classes/androidx/annotation/RequiresApi.members...
[2026-08-24 02:51:18] [PROGRESS] resolve files> Scanning /mnt/c/Users/Sharof/AndroidStudioProjects/SecureGSI/codeql-db-kotlin/trap/java/classes/androidx/annotation/RestrictTo$Scope.members...
[2026-08-24 02:51:18] [PROGRESS] resolve files> Scanning /mnt/c/Users/Sharof/AndroidStudioProjects/SecureGSI/codeql-db-kotlin/trap/java/classes/androidx/annotation/RestrictTo.members...
[2026-08-24 02:51:18] [PROGRESS] resolve files> Scanning /mnt/c/Users/Sharof/AndroidStudioProjects/SecureGSI/codeql-db-kotlin/trap/java/classes/androidx/annotation/Size.members...
[2026-08-24 02:51:18] [PROGRESS] resolve files> Scanning /mnt/c/Users/Sharof/AndroidStudioProjects/SecureGSI/codeql-db-kotlin/trap/java/classes/androidx/annotation/VisibleForTesting.members...
[2026-08-24 02:51:18] [PROGRESS] resolve files> Scanning /mnt/c/Users/Sharof/AndroidStudioProjects/SecureGSI/codeql-db-kotlin/trap/java/classes/androidx/collection...
[2026-08-24 02:51:18] [PROGRESS] resolve files> Scanning /mnt/c/Users/Sharof/AndroidStudioProjects/SecureGSI/codeql-db-kotlin/trap/java/classes/androidx/collection/IntList.members...
[2026-08-24 02:51:18] [PROGRESS] resolve files> Scanning /mnt/c/Users/Sharof/AndroidStudioProjects/SecureGSI/codeql-db-kotlin/trap/java/classes/androidx/collection/IntObjectMap.members...
[2026-08-24 02:51:18] [PROGRESS] resolve files> Scanning /mnt/c/Users/Sharof/AndroidStudioProjects/SecureGSI/codeql-db-kotlin/trap/java/classes/androidx/collection/IntSet.members...
[2026-08-24 02:51:18] [PROGRESS] resolve files> Scanning /mnt/c/Users/Sharof/AndroidStudioProjects/SecureGSI/codeql-db-kotlin/trap/java/classes/androidx/collection/LongSparseArray.members...
[2026-08-24 02:51:18] [PROGRESS] resolve files> Scanning /mnt/c/Users/Sharof/AndroidStudioProjects/SecureGSI/codeql-db-kotlin/trap/java/classes/androidx/collection/MutableIntObjectMap.members...
[2026-08-24 02:51:18] [PROGRESS] resolve files> Scanning /mnt/c/Users/Sharof/AndroidStudioProjects/SecureGSI/codeql-db-kotlin/trap/java/classes/androidx/collection/MutableIntSet.members...
[2026-08-24 02:51:18] [PROGRESS] resolve files> Scanning /mnt/c/Users/Sharof/AndroidStudioProjects/SecureGSI/codeql-db-kotlin/trap/java/classes/androidx/collection/MutableObjectIntMap.members...
[2026-08-24 02:51:18] [PROGRESS] resolve files> Scanning /mnt/c/Users/Sharof/AndroidStudioProjects/SecureGSI/codeql-db-kotlin/trap/java/classes/androidx/collection/MutableObjectList.members...
[2026-08-24 02:51:18] [PROGRESS] resolve files> Scanning /mnt/c/Users/Sharof/AndroidStudioProjects/SecureGSI/codeql-db-kotlin/trap/java/classes/androidx/collection/MutableOrderedScatterSet.members...
[2026-08-24 02:51:18] [PROGRESS] resolve files> Scanning /mnt/c/Users/Sharof/AndroidStudioProjects/SecureGSI/codeql-db-kotlin/trap/java/classes/androidx/collection/MutableScatterMap.members...
[2026-08-24 02:51:18] [PROGRESS] resolve files> Scanning /mnt/c/Users/Sharof/AndroidStudioProjects/SecureGSI/codeql-db-kotlin/trap/java/classes/androidx/collection/ObjectIntMap.members...
[2026-08-24 02:51:18] [PROGRESS] resolve files> Scanning /mnt/c/Users/Sharof/AndroidStudioProjects/SecureGSI/codeql-db-kotlin/trap/java/classes/androidx/collection/ObjectList.members...
[2026-08-24 02:51:18] [PROGRESS] resolve files> Scanning /mnt/c/Users/Sharof/AndroidStudioProjects/SecureGSI/codeql-db-kotlin/trap/java/classes/androidx/collection/OrderedScatterSet.members...
[2026-08-24 02:51:18] [PROGRESS] resolve files> Scanning /mnt/c/Users/Sharof/AndroidStudioProjects/SecureGSI/codeql-db-kotlin/trap/java/classes/androidx/collection/ScatterMap.members...
[2026-08-24 02:51:18] [PROGRESS] resolve files> Scanning /mnt/c/Users/Sharof/AndroidStudioProjects/SecureGSI/codeql-db-kotlin/trap/java/classes/androidx/collection/ScatterSet.members...
[2026-08-24 02:51:18] [PROGRESS] resolve files> Scanning /mnt/c/Users/Sharof/AndroidStudioProjects/SecureGSI/codeql-db-kotlin/trap/java/classes/androidx/compose...
[2026-08-24 02:51:18] [PROGRESS] resolve files> Scanning /mnt/c/Users/Sharof/AndroidStudioProjects/SecureGSI/codeql-db-kotlin/trap/java/classes/androidx/compose/animation...
[2026-08-24 02:51:18] [PROGRESS] resolve files> Scanning /mnt/c/Users/Sharof/AndroidStudioProjects/SecureGSI/codeql-db-kotlin/trap/java/classes/androidx/compose/animation/core...
[2026-08-24 02:51:18] [PROGRESS] resolve files> Scanning /mnt/c/Users/Sharof/AndroidStudioProjects/SecureGSI/codeql-db-kotlin/trap/java/classes/androidx/compose/animation/core/AnimationSpec.members...
[2026-08-24 02:51:18] [PROGRESS] resolve files> Scanning /mnt/c/Users/Sharof/AndroidStudioProjects/SecureGSI/codeql-db-kotlin/trap/java/classes/androidx/compose/animation/core/AnimationVector.members...
[2026-08-24 02:51:18] [PROGRESS] resolve files> Scanning /mnt/c/Users/Sharof/AndroidStudioProjects/SecureGSI/codeql-db-kotlin/trap/java/classes/androidx/compose/animation/core/DecayAnimationSpec.members...
[2026-08-24 02:51:18] [PROGRESS] resolve files> Scanning /mnt/c/Users/Sharof/AndroidStudioProjects/SecureGSI/codeql-db-kotlin/trap/java/classes/androidx/compose/animation/core/FiniteAnimationSpec.members...
[2026-08-24 02:51:18] [PROGRESS] resolve files> Scanning /mnt/c/Users/Sharof/AndroidStudioProjects/SecureGSI/codeql-db-kotlin/trap/java/classes/androidx/compose/animation/core/TwoWayConverter.members...
[2026-08-24 02:51:18] [PROGRESS] resolve files> Scanning /mnt/c/Users/Sharof/AndroidStudioProjects/SecureGSI/codeql-db-kotlin/trap/java/classes/androidx/compose/animation/core/VectorizedAnimationSpec.members...
[2026-08-24 02:51:18] [PROGRESS] resolve files> Scanning /mnt/c/Users/Sharof/AndroidStudioProjects/SecureGSI/codeql-db-kotlin/trap/java/classes/androidx/compose/animation/core/VectorizedDecayAnimationSpec.members...
[2026-08-24 02:51:18] [PROGRESS] resolve files> Scanning /mnt/c/Users/Sharof/AndroidStudioProjects/SecureGSI/codeql-db-kotlin/trap/java/classes/androidx/compose/animation/core/VectorizedFiniteAnimationSpec.members...
[2026-08-24 02:51:18] [PROGRESS] resolve files> Scanning /mnt/c/Users/Sharof/AndroidStudioProjects/SecureGSI/codeql-db-kotlin/trap/java/classes/androidx/compose/foundation...
[2026-08-24 02:51:18] [PROGRESS] resolve files> Scanning /mnt/c/Users/Sharof/AndroidStudioProjects/SecureGSI/codeql-db-kotlin/trap/java/classes/androidx/compose/foundation/BorderStroke.members...
[2026-08-24 02:51:18] [PROGRESS] resolve files> Scanning /mnt/c/Users/Sharof/AndroidStudioProjects/SecureGSI/codeql-db-kotlin/trap/java/classes/androidx/compose/foundation/ExperimentalFoundationApi.members...
[2026-08-24 02:51:18] [PROGRESS] resolve files> Scanning /mnt/c/Users/Sharof/AndroidStudioProjects/SecureGSI/codeql-db-kotlin/trap/java/classes/androidx/compose/foundation/gestures...
[2026-08-24 02:51:18] [PROGRESS] resolve files> Scanning /mnt/c/Users/Sharof/AndroidStudioProjects/SecureGSI/codeql-db-kotlin/trap/java/classes/androidx/compose/foundation/gestures/FlingBehavior.members...
[2026-08-24 02:51:18] [PROGRESS] resolve files> Scanning /mnt/c/Users/Sharof/AndroidStudioProjects/SecureGSI/codeql-db-kotlin/trap/java/classes/androidx/compose/foundation/gestures/Orientation.members...
[2026-08-24 02:51:18] [PROGRESS] resolve files> Scanning /mnt/c/Users/Sharof/AndroidStudioProjects/SecureGSI/codeql-db-kotlin/trap/java/classes/androidx/compose/foundation/gestures/ScrollableState.members...
[2026-08-24 02:51:18] [PROGRESS] resolve files> Scanning /mnt/c/Users/Sharof/AndroidStudioProjects/SecureGSI/codeql-db-kotlin/trap/java/classes/androidx/compose/foundation/gestures/ScrollScope.members...
[2026-08-24 02:51:18] [PROGRESS] resolve files> Scanning /mnt/c/Users/Sharof/AndroidStudioProjects/SecureGSI/codeql-db-kotlin/trap/java/classes/androidx/compose/foundation/interaction...
[2026-08-24 02:51:18] [PROGRESS] resolve files> Scanning /mnt/c/Users/Sharof/AndroidStudioProjects/SecureGSI/codeql-db-kotlin/trap/java/classes/androidx/compose/foundation/interaction/Interaction.members...
[2026-08-24 02:51:18] [PROGRESS] resolve files> Scanning /mnt/c/Users/Sharof/AndroidStudioProjects/SecureGSI/codeql-db-kotlin/trap/java/classes/androidx/compose/foundation/interaction/InteractionSource.members...
[2026-08-24 02:51:18] [PROGRESS] resolve files> Scanning /mnt/c/Users/Sharof/AndroidStudioProjects/SecureGSI/codeql-db-kotlin/trap/java/classes/androidx/compose/foundation/interaction/MutableInteractionSource.members...
[2026-08-24 02:51:18] [PROGRESS] resolve files> Scanning /mnt/c/Users/Sharof/AndroidStudioProjects/SecureGSI/codeql-db-kotlin/trap/java/classes/androidx/compose/foundation/isSystemInDarkTheme(androidx.compose.runtime.Composer,int).members...
[2026-08-24 02:51:18] [PROGRESS] resolve files> Scanning /mnt/c/Users/Sharof/AndroidStudioProjects/SecureGSI/codeql-db-kotlin/trap/java/classes/androidx/compose/foundation/layout...
[2026-08-24 02:51:18] [PROGRESS] resolve files> Scanning /mnt/c/Users/Sharof/AndroidStudioProjects/SecureGSI/codeql-db-kotlin/trap/java/classes/androidx/compose/foundation/layout/Arrangement$Absolute.members...
[2026-08-24 02:51:18] [PROGRESS] resolve files> Scanning /mnt/c/Users/Sharof/AndroidStudioProjects/SecureGSI/codeql-db-kotlin/trap/java/classes/androidx/compose/foundation/layout/Arrangement$Horizontal.members...
[2026-08-24 02:51:18] [PROGRESS] resolve files> Scanning /mnt/c/Users/Sharof/AndroidStudioProjects/SecureGSI/codeql-db-kotlin/trap/java/classes/androidx/compose/foundation/layout/Arrangement$HorizontalOrVertical.members...
[2026-08-24 02:51:18] [PROGRESS] resolve files> Scanning /mnt/c/Users/Sharof/AndroidStudioProjects/SecureGSI/codeql-db-kotlin/trap/java/classes/androidx/compose/foundation/layout/Arrangement$SpacedAligned.members...
[2026-08-24 02:51:18] [PROGRESS] resolve files> Scanning /mnt/c/Users/Sharof/AndroidStudioProjects/SecureGSI/codeql-db-kotlin/trap/java/classes/androidx/compose/foundation/layout/Arrangement$Vertical.members...
[2026-08-24 02:51:18] [PROGRESS] resolve files> Scanning /mnt/c/Users/Sharof/AndroidStudioProjects/SecureGSI/codeql-db-kotlin/trap/java/classes/androidx/compose/foundation/layout/Arrangement.members...
[2026-08-24 02:51:18] [PROGRESS] resolve files> Scanning /mnt/c/Users/Sharof/AndroidStudioProjects/SecureGSI/codeql-db-kotlin/trap/java/classes/androidx/compose/foundation/layout/Column(androidx.compose.ui.Modifier,androidx.compose.foundation.layout.Arrangement.Vertical,androi#9d802038.members...
[2026-08-24 02:51:18] [PROGRESS] resolve files> Scanning /mnt/c/Users/Sharof/AndroidStudioProjects/SecureGSI/codeql-db-kotlin/trap/java/classes/androidx/compose/foundation/layout/ColumnScope.members...
[2026-08-24 02:51:18] [PROGRESS] resolve files> Scanning /mnt/c/Users/Sharof/AndroidStudioProjects/SecureGSI/codeql-db-kotlin/trap/java/classes/androidx/compose/foundation/layout/fillMaxSize(androidx.compose.ui.Modifier,float).members...
[2026-08-24 02:51:18] [PROGRESS] resolve files> Scanning /mnt/c/Users/Sharof/AndroidStudioProjects/SecureGSI/codeql-db-kotlin/trap/java/classes/androidx/compose/foundation/layout/fillMaxWidth(androidx.compose.ui.Modifier,float).members...
[2026-08-24 02:51:18] [PROGRESS] resolve files> Scanning /mnt/c/Users/Sharof/AndroidStudioProjects/SecureGSI/codeql-db-kotlin/trap/java/classes/androidx/compose/foundation/layout/height(androidx.compose.ui.Modifier,androidx.compose.ui.unit.Dp).members...
[2026-08-24 02:51:18] [PROGRESS] resolve files> Scanning /mnt/c/Users/Sharof/AndroidStudioProjects/SecureGSI/codeql-db-kotlin/trap/java/classes/androidx/compose/foundation/layout/LayoutScopeMarker.members...
[2026-08-24 02:51:18] [PROGRESS] resolve files> Scanning /mnt/c/Users/Sharof/AndroidStudioProjects/SecureGSI/codeql-db-kotlin/trap/java/classes/androidx/compose/foundation/layout/padding(androidx.compose.ui.Modifier,androidx.compose.foundation.layout.PaddingValues).members...
[2026-08-24 02:51:18] [PROGRESS] resolve files> Scanning /mnt/c/Users/Sharof/AndroidStudioProjects/SecureGSI/codeql-db-kotlin/trap/java/classes/androidx/compose/foundation/layout/padding(androidx.compose.ui.Modifier,androidx.compose.ui.unit.Dp).members...
[2026-08-24 02:51:18] [PROGRESS] resolve files> Scanning /mnt/c/Users/Sharof/AndroidStudioProjects/SecureGSI/codeql-db-kotlin/trap/java/classes/androidx/compose/foundation/layout/PaddingValues$Absolute.members...
[2026-08-24 02:51:18] [PROGRESS] resolve files> Scanning /mnt/c/Users/Sharof/AndroidStudioProjects/SecureGSI/codeql-db-kotlin/trap/java/classes/androidx/compose/foundation/layout/PaddingValues$Companion.members...
[2026-08-24 02:51:18] [PROGRESS] resolve files> Scanning /mnt/c/Users/Sharof/AndroidStudioProjects/SecureGSI/codeql-db-kotlin/trap/java/classes/androidx/compose/foundation/layout/PaddingValues.members...
[2026-08-24 02:51:18] [PROGRESS] resolve files> Scanning /mnt/c/Users/Sharof/AndroidStudioProjects/SecureGSI/codeql-db-kotlin/trap/java/classes/androidx/compose/foundation/layout/Row(androidx.compose.ui.Modifier,androidx.compose.foundation.layout.Arrangement.Horizontal,andr#3b0de3b8.members...
[2026-08-24 02:51:18] [PROGRESS] resolve files> Scanning /mnt/c/Users/Sharof/AndroidStudioProjects/SecureGSI/codeql-db-kotlin/trap/java/classes/androidx/compose/foundation/layout/RowScope.members...
[2026-08-24 02:51:18] [PROGRESS] resolve files> Scanning /mnt/c/Users/Sharof/AndroidStudioProjects/SecureGSI/codeql-db-kotlin/trap/java/classes/androidx/compose/foundation/layout/size(androidx.compose.ui.Modifier,androidx.compose.ui.unit.Dp).members...
[2026-08-24 02:51:18] [PROGRESS] resolve files> Scanning /mnt/c/Users/Sharof/AndroidStudioProjects/SecureGSI/codeql-db-kotlin/trap/java/classes/androidx/compose/foundation/layout/Spacer(androidx.compose.ui.Modifier,androidx.compose.runtime.Composer,int).members...
[2026-08-24 02:51:18] [PROGRESS] resolve files> Scanning /mnt/c/Users/Sharof/AndroidStudioProjects/SecureGSI/codeql-db-kotlin/trap/java/classes/androidx/compose/foundation/layout/WindowInsets$Companion.members...
[2026-08-24 02:51:18] [PROGRESS] resolve files> Scanning /mnt/c/Users/Sharof/AndroidStudioProjects/SecureGSI/codeql-db-kotlin/trap/java/classes/androidx/compose/foundation/layout/WindowInsets.members...
[2026-08-24 02:51:18] [PROGRESS] resolve files> Scanning /mnt/c/Users/Sharof/AndroidStudioProjects/SecureGSI/codeql-db-kotlin/trap/java/classes/androidx/compose/foundation/lazy...
[2026-08-24 02:51:18] [PROGRESS] resolve files> Scanning /mnt/c/Users/Sharof/AndroidStudioProjects/SecureGSI/codeql-db-kotlin/trap/java/classes/androidx/compose/foundation/lazy/items(androidx.compose.foundation.lazy.LazyListScope,java.util.List,kotlin.jvm.functions.Function#d1f7b5fc.members...
[2026-08-24 02:51:18] [PROGRESS] resolve files> Scanning /mnt/c/Users/Sharof/AndroidStudioProjects/SecureGSI/codeql-db-kotlin/trap/java/classes/androidx/compose/foundation/lazy/layout...
[2026-08-24 02:51:18] [PROGRESS] resolve files> Scanning /mnt/c/Users/Sharof/AndroidStudioProjects/SecureGSI/codeql-db-kotlin/trap/java/classes/androidx/compose/foundation/lazy/layout/Averages.members...
[2026-08-24 02:51:18] [PROGRESS] resolve files> Scanning /mnt/c/Users/Sharof/AndroidStudioProjects/SecureGSI/codeql-db-kotlin/trap/java/classes/androidx/compose/foundation/lazy/layout/AwaitFirstLayoutModifier$Node.members...
[2026-08-24 02:51:18] [PROGRESS] resolve files> Scanning /mnt/c/Users/Sharof/AndroidStudioProjects/SecureGSI/codeql-db-kotlin/trap/java/classes/androidx/compose/foundation/lazy/layout/AwaitFirstLayoutModifier.members...
[2026-08-24 02:51:18] [PROGRESS] resolve files> Scanning /mnt/c/Users/Sharof/AndroidStudioProjects/SecureGSI/codeql-db-kotlin/trap/java/classes/androidx/compose/foundation/lazy/layout/LazyLayoutBeyondBoundsInfo$Interval.members...
[2026-08-24 02:51:18] [PROGRESS] resolve files> Scanning /mnt/c/Users/Sharof/AndroidStudioProjects/SecureGSI/codeql-db-kotlin/trap/java/classes/androidx/compose/foundation/lazy/layout/LazyLayoutBeyondBoundsInfo.members...
[2026-08-24 02:51:18] [PROGRESS] resolve files> Scanning /mnt/c/Users/Sharof/AndroidStudioProjects/SecureGSI/codeql-db-kotlin/trap/java/classes/androidx/compose/foundation/lazy/layout/LazyLayoutCacheWindow.members...
[2026-08-24 02:51:18] [PROGRESS] resolve files> Scanning /mnt/c/Users/Sharof/AndroidStudioProjects/SecureGSI/codeql-db-kotlin/trap/java/classes/androidx/compose/foundation/lazy/layout/LazyLayoutItemAnimation$Companion.members...
[2026-08-24 02:51:18] [PROGRESS] resolve files> Scanning /mnt/c/Users/Sharof/AndroidStudioProjects/SecureGSI/codeql-db-kotlin/trap/java/classes/androidx/compose/foundation/lazy/layout/LazyLayoutItemAnimation.members...
[2026-08-24 02:51:18] [PROGRESS] resolve files> Scanning /mnt/c/Users/Sharof/AndroidStudioProjects/SecureGSI/codeql-db-kotlin/trap/java/classes/androidx/compose/foundation/lazy/layout/LazyLayoutItemAnimator.members...
[2026-08-24 02:51:18] [PROGRESS] resolve files> Scanning /mnt/c/Users/Sharof/AndroidStudioProjects/SecureGSI/codeql-db-kotlin/trap/java/classes/androidx/compose/foundation/lazy/layout/LazyLayoutItemContentFactory.members...
[2026-08-24 02:51:18] [PROGRESS] resolve files> Scanning /mnt/c/Users/Sharof/AndroidStudioProjects/SecureGSI/codeql-db-kotlin/trap/java/classes/androidx/compose/foundation/lazy/layout/LazyLayoutItemProvider.members...
[2026-08-24 02:51:18] [PROGRESS] resolve files> Scanning /mnt/c/Users/Sharof/AndroidStudioProjects/SecureGSI/codeql-db-kotlin/trap/java/classes/androidx/compose/foundation/lazy/layout/LazyLayoutKeyIndexMap.members...
[2026-08-24 02:51:18] [PROGRESS] resolve files> Scanning /mnt/c/Users/Sharof/AndroidStudioProjects/SecureGSI/codeql-db-kotlin/trap/java/classes/androidx/compose/foundation/lazy/layout/LazyLayoutMeasuredItem.members...
[2026-08-24 02:51:18] [PROGRESS] resolve files> Scanning /mnt/c/Users/Sharof/AndroidStudioProjects/SecureGSI/codeql-db-kotlin/trap/java/classes/androidx/compose/foundation/lazy/layout/LazyLayoutMeasuredItemProvider.members...
[2026-08-24 02:51:18] [PROGRESS] resolve files> Scanning /mnt/c/Users/Sharof/AndroidStudioProjects/SecureGSI/codeql-db-kotlin/trap/java/classes/androidx/compose/foundation/lazy/layout/LazyLayoutMeasureScope.members...
[2026-08-24 02:51:18] [PROGRESS] resolve files> Scanning /mnt/c/Users/Sharof/AndroidStudioProjects/SecureGSI/codeql-db-kotlin/trap/java/classes/androidx/compose/foundation/lazy/layout/LazyLayoutPinnedItemList$PinnedItem.members...
[2026-08-24 02:51:18] [PROGRESS] resolve files> Scanning /mnt/c/Users/Sharof/AndroidStudioProjects/SecureGSI/codeql-db-kotlin/trap/java/classes/androidx/compose/foundation/lazy/layout/LazyLayoutPinnedItemList.members...
[2026-08-24 02:51:18] [PROGRESS] resolve files> Scanning /mnt/c/Users/Sharof/AndroidStudioProjects/SecureGSI/codeql-db-kotlin/trap/java/classes/androidx/compose/foundation/lazy/layout/LazyLayoutPrefetchState$PrefetchHandle.members...
[2026-08-24 02:51:18] [PROGRESS] resolve files> Scanning /mnt/c/Users/Sharof/AndroidStudioProjects/SecureGSI/codeql-db-kotlin/trap/java/classes/androidx/compose/foundation/lazy/layout/LazyLayoutPrefetchState$PrefetchResultScope.members...
[2026-08-24 02:51:18] [PROGRESS] resolve files> Scanning /mnt/c/Users/Sharof/AndroidStudioProjects/SecureGSI/codeql-db-kotlin/trap/java/classes/androidx/compose/foundation/lazy/layout/LazyLayoutPrefetchState.members...
[2026-08-24 02:51:18] [PROGRESS] resolve files> Scanning /mnt/c/Users/Sharof/AndroidStudioProjects/SecureGSI/codeql-db-kotlin/trap/java/classes/androidx/compose/foundation/lazy/layout/NestedPrefetchScope.members...
[2026-08-24 02:51:18] [PROGRESS] resolve files> Scanning /mnt/c/Users/Sharof/AndroidStudioProjects/SecureGSI/codeql-db-kotlin/trap/java/classes/androidx/compose/foundation/lazy/layout/ObservableScopeInvalidator.members...
[2026-08-24 02:51:18] [PROGRESS] resolve files> Scanning /mnt/c/Users/Sharof/AndroidStudioProjects/SecureGSI/codeql-db-kotlin/trap/java/classes/androidx/compose/foundation/lazy/layout/PrefetchHandleProvider.members...
[2026-08-24 02:51:18] [PROGRESS] resolve files> Scanning /mnt/c/Users/Sharof/AndroidStudioProjects/SecureGSI/codeql-db-kotlin/trap/java/classes/androidx/compose/foundation/lazy/layout/PrefetchMetrics.members...
[2026-08-24 02:51:18] [PROGRESS] resolve files> Scanning /mnt/c/Users/Sharof/AndroidStudioProjects/SecureGSI/codeql-db-kotlin/trap/java/classes/androidx/compose/foundation/lazy/layout/PrefetchRequest.members...
[2026-08-24 02:51:18] [PROGRESS] resolve files> Scanning /mnt/c/Users/Sharof/AndroidStudioProjects/SecureGSI/codeql-db-kotlin/trap/java/classes/androidx/compose/foundation/lazy/layout/PrefetchRequestScope.members...
[2026-08-24 02:51:18] [PROGRESS] resolve files> Scanning /mnt/c/Users/Sharof/AndroidStudioProjects/SecureGSI/codeql-db-kotlin/trap/java/classes/androidx/compose/foundation/lazy/layout/PrefetchScheduler.members...
[2026-08-24 02:51:18] [PROGRESS] resolve files> Scanning /mnt/c/Users/Sharof/AndroidStudioProjects/SecureGSI/codeql-db-kotlin/trap/java/classes/androidx/compose/foundation/lazy/LazyColumn(androidx.compose.ui.Modifier,androidx.compose.foundation.lazy.LazyListState,androidx.compos#fe4bef08.members...
[2026-08-24 02:51:18] [PROGRESS] resolve files> Scanning /mnt/c/Users/Sharof/AndroidStudioProjects/SecureGSI/codeql-db-kotlin/trap/java/classes/androidx/compose/foundation/lazy/LazyItemScope.members...
[2026-08-24 02:51:18] [PROGRESS] resolve files> Scanning /mnt/c/Users/Sharof/AndroidStudioProjects/SecureGSI/codeql-db-kotlin/trap/java/classes/androidx/compose/foundation/lazy/LazyItemScopeImpl.members...
[2026-08-24 02:51:18] [PROGRESS] resolve files> Scanning /mnt/c/Users/Sharof/AndroidStudioProjects/SecureGSI/codeql-db-kotlin/trap/java/classes/androidx/compose/foundation/lazy/LazyListItemInfo.members...
[2026-08-24 02:51:18] [PROGRESS] resolve files> Scanning /mnt/c/Users/Sharof/AndroidStudioProjects/SecureGSI/codeql-db-kotlin/trap/java/classes/androidx/compose/foundation/lazy/LazyListItemProvider.members...
[2026-08-24 02:51:18] [PROGRESS] resolve files> Scanning /mnt/c/Users/Sharof/AndroidStudioProjects/SecureGSI/codeql-db-kotlin/trap/java/classes/androidx/compose/foundation/lazy/LazyListLayoutInfo.members...
[2026-08-24 02:51:18] [PROGRESS] resolve files> Scanning /mnt/c/Users/Sharof/AndroidStudioProjects/SecureGSI/codeql-db-kotlin/trap/java/classes/androidx/compose/foundation/lazy/LazyListMeasuredItem.members...
[2026-08-24 02:51:18] [PROGRESS] resolve files> Scanning /mnt/c/Users/Sharof/AndroidStudioProjects/SecureGSI/codeql-db-kotlin/trap/java/classes/androidx/compose/foundation/lazy/LazyListMeasureResult.members...
[2026-08-24 02:51:18] [PROGRESS] resolve files> Scanning /mnt/c/Users/Sharof/AndroidStudioProjects/SecureGSI/codeql-db-kotlin/trap/java/classes/androidx/compose/foundation/lazy/LazyListPrefetchResultScope.members...
[2026-08-24 02:51:18] [PROGRESS] resolve files> Scanning /mnt/c/Users/Sharof/AndroidStudioProjects/SecureGSI/codeql-db-kotlin/trap/java/classes/androidx/compose/foundation/lazy/LazyListPrefetchScope.members...
[2026-08-24 02:51:18] [PROGRESS] resolve files> Scanning /mnt/c/Users/Sharof/AndroidStudioProjects/SecureGSI/codeql-db-kotlin/trap/java/classes/androidx/compose/foundation/lazy/LazyListPrefetchStrategy.members...
[2026-08-24 02:51:18] [PROGRESS] resolve files> Scanning /mnt/c/Users/Sharof/AndroidStudioProjects/SecureGSI/codeql-db-kotlin/trap/java/classes/androidx/compose/foundation/lazy/LazyListScope.members...
[2026-08-24 02:51:18] [PROGRESS] resolve files> Scanning /mnt/c/Users/Sharof/AndroidStudioProjects/SecureGSI/codeql-db-kotlin/trap/java/classes/androidx/compose/foundation/lazy/LazyListState$Companion.members...
[2026-08-24 02:51:18] [PROGRESS] resolve files> Scanning /mnt/c/Users/Sharof/AndroidStudioProjects/SecureGSI/codeql-db-kotlin/trap/java/classes/androidx/compose/foundation/lazy/LazyListState.members...
[2026-08-24 02:51:18] [PROGRESS] resolve files> Scanning /mnt/c/Users/Sharof/AndroidStudioProjects/SecureGSI/codeql-db-kotlin/trap/java/classes/androidx/compose/foundation/lazy/LazyScopeMarker.members...
[2026-08-24 02:51:18] [PROGRESS] resolve files> Scanning /mnt/c/Users/Sharof/AndroidStudioProjects/SecureGSI/codeql-db-kotlin/trap/java/classes/androidx/compose/foundation/MutatePriority.members...
[2026-08-24 02:51:18] [PROGRESS] resolve files> Scanning /mnt/c/Users/Sharof/AndroidStudioProjects/SecureGSI/codeql-db-kotlin/trap/java/classes/androidx/compose/foundation/OverscrollEffect.members...
[2026-08-24 02:51:18] [PROGRESS] resolve files> Scanning /mnt/c/Users/Sharof/AndroidStudioProjects/SecureGSI/codeql-db-kotlin/trap/java/classes/androidx/compose/foundation/ScrollIndicatorState.members...
[2026-08-24 02:51:18] [PROGRESS] resolve files> Scanning /mnt/c/Users/Sharof/AndroidStudioProjects/SecureGSI/codeql-db-kotlin/trap/java/classes/androidx/compose/foundation/shape...
[2026-08-24 02:51:18] [PROGRESS] resolve files> Scanning /mnt/c/Users/Sharof/AndroidStudioProjects/SecureGSI/codeql-db-kotlin/trap/java/classes/androidx/compose/foundation/shape/CornerBasedShape.members...
[2026-08-24 02:51:18] [PROGRESS] resolve files> Scanning /mnt/c/Users/Sharof/AndroidStudioProjects/SecureGSI/codeql-db-kotlin/trap/java/classes/androidx/compose/foundation/shape/CornerSize.members...
[2026-08-24 02:51:18] [PROGRESS] resolve files> Scanning /mnt/c/Users/Sharof/AndroidStudioProjects/SecureGSI/codeql-db-kotlin/trap/java/classes/androidx/compose/foundation/text...
[2026-08-24 02:51:18] [PROGRESS] resolve files> Scanning /mnt/c/Users/Sharof/AndroidStudioProjects/SecureGSI/codeql-db-kotlin/trap/java/classes/androidx/compose/foundation/text/modifiers...
[2026-08-24 02:51:18] [PROGRESS] resolve files> Scanning /mnt/c/Users/Sharof/AndroidStudioProjects/SecureGSI/codeql-db-kotlin/trap/java/classes/androidx/compose/foundation/text/modifiers/TextAutoSizeLayoutScope.members...
[2026-08-24 02:51:18] [PROGRESS] resolve files> Scanning /mnt/c/Users/Sharof/AndroidStudioProjects/SecureGSI/codeql-db-kotlin/trap/java/classes/androidx/compose/foundation/text/selection...
[2026-08-24 02:51:18] [PROGRESS] resolve files> Scanning /mnt/c/Users/Sharof/AndroidStudioProjects/SecureGSI/codeql-db-kotlin/trap/java/classes/androidx/compose/foundation/text/selection/TextSelectionColors.members...
[2026-08-24 02:51:18] [PROGRESS] resolve files> Scanning /mnt/c/Users/Sharof/AndroidStudioProjects/SecureGSI/codeql-db-kotlin/trap/java/classes/androidx/compose/foundation/text/TextAutoSize$Companion.members...
[2026-08-24 02:51:18] [PROGRESS] resolve files> Scanning /mnt/c/Users/Sharof/AndroidStudioProjects/SecureGSI/codeql-db-kotlin/trap/java/classes/androidx/compose/foundation/text/TextAutoSize.members...
[2026-08-24 02:51:18] [PROGRESS] resolve files> Scanning /mnt/c/Users/Sharof/AndroidStudioProjects/SecureGSI/codeql-db-kotlin/trap/java/classes/androidx/compose/material...
[2026-08-24 02:51:18] [PROGRESS] resolve files> Scanning /mnt/c/Users/Sharof/AndroidStudioProjects/SecureGSI/codeql-db-kotlin/trap/java/classes/androidx/compose/material/icons...
[2026-08-24 02:51:18] [PROGRESS] resolve files> Scanning /mnt/c/Users/Sharof/AndroidStudioProjects/SecureGSI/codeql-db-kotlin/trap/java/classes/androidx/compose/material/icons/filled...
[2026-08-24 02:51:18] [PROGRESS] resolve files> Scanning /mnt/c/Users/Sharof/AndroidStudioProjects/SecureGSI/codeql-db-kotlin/trap/java/classes/androidx/compose/material/icons/filled/Addandroidx.compose.material.icons.Icons.Filled;field.members...
[2026-08-24 02:51:18] [PROGRESS] resolve files> Scanning /mnt/c/Users/Sharof/AndroidStudioProjects/SecureGSI/codeql-db-kotlin/trap/java/classes/androidx/compose/material/icons/filled/Addandroidx.compose.material.icons.Icons.Filled;property.members...
[2026-08-24 02:51:18] [PROGRESS] resolve files> Scanning /mnt/c/Users/Sharof/AndroidStudioProjects/SecureGSI/codeql-db-kotlin/trap/java/classes/androidx/compose/material/icons/filled/Memoryandroidx.compose.material.icons.Icons.Filled;field.members...
[2026-08-24 02:51:18] [PROGRESS] resolve files> Scanning /mnt/c/Users/Sharof/AndroidStudioProjects/SecureGSI/codeql-db-kotlin/trap/java/classes/androidx/compose/material/icons/filled/Memoryandroidx.compose.material.icons.Icons.Filled;property.members...
[2026-08-24 02:51:18] [PROGRESS] resolve files> Scanning /mnt/c/Users/Sharof/AndroidStudioProjects/SecureGSI/codeql-db-kotlin/trap/java/classes/androidx/compose/material/icons/filled/Securityandroidx.compose.material.icons.Icons.Filled;field.members...
[2026-08-24 02:51:18] [PROGRESS] resolve files> Scanning /mnt/c/Users/Sharof/AndroidStudioProjects/SecureGSI/codeql-db-kotlin/trap/java/classes/androidx/compose/material/icons/filled/Securityandroidx.compose.material.icons.Icons.Filled;property.members...
[2026-08-24 02:51:18] [PROGRESS] resolve files> Scanning /mnt/c/Users/Sharof/AndroidStudioProjects/SecureGSI/codeql-db-kotlin/trap/java/classes/androidx/compose/material/icons/filled/Settingsandroidx.compose.material.icons.Icons.Filled;field.members...
[2026-08-24 02:51:18] [PROGRESS] resolve files> Scanning /mnt/c/Users/Sharof/AndroidStudioProjects/SecureGSI/codeql-db-kotlin/trap/java/classes/androidx/compose/material/icons/filled/Settingsandroidx.compose.material.icons.Icons.Filled;property.members...
[2026-08-24 02:51:18] [PROGRESS] resolve files> Scanning /mnt/c/Users/Sharof/AndroidStudioProjects/SecureGSI/codeql-db-kotlin/trap/java/classes/androidx/compose/material/icons/filled/Storageandroidx.compose.material.icons.Icons.Filled;field.members...
[2026-08-24 02:51:18] [PROGRESS] resolve files> Scanning /mnt/c/Users/Sharof/AndroidStudioProjects/SecureGSI/codeql-db-kotlin/trap/java/classes/androidx/compose/material/icons/filled/Storageandroidx.compose.material.icons.Icons.Filled;property.members...
[2026-08-24 02:51:18] [PROGRESS] resolve files> Scanning /mnt/c/Users/Sharof/AndroidStudioProjects/SecureGSI/codeql-db-kotlin/trap/java/classes/androidx/compose/material/icons/Icons$AutoMirrored$Filled.members...
[2026-08-24 02:51:18] [PROGRESS] resolve files> Scanning /mnt/c/Users/Sharof/AndroidStudioProjects/SecureGSI/codeql-db-kotlin/trap/java/classes/androidx/compose/material/icons/Icons$AutoMirrored$Outlined.members...
[2026-08-24 02:51:18] [PROGRESS] resolve files> Scanning /mnt/c/Users/Sharof/AndroidStudioProjects/SecureGSI/codeql-db-kotlin/trap/java/classes/androidx/compose/material/icons/Icons$AutoMirrored$Rounded.members...
[2026-08-24 02:51:18] [PROGRESS] resolve files> Scanning /mnt/c/Users/Sharof/AndroidStudioProjects/SecureGSI/codeql-db-kotlin/trap/java/classes/androidx/compose/material/icons/Icons$AutoMirrored$Sharp.members...
[2026-08-24 02:51:18] [PROGRESS] resolve files> Scanning /mnt/c/Users/Sharof/AndroidStudioProjects/SecureGSI/codeql-db-kotlin/trap/java/classes/androidx/compose/material/icons/Icons$AutoMirrored$TwoTone.members...
[2026-08-24 02:51:18] [PROGRESS] resolve files> Scanning /mnt/c/Users/Sharof/AndroidStudioProjects/SecureGSI/codeql-db-kotlin/trap/java/classes/androidx/compose/material/icons/Icons$AutoMirrored.members...
[2026-08-24 02:51:18] [PROGRESS] resolve files> Scanning /mnt/c/Users/Sharof/AndroidStudioProjects/SecureGSI/codeql-db-kotlin/trap/java/classes/androidx/compose/material/icons/Icons$Filled.members...
[2026-08-24 02:51:18] [PROGRESS] resolve files> Scanning /mnt/c/Users/Sharof/AndroidStudioProjects/SecureGSI/codeql-db-kotlin/trap/java/classes/androidx/compose/material/icons/Icons$Outlined.members...
[2026-08-24 02:51:18] [PROGRESS] resolve files> Scanning /mnt/c/Users/Sharof/AndroidStudioProjects/SecureGSI/codeql-db-kotlin/trap/java/classes/androidx/compose/material/icons/Icons$Rounded.members...
[2026-08-24 02:51:18] [PROGRESS] resolve files> Scanning /mnt/c/Users/Sharof/AndroidStudioProjects/SecureGSI/codeql-db-kotlin/trap/java/classes/androidx/compose/material/icons/Icons$Sharp.members...
[2026-08-24 02:51:18] [PROGRESS] resolve files> Scanning /mnt/c/Users/Sharof/AndroidStudioProjects/SecureGSI/codeql-db-kotlin/trap/java/classes/androidx/compose/material/icons/Icons$TwoTone.members...
[2026-08-24 02:51:18] [PROGRESS] resolve files> Scanning /mnt/c/Users/Sharof/AndroidStudioProjects/SecureGSI/codeql-db-kotlin/trap/java/classes/androidx/compose/material/icons/Icons.members...
[2026-08-24 02:51:18] [PROGRESS] resolve files> Scanning /mnt/c/Users/Sharof/AndroidStudioProjects/SecureGSI/codeql-db-kotlin/trap/java/classes/androidx/compose/material3...
[2026-08-24 02:51:18] [PROGRESS] resolve files> Scanning /mnt/c/Users/Sharof/AndroidStudioProjects/SecureGSI/codeql-db-kotlin/trap/java/classes/androidx/compose/material3/Button(kotlin.jvm.functions.Function0,androidx.compose.ui.Modifier,boolean,androidx.compose.ui.gra#757e4e1b.members...
[2026-08-24 02:51:18] [PROGRESS] resolve files> Scanning /mnt/c/Users/Sharof/AndroidStudioProjects/SecureGSI/codeql-db-kotlin/trap/java/classes/androidx/compose/material3/ButtonColors.members...
[2026-08-24 02:51:18] [PROGRESS] resolve files> Scanning /mnt/c/Users/Sharof/AndroidStudioProjects/SecureGSI/codeql-db-kotlin/trap/java/classes/androidx/compose/material3/ButtonElevation.members...
[2026-08-24 02:51:18] [PROGRESS] resolve files> Scanning /mnt/c/Users/Sharof/AndroidStudioProjects/SecureGSI/codeql-db-kotlin/trap/java/classes/androidx/compose/material3/Card(androidx.compose.ui.Modifier,androidx.compose.ui.graphics.Shape,androidx.compose.material3.#cd912d7a.members...
[2026-08-24 02:51:18] [PROGRESS] resolve files> Scanning /mnt/c/Users/Sharof/AndroidStudioProjects/SecureGSI/codeql-db-kotlin/trap/java/classes/androidx/compose/material3/CardColors.members...
[2026-08-24 02:51:18] [PROGRESS] resolve files> Scanning /mnt/c/Users/Sharof/AndroidStudioProjects/SecureGSI/codeql-db-kotlin/trap/java/classes/androidx/compose/material3/CardElevation.members...
[2026-08-24 02:51:18] [PROGRESS] resolve files> Scanning /mnt/c/Users/Sharof/AndroidStudioProjects/SecureGSI/codeql-db-kotlin/trap/java/classes/androidx/compose/material3/CheckboxColors.members...
[2026-08-24 02:51:18] [PROGRESS] resolve files> Scanning /mnt/c/Users/Sharof/AndroidStudioProjects/SecureGSI/codeql-db-kotlin/trap/java/classes/androidx/compose/material3/ChipColors.members...
[2026-08-24 02:51:18] [PROGRESS] resolve files> Scanning /mnt/c/Users/Sharof/AndroidStudioProjects/SecureGSI/codeql-db-kotlin/trap/java/classes/androidx/compose/material3/ColorScheme.members...
[2026-08-24 02:51:18] [PROGRESS] resolve files> Scanning /mnt/c/Users/Sharof/AndroidStudioProjects/SecureGSI/codeql-db-kotlin/trap/java/classes/androidx/compose/material3/darkColorScheme(androidx.compose.ui.graphics.Color,androidx.compose.ui.graphics.Color,androidx.compose.ui.g#bd13f692.members...
[2026-08-24 02:51:18] [PROGRESS] resolve files> Scanning /mnt/c/Users/Sharof/AndroidStudioProjects/SecureGSI/codeql-db-kotlin/trap/java/classes/androidx/compose/material3/DatePickerColors.members...
[2026-08-24 02:51:18] [PROGRESS] resolve files> Scanning /mnt/c/Users/Sharof/AndroidStudioProjects/SecureGSI/codeql-db-kotlin/trap/java/classes/androidx/compose/material3/DragHandleColors.members...
[2026-08-24 02:51:18] [PROGRESS] resolve files> Scanning /mnt/c/Users/Sharof/AndroidStudioProjects/SecureGSI/codeql-db-kotlin/trap/java/classes/androidx/compose/material3/DragHandleShapes.members...
[2026-08-24 02:51:18] [PROGRESS] resolve files> Scanning /mnt/c/Users/Sharof/AndroidStudioProjects/SecureGSI/codeql-db-kotlin/trap/java/classes/androidx/compose/material3/dynamicDarkColorScheme(android.content.Context).members...
[2026-08-24 02:51:18] [PROGRESS] resolve files> Scanning /mnt/c/Users/Sharof/AndroidStudioProjects/SecureGSI/codeql-db-kotlin/trap/java/classes/androidx/compose/material3/dynamicLightColorScheme(android.content.Context).members...
[2026-08-24 02:51:18] [PROGRESS] resolve files> Scanning /mnt/c/Users/Sharof/AndroidStudioProjects/SecureGSI/codeql-db-kotlin/trap/java/classes/androidx/compose/material3/ExperimentalMaterial3Api.members...
[2026-08-24 02:51:18] [PROGRESS] resolve files> Scanning /mnt/c/Users/Sharof/AndroidStudioProjects/SecureGSI/codeql-db-kotlin/trap/java/classes/androidx/compose/material3/FabPosition$Companion.members...
[2026-08-24 02:51:18] [PROGRESS] resolve files> Scanning /mnt/c/Users/Sharof/AndroidStudioProjects/SecureGSI/codeql-db-kotlin/trap/java/classes/androidx/compose/material3/FabPosition.members...
[2026-08-24 02:51:18] [PROGRESS] resolve files> Scanning /mnt/c/Users/Sharof/AndroidStudioProjects/SecureGSI/codeql-db-kotlin/trap/java/classes/androidx/compose/material3/HorizontalDivider(androidx.compose.ui.Modifier,androidx.compose.ui.unit.Dp,androidx.compose.ui.graphics.Color#6bf64f2d.members...
[2026-08-24 02:51:18] [PROGRESS] resolve files> Scanning /mnt/c/Users/Sharof/AndroidStudioProjects/SecureGSI/codeql-db-kotlin/trap/java/classes/androidx/compose/material3/Icon(androidx.compose.ui.graphics.vector.ImageVector,java.lang.String,androidx.compose.ui.Modifi#60c1f2fc.members...
[2026-08-24 02:51:18] [PROGRESS] resolve files> Scanning /mnt/c/Users/Sharof/AndroidStudioProjects/SecureGSI/codeql-db-kotlin/trap/java/classes/androidx/compose/material3/IconButton(kotlin.jvm.functions.Function0,androidx.compose.ui.Modifier,boolean,androidx.compose.materi#e47f3852.members...
[2026-08-24 02:51:18] [PROGRESS] resolve files> Scanning /mnt/c/Users/Sharof/AndroidStudioProjects/SecureGSI/codeql-db-kotlin/trap/java/classes/androidx/compose/material3/IconButtonColors.members...
[2026-08-24 02:51:18] [PROGRESS] resolve files> Scanning /mnt/c/Users/Sharof/AndroidStudioProjects/SecureGSI/codeql-db-kotlin/trap/java/classes/androidx/compose/material3/IconToggleButtonColors.members...
[2026-08-24 02:51:18] [PROGRESS] resolve files> Scanning /mnt/c/Users/Sharof/AndroidStudioProjects/SecureGSI/codeql-db-kotlin/trap/java/classes/androidx/compose/material3/lightColorScheme(androidx.compose.ui.graphics.Color,androidx.compose.ui.graphics.Color,androidx.compose.ui.g#bd13f692.members...
[2026-08-24 02:51:18] [PROGRESS] resolve files> Scanning /mnt/c/Users/Sharof/AndroidStudioProjects/SecureGSI/codeql-db-kotlin/trap/java/classes/androidx/compose/material3/ListItemColors.members...
[2026-08-24 02:51:18] [PROGRESS] resolve files> Scanning /mnt/c/Users/Sharof/AndroidStudioProjects/SecureGSI/codeql-db-kotlin/trap/java/classes/androidx/compose/material3/MaterialTheme(androidx.compose.material3.ColorScheme,androidx.compose.material3.Shapes,androidx.compose.m#7a3fc322.members...
[2026-08-24 02:51:18] [PROGRESS] resolve files> Scanning /mnt/c/Users/Sharof/AndroidStudioProjects/SecureGSI/codeql-db-kotlin/trap/java/classes/androidx/compose/material3/MaterialTheme.members...
[2026-08-24 02:51:18] [PROGRESS] resolve files> Scanning /mnt/c/Users/Sharof/AndroidStudioProjects/SecureGSI/codeql-db-kotlin/trap/java/classes/androidx/compose/material3/MenuItemColors.members...
[2026-08-24 02:51:18] [PROGRESS] resolve files> Scanning /mnt/c/Users/Sharof/AndroidStudioProjects/SecureGSI/codeql-db-kotlin/trap/java/classes/androidx/compose/material3/MotionScheme$Companion.members...
[2026-08-24 02:51:18] [PROGRESS] resolve files> Scanning /mnt/c/Users/Sharof/AndroidStudioProjects/SecureGSI/codeql-db-kotlin/trap/java/classes/androidx/compose/material3/MotionScheme.members...
[2026-08-24 02:51:18] [PROGRESS] resolve files> Scanning /mnt/c/Users/Sharof/AndroidStudioProjects/SecureGSI/codeql-db-kotlin/trap/java/classes/androidx/compose/material3/NavigationBar(androidx.compose.ui.Modifier,androidx.compose.ui.graphics.Color,androidx.compose.ui.graphic#21e788d1.members...
[2026-08-24 02:51:18] [PROGRESS] resolve files> Scanning /mnt/c/Users/Sharof/AndroidStudioProjects/SecureGSI/codeql-db-kotlin/trap/java/classes/androidx/compose/material3/NavigationBarItem(androidx.compose.foundation.layout.RowScope,boolean,kotlin.jvm.functions.Function0,kotlin.j#6dd1939b.members...
[2026-08-24 02:51:18] [PROGRESS] resolve files> Scanning /mnt/c/Users/Sharof/AndroidStudioProjects/SecureGSI/codeql-db-kotlin/trap/java/classes/androidx/compose/material3/NavigationBarItemColors.members...
[2026-08-24 02:51:18] [PROGRESS] resolve files> Scanning /mnt/c/Users/Sharof/AndroidStudioProjects/SecureGSI/codeql-db-kotlin/trap/java/classes/androidx/compose/material3/NavigationItemColors.members...
[2026-08-24 02:51:18] [PROGRESS] resolve files> Scanning /mnt/c/Users/Sharof/AndroidStudioProjects/SecureGSI/codeql-db-kotlin/trap/java/classes/androidx/compose/material3/NavigationRailItemColors.members...
[2026-08-24 02:51:18] [PROGRESS] resolve files> Scanning /mnt/c/Users/Sharof/AndroidStudioProjects/SecureGSI/codeql-db-kotlin/trap/java/classes/androidx/compose/material3/RadioButtonColors.members...
[2026-08-24 02:51:18] [PROGRESS] resolve files> Scanning /mnt/c/Users/Sharof/AndroidStudioProjects/SecureGSI/codeql-db-kotlin/trap/java/classes/androidx/compose/material3/RichTooltipColors.members...
[2026-08-24 02:51:18] [PROGRESS] resolve files> Scanning /mnt/c/Users/Sharof/AndroidStudioProjects/SecureGSI/codeql-db-kotlin/trap/java/classes/androidx/compose/material3/Scaffold(androidx.compose.ui.Modifier,kotlin.jvm.functions.Function2,kotlin.jvm.functions.Function2,#08dd542c.members...
[2026-08-24 02:51:18] [PROGRESS] resolve files> Scanning /mnt/c/Users/Sharof/AndroidStudioProjects/SecureGSI/codeql-db-kotlin/trap/java/classes/androidx/compose/material3/SegmentedButtonColors.members...
[2026-08-24 02:51:18] [PROGRESS] resolve files> Scanning /mnt/c/Users/Sharof/AndroidStudioProjects/SecureGSI/codeql-db-kotlin/trap/java/classes/androidx/compose/material3/SelectableChipColors.members...
[2026-08-24 02:51:18] [PROGRESS] resolve files> Scanning /mnt/c/Users/Sharof/AndroidStudioProjects/SecureGSI/codeql-db-kotlin/trap/java/classes/androidx/compose/material3/Shapes.members...
[2026-08-24 02:51:18] [PROGRESS] resolve files> Scanning /mnt/c/Users/Sharof/AndroidStudioProjects/SecureGSI/codeql-db-kotlin/trap/java/classes/androidx/compose/material3/SliderColors.members...
[2026-08-24 02:51:18] [PROGRESS] resolve files> Scanning /mnt/c/Users/Sharof/AndroidStudioProjects/SecureGSI/codeql-db-kotlin/trap/java/classes/androidx/compose/material3/SwitchColors.members...
[2026-08-24 02:51:18] [PROGRESS] resolve files> Scanning /mnt/c/Users/Sharof/AndroidStudioProjects/SecureGSI/codeql-db-kotlin/trap/java/classes/androidx/compose/material3/Text(java.lang.String,androidx.compose.ui.Modifier,androidx.compose.ui.graphics.Color,androidx.c#402fd4e2.members...
[2026-08-24 02:51:18] [PROGRESS] resolve files> Scanning /mnt/c/Users/Sharof/AndroidStudioProjects/SecureGSI/codeql-db-kotlin/trap/java/classes/androidx/compose/material3/TextFieldColors.members...
[2026-08-24 02:51:18] [PROGRESS] resolve files> Scanning /mnt/c/Users/Sharof/AndroidStudioProjects/SecureGSI/codeql-db-kotlin/trap/java/classes/androidx/compose/material3/TimePickerColors.members...
[2026-08-24 02:51:18] [PROGRESS] resolve files> Scanning /mnt/c/Users/Sharof/AndroidStudioProjects/SecureGSI/codeql-db-kotlin/trap/java/classes/androidx/compose/material3/TopAppBar(kotlin.jvm.functions.Function2,androidx.compose.ui.Modifier,kotlin.jvm.functions.Function2,#a13da682.members...
[2026-08-24 02:51:18] [PROGRESS] resolve files> Scanning /mnt/c/Users/Sharof/AndroidStudioProjects/SecureGSI/codeql-db-kotlin/trap/java/classes/androidx/compose/material3/TopAppBarColors.members...
[2026-08-24 02:51:18] [PROGRESS] resolve files> Scanning /mnt/c/Users/Sharof/AndroidStudioProjects/SecureGSI/codeql-db-kotlin/trap/java/classes/androidx/compose/material3/TopAppBarScrollBehavior.members...
[2026-08-24 02:51:18] [PROGRESS] resolve files> Scanning /mnt/c/Users/Sharof/AndroidStudioProjects/SecureGSI/codeql-db-kotlin/trap/java/classes/androidx/compose/material3/TopAppBarState$Companion.members...
[2026-08-24 02:51:18] [PROGRESS] resolve files> Scanning /mnt/c/Users/Sharof/AndroidStudioProjects/SecureGSI/codeql-db-kotlin/trap/java/classes/androidx/compose/material3/TopAppBarState.members...
[2026-08-24 02:51:18] [PROGRESS] resolve files> Scanning /mnt/c/Users/Sharof/AndroidStudioProjects/SecureGSI/codeql-db-kotlin/trap/java/classes/androidx/compose/material3/Typography.members...
[2026-08-24 02:51:18] [PROGRESS] resolve files> Scanning /mnt/c/Users/Sharof/AndroidStudioProjects/SecureGSI/codeql-db-kotlin/trap/java/classes/androidx/compose/material3/WideNavigationRailColors.members...
[2026-08-24 02:51:18] [PROGRESS] resolve files> Scanning /mnt/c/Users/Sharof/AndroidStudioProjects/SecureGSI/codeql-db-kotlin/trap/java/classes/androidx/compose/runtime...
[2026-08-24 02:51:19] [PROGRESS] resolve files> Scanning /mnt/c/Users/Sharof/AndroidStudioProjects/SecureGSI/codeql-db-kotlin/trap/java/classes/androidx/compose/runtime/Anchor.members...
[2026-08-24 02:51:19] [PROGRESS] resolve files> Scanning /mnt/c/Users/Sharof/AndroidStudioProjects/SecureGSI/codeql-db-kotlin/trap/java/classes/androidx/compose/runtime/annotation...
[2026-08-24 02:51:19] [PROGRESS] resolve files> Scanning /mnt/c/Users/Sharof/AndroidStudioProjects/SecureGSI/codeql-db-kotlin/trap/java/classes/androidx/compose/runtime/annotation/FrequentlyChangingValue.members...
[2026-08-24 02:51:19] [PROGRESS] resolve files> Scanning /mnt/c/Users/Sharof/AndroidStudioProjects/SecureGSI/codeql-db-kotlin/trap/java/classes/androidx/compose/runtime/annotation/RememberInComposition.members...
[2026-08-24 02:51:19] [PROGRESS] resolve files> Scanning /mnt/c/Users/Sharof/AndroidStudioProjects/SecureGSI/codeql-db-kotlin/trap/java/classes/androidx/compose/runtime/Applier.members...
[2026-08-24 02:51:19] [PROGRESS] resolve files> Scanning /mnt/c/Users/Sharof/AndroidStudioProjects/SecureGSI/codeql-db-kotlin/trap/java/classes/androidx/compose/runtime/cache(androidx.compose.runtime.Composer,boolean,kotlin.jvm.functions.Function0).members...
[2026-08-24 02:51:19] [PROGRESS] resolve files> Scanning /mnt/c/Users/Sharof/AndroidStudioProjects/SecureGSI/codeql-db-kotlin/trap/java/classes/androidx/compose/runtime/CancellationHandle$Companion.members...
[2026-08-24 02:51:19] [PROGRESS] resolve files> Scanning /mnt/c/Users/Sharof/AndroidStudioProjects/SecureGSI/codeql-db-kotlin/trap/java/classes/androidx/compose/runtime/CancellationHandle.members...
[2026-08-24 02:51:19] [PROGRESS] resolve files> Scanning /mnt/c/Users/Sharof/AndroidStudioProjects/SecureGSI/codeql-db-kotlin/trap/java/classes/androidx/compose/runtime/collection...
[2026-08-24 02:51:19] [PROGRESS] resolve files> Scanning /mnt/c/Users/Sharof/AndroidStudioProjects/SecureGSI/codeql-db-kotlin/trap/java/classes/androidx/compose/runtime/collection/MutableVector.members...
[2026-08-24 02:51:19] [PROGRESS] resolve files> Scanning /mnt/c/Users/Sharof/AndroidStudioProjects/SecureGSI/codeql-db-kotlin/trap/java/classes/androidx/compose/runtime/Composable.members...
[2026-08-24 02:51:19] [PROGRESS] resolve files> Scanning /mnt/c/Users/Sharof/AndroidStudioProjects/SecureGSI/codeql-db-kotlin/trap/java/classes/androidx/compose/runtime/ComposableInferredTarget.members...
[2026-08-24 02:51:19] [PROGRESS] resolve files> Scanning /mnt/c/Users/Sharof/AndroidStudioProjects/SecureGSI/codeql-db-kotlin/trap/java/classes/androidx/compose/runtime/ComposableTarget.members...
[2026-08-24 02:51:19] [PROGRESS] resolve files> Scanning /mnt/c/Users/Sharof/AndroidStudioProjects/SecureGSI/codeql-db-kotlin/trap/java/classes/androidx/compose/runtime/ComposeCompilerApi.members...
[2026-08-24 02:51:19] [PROGRESS] resolve files> Scanning /mnt/c/Users/Sharof/AndroidStudioProjects/SecureGSI/codeql-db-kotlin/trap/java/classes/androidx/compose/runtime/ComposeNodeLifecycleCallback.members...
[2026-08-24 02:51:19] [PROGRESS] resolve files> Scanning /mnt/c/Users/Sharof/AndroidStudioProjects/SecureGSI/codeql-db-kotlin/trap/java/classes/androidx/compose/runtime/composer...
[2026-08-24 02:51:19] [PROGRESS] resolve files> Scanning /mnt/c/Users/Sharof/AndroidStudioProjects/SecureGSI/codeql-db-kotlin/trap/java/classes/androidx/compose/runtime/composer/gapbuffer...
[2026-08-24 02:51:19] [PROGRESS] resolve files> Scanning /mnt/c/Users/Sharof/AndroidStudioProjects/SecureGSI/codeql-db-kotlin/trap/java/classes/androidx/compose/runtime/composer/gapbuffer/GapAnchor.members...
[2026-08-24 02:51:19] [PROGRESS] resolve files> Scanning /mnt/c/Users/Sharof/AndroidStudioProjects/SecureGSI/codeql-db-kotlin/trap/java/classes/androidx/compose/runtime/composer/gapbuffer/GapGroupSourceInformation.members...
[2026-08-24 02:51:19] [PROGRESS] resolve files> Scanning /mnt/c/Users/Sharof/AndroidStudioProjects/SecureGSI/codeql-db-kotlin/trap/java/classes/androidx/compose/runtime/composer/gapbuffer/KeyInfo.members...
[2026-08-24 02:51:19] [PROGRESS] resolve files> Scanning /mnt/c/Users/Sharof/AndroidStudioProjects/SecureGSI/codeql-db-kotlin/trap/java/classes/androidx/compose/runtime/composer/gapbuffer/SlotReader.members...
[2026-08-24 02:51:19] [PROGRESS] resolve files> Scanning /mnt/c/Users/Sharof/AndroidStudioProjects/SecureGSI/codeql-db-kotlin/trap/java/classes/androidx/compose/runtime/composer/gapbuffer/SlotTable.members...
[2026-08-24 02:51:19] [PROGRESS] resolve files> Scanning /mnt/c/Users/Sharof/AndroidStudioProjects/SecureGSI/codeql-db-kotlin/trap/java/classes/androidx/compose/runtime/composer/gapbuffer/SlotWriter$Companion.members...
[2026-08-24 02:51:19] [PROGRESS] resolve files> Scanning /mnt/c/Users/Sharof/AndroidStudioProjects/SecureGSI/codeql-db-kotlin/trap/java/classes/androidx/compose/runtime/composer/gapbuffer/SlotWriter.members...
[2026-08-24 02:51:19] [PROGRESS] resolve files> Scanning /mnt/c/Users/Sharof/AndroidStudioProjects/SecureGSI/codeql-db-kotlin/trap/java/classes/androidx/compose/runtime/composer/GroupSourceInformation.members...
[2026-08-24 02:51:19] [PROGRESS] resolve files> Scanning /mnt/c/Users/Sharof/AndroidStudioProjects/SecureGSI/codeql-db-kotlin/trap/java/classes/androidx/compose/runtime/composer/RememberManager.members...
[2026-08-24 02:51:19] [PROGRESS] resolve files> Scanning /mnt/c/Users/Sharof/AndroidStudioProjects/SecureGSI/codeql-db-kotlin/trap/java/classes/androidx/compose/runtime/Composer$Companion.members...
[2026-08-24 02:51:19] [PROGRESS] resolve files> Scanning /mnt/c/Users/Sharof/AndroidStudioProjects/SecureGSI/codeql-db-kotlin/trap/java/classes/androidx/compose/runtime/Composer.members...
[2026-08-24 02:51:19] [PROGRESS] resolve files> Scanning /mnt/c/Users/Sharof/AndroidStudioProjects/SecureGSI/codeql-db-kotlin/trap/java/classes/androidx/compose/runtime/Composition.members...
[2026-08-24 02:51:19] [PROGRESS] resolve files> Scanning /mnt/c/Users/Sharof/AndroidStudioProjects/SecureGSI/codeql-db-kotlin/trap/java/classes/androidx/compose/runtime/CompositionContext.members...
[2026-08-24 02:51:19] [PROGRESS] resolve files> Scanning /mnt/c/Users/Sharof/AndroidStudioProjects/SecureGSI/codeql-db-kotlin/trap/java/classes/androidx/compose/runtime/CompositionLocal.members...
[2026-08-24 02:51:19] [PROGRESS] resolve files> Scanning /mnt/c/Users/Sharof/AndroidStudioProjects/SecureGSI/codeql-db-kotlin/trap/java/classes/androidx/compose/runtime/CompositionLocalAccessorScope.members...
[2026-08-24 02:51:19] [PROGRESS] resolve files> Scanning /mnt/c/Users/Sharof/AndroidStudioProjects/SecureGSI/codeql-db-kotlin/trap/java/classes/androidx/compose/runtime/CompositionLocalMap$Companion.members...
[2026-08-24 02:51:19] [PROGRESS] resolve files> Scanning /mnt/c/Users/Sharof/AndroidStudioProjects/SecureGSI/codeql-db-kotlin/trap/java/classes/androidx/compose/runtime/CompositionLocalMap.members...
[2026-08-24 02:51:19] [PROGRESS] resolve files> Scanning /mnt/c/Users/Sharof/AndroidStudioProjects/SecureGSI/codeql-db-kotlin/trap/java/classes/androidx/compose/runtime/CompositionObserverHolder.members...
[2026-08-24 02:51:19] [PROGRESS] resolve files> Scanning /mnt/c/Users/Sharof/AndroidStudioProjects/SecureGSI/codeql-db-kotlin/trap/java/classes/androidx/compose/runtime/CompositionTracer.members...
[2026-08-24 02:51:19] [PROGRESS] resolve files> Scanning /mnt/c/Users/Sharof/AndroidStudioProjects/SecureGSI/codeql-db-kotlin/trap/java/classes/androidx/compose/runtime/ControlledComposition.members...
[2026-08-24 02:51:19] [PROGRESS] resolve files> Scanning /mnt/c/Users/Sharof/AndroidStudioProjects/SecureGSI/codeql-db-kotlin/trap/java/classes/androidx/compose/runtime/DerivedState$Record.members...
[2026-08-24 02:51:19] [PROGRESS] resolve files> Scanning /mnt/c/Users/Sharof/AndroidStudioProjects/SecureGSI/codeql-db-kotlin/trap/java/classes/androidx/compose/runtime/DerivedState.members...
[2026-08-24 02:51:19] [PROGRESS] resolve files> Scanning /mnt/c/Users/Sharof/AndroidStudioProjects/SecureGSI/codeql-db-kotlin/trap/java/classes/androidx/compose/runtime/ExperimentalComposeRuntimeApi.members...
[2026-08-24 02:51:19] [PROGRESS] resolve files> Scanning /mnt/c/Users/Sharof/AndroidStudioProjects/SecureGSI/codeql-db-kotlin/trap/java/classes/androidx/compose/runtime/external...
[2026-08-24 02:51:19] [PROGRESS] resolve files> Scanning /mnt/c/Users/Sharof/AndroidStudioProjects/SecureGSI/codeql-db-kotlin/trap/java/classes/androidx/compose/runtime/external/kotlinx...
[2026-08-24 02:51:19] [PROGRESS] resolve files> Scanning /mnt/c/Users/Sharof/AndroidStudioProjects/SecureGSI/codeql-db-kotlin/trap/java/classes/androidx/compose/runtime/external/kotlinx/collections...
[2026-08-24 02:51:19] [PROGRESS] resolve files> Scanning /mnt/c/Users/Sharof/AndroidStudioProjects/SecureGSI/codeql-db-kotlin/trap/java/classes/androidx/compose/runtime/external/kotlinx/collections/immutable...
[2026-08-24 02:51:19] [PROGRESS] resolve files> Scanning /mnt/c/Users/Sharof/AndroidStudioProjects/SecureGSI/codeql-db-kotlin/trap/java/classes/androidx/compose/runtime/external/kotlinx/collections/immutable/ImmutableCollection.members...
[2026-08-24 02:51:19] [PROGRESS] resolve files> Scanning /mnt/c/Users/Sharof/AndroidStudioProjects/SecureGSI/codeql-db-kotlin/trap/java/classes/androidx/compose/runtime/external/kotlinx/collections/immutable/ImmutableMap.members...
[2026-08-24 02:51:19] [PROGRESS] resolve files> Scanning /mnt/c/Users/Sharof/AndroidStudioProjects/SecureGSI/codeql-db-kotlin/trap/java/classes/androidx/compose/runtime/external/kotlinx/collections/immutable/ImmutableSet.members...
[2026-08-24 02:51:19] [PROGRESS] resolve files> Scanning /mnt/c/Users/Sharof/AndroidStudioProjects/SecureGSI/codeql-db-kotlin/trap/java/classes/androidx/compose/runtime/external/kotlinx/collections/immutable/PersistentMap$Builder.members...
[2026-08-24 02:51:19] [PROGRESS] resolve files> Scanning /mnt/c/Users/Sharof/AndroidStudioProjects/SecureGSI/codeql-db-kotlin/trap/java/classes/androidx/compose/runtime/external/kotlinx/collections/immutable/PersistentMap.members...
[2026-08-24 02:51:19] [PROGRESS] resolve files> Scanning /mnt/c/Users/Sharof/AndroidStudioProjects/SecureGSI/codeql-db-kotlin/trap/java/classes/androidx/compose/runtime/getValue(androidx.compose.runtime.IntState,java.lang.Object,kotlin.reflect.KProperty).members...
[2026-08-24 02:51:19] [PROGRESS] resolve files> Scanning /mnt/c/Users/Sharof/AndroidStudioProjects/SecureGSI/codeql-db-kotlin/trap/java/classes/androidx/compose/runtime/getValue(androidx.compose.runtime.State,java.lang.Object,kotlin.reflect.KProperty).members...
[2026-08-24 02:51:19] [PROGRESS] resolve files> Scanning /mnt/c/Users/Sharof/AndroidStudioProjects/SecureGSI/codeql-db-kotlin/trap/java/classes/androidx/compose/runtime/Immutable.members...
[2026-08-24 02:51:19] [PROGRESS] resolve files> Scanning /mnt/c/Users/Sharof/AndroidStudioProjects/SecureGSI/codeql-db-kotlin/trap/java/classes/androidx/compose/runtime/internal...
[2026-08-24 02:51:19] [PROGRESS] resolve files> Scanning /mnt/c/Users/Sharof/AndroidStudioProjects/SecureGSI/codeql-db-kotlin/trap/java/classes/androidx/compose/runtime/internal/ComposableFunction0.members...
[2026-08-24 02:51:19] [PROGRESS] resolve files> Scanning /mnt/c/Users/Sharof/AndroidStudioProjects/SecureGSI/codeql-db-kotlin/trap/java/classes/androidx/compose/runtime/internal/ComposableFunction1.members...
[2026-08-24 02:51:19] [PROGRESS] resolve files> Scanning /mnt/c/Users/Sharof/AndroidStudioProjects/SecureGSI/codeql-db-kotlin/trap/java/classes/androidx/compose/runtime/internal/ComposableFunction2.members...
[2026-08-24 02:51:19] [PROGRESS] resolve files> Scanning /mnt/c/Users/Sharof/AndroidStudioProjects/SecureGSI/codeql-db-kotlin/trap/java/classes/androidx/compose/runtime/internal/ComposableLambda.members...
[2026-08-24 02:51:19] [PROGRESS] resolve files> Scanning /mnt/c/Users/Sharof/AndroidStudioProjects/SecureGSI/codeql-db-kotlin/trap/java/classes/androidx/compose/runtime/internal/composableLambdaInstance(int,boolean,java.lang.Object).members...
[2026-08-24 02:51:19] [PROGRESS] resolve files> Scanning /mnt/c/Users/Sharof/AndroidStudioProjects/SecureGSI/codeql-db-kotlin/trap/java/classes/androidx/compose/runtime/internal/FunctionKeyMeta$Container.members...
[2026-08-24 02:51:19] [PROGRESS] resolve files> Scanning /mnt/c/Users/Sharof/AndroidStudioProjects/SecureGSI/codeql-db-kotlin/trap/java/classes/androidx/compose/runtime/internal/FunctionKeyMeta.members...
[2026-08-24 02:51:19] [PROGRESS] resolve files> Scanning /mnt/c/Users/Sharof/AndroidStudioProjects/SecureGSI/codeql-db-kotlin/trap/java/classes/androidx/compose/runtime/internal/rememberComposableLambda(int,boolean,java.lang.Object,androidx.compose.runtime.Composer,int).members...
[2026-08-24 02:51:19] [PROGRESS] resolve files> Scanning /mnt/c/Users/Sharof/AndroidStudioProjects/SecureGSI/codeql-db-kotlin/trap/java/classes/androidx/compose/runtime/internal/StabilityInferred.members...
[2026-08-24 02:51:19] [PROGRESS] resolve files> Scanning /mnt/c/Users/Sharof/AndroidStudioProjects/SecureGSI/codeql-db-kotlin/trap/java/classes/androidx/compose/runtime/InternalComposeApi.members...
[2026-08-24 02:51:19] [PROGRESS] resolve files> Scanning /mnt/c/Users/Sharof/AndroidStudioProjects/SecureGSI/codeql-db-kotlin/trap/java/classes/androidx/compose/runtime/InternalComposeTracingApi.members...
[2026-08-24 02:51:19] [PROGRESS] resolve files> Scanning /mnt/c/Users/Sharof/AndroidStudioProjects/SecureGSI/codeql-db-kotlin/trap/java/classes/androidx/compose/runtime/IntState.members...
[2026-08-24 02:51:19] [PROGRESS] resolve files> Scanning /mnt/c/Users/Sharof/AndroidStudioProjects/SecureGSI/codeql-db-kotlin/trap/java/classes/androidx/compose/runtime/InvalidationResult.members...
[2026-08-24 02:51:19] [PROGRESS] resolve files> Scanning /mnt/c/Users/Sharof/AndroidStudioProjects/SecureGSI/codeql-db-kotlin/trap/java/classes/androidx/compose/runtime/isTraceInProgress().members...
[2026-08-24 02:51:19] [PROGRESS] resolve files> Scanning /mnt/c/Users/Sharof/AndroidStudioProjects/SecureGSI/codeql-db-kotlin/trap/java/classes/androidx/compose/runtime/MovableContent.members...
[2026-08-24 02:51:19] [PROGRESS] resolve files> Scanning /mnt/c/Users/Sharof/AndroidStudioProjects/SecureGSI/codeql-db-kotlin/trap/java/classes/androidx/compose/runtime/MovableContentState.members...
[2026-08-24 02:51:19] [PROGRESS] resolve files> Scanning /mnt/c/Users/Sharof/AndroidStudioProjects/SecureGSI/codeql-db-kotlin/trap/java/classes/androidx/compose/runtime/MovableContentStateReference.members...
[2026-08-24 02:51:19] [PROGRESS] resolve files> Scanning /mnt/c/Users/Sharof/AndroidStudioProjects/SecureGSI/codeql-db-kotlin/trap/java/classes/androidx/compose/runtime/MutableIntState.members...
[2026-08-24 02:51:19] [PROGRESS] resolve files> Scanning /mnt/c/Users/Sharof/AndroidStudioProjects/SecureGSI/codeql-db-kotlin/trap/java/classes/androidx/compose/runtime/mutableIntStateOf(int).members...
[2026-08-24 02:51:19] [PROGRESS] resolve files> Scanning /mnt/c/Users/Sharof/AndroidStudioProjects/SecureGSI/codeql-db-kotlin/trap/java/classes/androidx/compose/runtime/MutableState.members...
[2026-08-24 02:51:19] [PROGRESS] resolve files> Scanning /mnt/c/Users/Sharof/AndroidStudioProjects/SecureGSI/codeql-db-kotlin/trap/java/classes/androidx/compose/runtime/mutableStateOf(java.lang.Object,androidx.compose.runtime.SnapshotMutationPolicy).members...
[2026-08-24 02:51:19] [PROGRESS] resolve files> Scanning /mnt/c/Users/Sharof/AndroidStudioProjects/SecureGSI/codeql-db-kotlin/trap/java/classes/androidx/compose/runtime/PersistentCompositionLocalMap$Builder.members...
[2026-08-24 02:51:19] [PROGRESS] resolve files> Scanning /mnt/c/Users/Sharof/AndroidStudioProjects/SecureGSI/codeql-db-kotlin/trap/java/classes/androidx/compose/runtime/PersistentCompositionLocalMap.members...
[2026-08-24 02:51:19] [PROGRESS] resolve files> Scanning /mnt/c/Users/Sharof/AndroidStudioProjects/SecureGSI/codeql-db-kotlin/trap/java/classes/androidx/compose/runtime/ProvidableCompositionLocal.members...
[2026-08-24 02:51:19] [PROGRESS] resolve files> Scanning /mnt/c/Users/Sharof/AndroidStudioProjects/SecureGSI/codeql-db-kotlin/trap/java/classes/androidx/compose/runtime/ProvidedValue.members...
[2026-08-24 02:51:19] [PROGRESS] resolve files> Scanning /mnt/c/Users/Sharof/AndroidStudioProjects/SecureGSI/codeql-db-kotlin/trap/java/classes/androidx/compose/runtime/ReadOnlyComposable.members...
[2026-08-24 02:51:19] [PROGRESS] resolve files> Scanning /mnt/c/Users/Sharof/AndroidStudioProjects/SecureGSI/codeql-db-kotlin/trap/java/classes/androidx/compose/runtime/RecomposeScope.members...
[2026-08-24 02:51:19] [PROGRESS] resolve files> Scanning /mnt/c/Users/Sharof/AndroidStudioProjects/SecureGSI/codeql-db-kotlin/trap/java/classes/androidx/compose/runtime/RecomposeScopeImpl$Companion.members...
[2026-08-24 02:51:19] [PROGRESS] resolve files> Scanning /mnt/c/Users/Sharof/AndroidStudioProjects/SecureGSI/codeql-db-kotlin/trap/java/classes/androidx/compose/runtime/RecomposeScopeImpl.members...
[2026-08-24 02:51:19] [PROGRESS] resolve files> Scanning /mnt/c/Users/Sharof/AndroidStudioProjects/SecureGSI/codeql-db-kotlin/trap/java/classes/androidx/compose/runtime/RecomposeScopeOwner.members...
[2026-08-24 02:51:19] [PROGRESS] resolve files> Scanning /mnt/c/Users/Sharof/AndroidStudioProjects/SecureGSI/codeql-db-kotlin/trap/java/classes/androidx/compose/runtime/RememberObserver.members...
[2026-08-24 02:51:19] [PROGRESS] resolve files> Scanning /mnt/c/Users/Sharof/AndroidStudioProjects/SecureGSI/codeql-db-kotlin/trap/java/classes/androidx/compose/runtime/RememberObserverHolder.members...
[2026-08-24 02:51:19] [PROGRESS] resolve files> Scanning /mnt/c/Users/Sharof/AndroidStudioProjects/SecureGSI/codeql-db-kotlin/trap/java/classes/androidx/compose/runtime/retain...
[2026-08-24 02:51:19] [PROGRESS] resolve files> Scanning /mnt/c/Users/Sharof/AndroidStudioProjects/SecureGSI/codeql-db-kotlin/trap/java/classes/androidx/compose/runtime/retain/RetainedValuesStore.members...
[2026-08-24 02:51:19] [PROGRESS] resolve files> Scanning /mnt/c/Users/Sharof/AndroidStudioProjects/SecureGSI/codeql-db-kotlin/trap/java/classes/androidx/compose/runtime/saveable...
[2026-08-24 02:51:19] [PROGRESS] resolve files> Scanning /mnt/c/Users/Sharof/AndroidStudioProjects/SecureGSI/codeql-db-kotlin/trap/java/classes/androidx/compose/runtime/saveable/SaveableStateHolder.members...
[2026-08-24 02:51:19] [PROGRESS] resolve files> Scanning /mnt/c/Users/Sharof/AndroidStudioProjects/SecureGSI/codeql-db-kotlin/trap/java/classes/androidx/compose/runtime/saveable/Saver.members...
[2026-08-24 02:51:19] [PROGRESS] resolve files> Scanning /mnt/c/Users/Sharof/AndroidStudioProjects/SecureGSI/codeql-db-kotlin/trap/java/classes/androidx/compose/runtime/saveable/SaverScope.members...
[2026-08-24 02:51:19] [PROGRESS] resolve files> Scanning /mnt/c/Users/Sharof/AndroidStudioProjects/SecureGSI/codeql-db-kotlin/trap/java/classes/androidx/compose/runtime/ScopeUpdateScope.members...
[2026-08-24 02:51:19] [PROGRESS] resolve files> Scanning /mnt/c/Users/Sharof/AndroidStudioProjects/SecureGSI/codeql-db-kotlin/trap/java/classes/androidx/compose/runtime/setValue(androidx.compose.runtime.MutableIntState,java.lang.Object,kotlin.reflect.KProperty,int).members...
[2026-08-24 02:51:19] [PROGRESS] resolve files> Scanning /mnt/c/Users/Sharof/AndroidStudioProjects/SecureGSI/codeql-db-kotlin/trap/java/classes/androidx/compose/runtime/setValue(androidx.compose.runtime.MutableState,java.lang.Object,kotlin.reflect.KProperty,java.lang.Object).members...
[2026-08-24 02:51:19] [PROGRESS] resolve files> Scanning /mnt/c/Users/Sharof/AndroidStudioProjects/SecureGSI/codeql-db-kotlin/trap/java/classes/androidx/compose/runtime/ShouldPauseCallback.members...
[2026-08-24 02:51:19] [PROGRESS] resolve files> Scanning /mnt/c/Users/Sharof/AndroidStudioProjects/SecureGSI/codeql-db-kotlin/trap/java/classes/androidx/compose/runtime/SlotStorage.members...
[2026-08-24 02:51:19] [PROGRESS] resolve files> Scanning /mnt/c/Users/Sharof/AndroidStudioProjects/SecureGSI/codeql-db-kotlin/trap/java/classes/androidx/compose/runtime/SnapshotMutationPolicy.members...
[2026-08-24 02:51:19] [PROGRESS] resolve files> Scanning /mnt/c/Users/Sharof/AndroidStudioProjects/SecureGSI/codeql-db-kotlin/trap/java/classes/androidx/compose/runtime/snapshots...
[2026-08-24 02:51:19] [PROGRESS] resolve files> Scanning /mnt/c/Users/Sharof/AndroidStudioProjects/SecureGSI/codeql-db-kotlin/trap/java/classes/androidx/compose/runtime/snapshots/AutoboxingStateValueProperty.members...
[2026-08-24 02:51:19] [PROGRESS] resolve files> Scanning /mnt/c/Users/Sharof/AndroidStudioProjects/SecureGSI/codeql-db-kotlin/trap/java/classes/androidx/compose/runtime/snapshots/StateFactoryMarker.members...
[2026-08-24 02:51:19] [PROGRESS] resolve files> Scanning /mnt/c/Users/Sharof/AndroidStudioProjects/SecureGSI/codeql-db-kotlin/trap/java/classes/androidx/compose/runtime/snapshots/StateObject.members...
[2026-08-24 02:51:19] [PROGRESS] resolve files> Scanning /mnt/c/Users/Sharof/AndroidStudioProjects/SecureGSI/codeql-db-kotlin/trap/java/classes/androidx/compose/runtime/snapshots/StateRecord.members...
[2026-08-24 02:51:19] [PROGRESS] resolve files> Scanning /mnt/c/Users/Sharof/AndroidStudioProjects/SecureGSI/codeql-db-kotlin/trap/java/classes/androidx/compose/runtime/sourceInformation(androidx.compose.runtime.Composer,java.lang.String).members...
[2026-08-24 02:51:19] [PROGRESS] resolve files> Scanning /mnt/c/Users/Sharof/AndroidStudioProjects/SecureGSI/codeql-db-kotlin/trap/java/classes/androidx/compose/runtime/sourceInformationMarkerEnd(androidx.compose.runtime.Composer).members...
[2026-08-24 02:51:19] [PROGRESS] resolve files> Scanning /mnt/c/Users/Sharof/AndroidStudioProjects/SecureGSI/codeql-db-kotlin/trap/java/classes/androidx/compose/runtime/sourceInformationMarkerStart(androidx.compose.runtime.Composer,int,java.lang.String).members...
[2026-08-24 02:51:19] [PROGRESS] resolve files> Scanning /mnt/c/Users/Sharof/AndroidStudioProjects/SecureGSI/codeql-db-kotlin/trap/java/classes/androidx/compose/runtime/Stable.members...
[2026-08-24 02:51:19] [PROGRESS] resolve files> Scanning /mnt/c/Users/Sharof/AndroidStudioProjects/SecureGSI/codeql-db-kotlin/trap/java/classes/androidx/compose/runtime/StableMarker.members...
[2026-08-24 02:51:19] [PROGRESS] resolve files> Scanning /mnt/c/Users/Sharof/AndroidStudioProjects/SecureGSI/codeql-db-kotlin/trap/java/classes/androidx/compose/runtime/State.members...
[2026-08-24 02:51:19] [PROGRESS] resolve files> Scanning /mnt/c/Users/Sharof/AndroidStudioProjects/SecureGSI/codeql-db-kotlin/trap/java/classes/androidx/compose/runtime/tooling...
[2026-08-24 02:51:19] [PROGRESS] resolve files> Scanning /mnt/c/Users/Sharof/AndroidStudioProjects/SecureGSI/codeql-db-kotlin/trap/java/classes/androidx/compose/runtime/tooling/ComposeStackTraceMode$Companion.members...
[2026-08-24 02:51:19] [PROGRESS] resolve files> Scanning /mnt/c/Users/Sharof/AndroidStudioProjects/SecureGSI/codeql-db-kotlin/trap/java/classes/androidx/compose/runtime/tooling/ComposeStackTraceMode.members...
[2026-08-24 02:51:19] [PROGRESS] resolve files> Scanning /mnt/c/Users/Sharof/AndroidStudioProjects/SecureGSI/codeql-db-kotlin/trap/java/classes/androidx/compose/runtime/tooling/ComposeToolingApi.members...
[2026-08-24 02:51:19] [PROGRESS] resolve files> Scanning /mnt/c/Users/Sharof/AndroidStudioProjects/SecureGSI/codeql-db-kotlin/trap/java/classes/androidx/compose/runtime/tooling/CompositionData.members...
[2026-08-24 02:51:19] [PROGRESS] resolve files> Scanning /mnt/c/Users/Sharof/AndroidStudioProjects/SecureGSI/codeql-db-kotlin/trap/java/classes/androidx/compose/runtime/tooling/CompositionGroup.members...
[2026-08-24 02:51:19] [PROGRESS] resolve files> Scanning /mnt/c/Users/Sharof/AndroidStudioProjects/SecureGSI/codeql-db-kotlin/trap/java/classes/androidx/compose/runtime/tooling/CompositionObserver.members...
[2026-08-24 02:51:19] [PROGRESS] resolve files> Scanning /mnt/c/Users/Sharof/AndroidStudioProjects/SecureGSI/codeql-db-kotlin/trap/java/classes/androidx/compose/runtime/tooling/CompositionObserverHandle.members...
[2026-08-24 02:51:19] [PROGRESS] resolve files> Scanning /mnt/c/Users/Sharof/AndroidStudioProjects/SecureGSI/codeql-db-kotlin/trap/java/classes/androidx/compose/runtime/tooling/IdentifiableRecomposeScope.members...
[2026-08-24 02:51:19] [PROGRESS] resolve files> Scanning /mnt/c/Users/Sharof/AndroidStudioProjects/SecureGSI/codeql-db-kotlin/trap/java/classes/androidx/compose/runtime/tooling/ObservableComposition.members...
[2026-08-24 02:51:19] [PROGRESS] resolve files> Scanning /mnt/c/Users/Sharof/AndroidStudioProjects/SecureGSI/codeql-db-kotlin/trap/java/classes/androidx/compose/runtime/traceEventEnd().members...
[2026-08-24 02:51:19] [PROGRESS] resolve files> Scanning /mnt/c/Users/Sharof/AndroidStudioProjects/SecureGSI/codeql-db-kotlin/trap/java/classes/androidx/compose/runtime/traceEventStart(int,int,int,java.lang.String).members...
[2026-08-24 02:51:19] [PROGRESS] resolve files> Scanning /mnt/c/Users/Sharof/AndroidStudioProjects/SecureGSI/codeql-db-kotlin/trap/java/classes/androidx/compose/runtime/updateChangedFlags(int).members...
[2026-08-24 02:51:19] [PROGRESS] resolve files> Scanning /mnt/c/Users/Sharof/AndroidStudioProjects/SecureGSI/codeql-db-kotlin/trap/java/classes/androidx/compose/runtime/ValueHolder.members...
[2026-08-24 02:51:19] [PROGRESS] resolve files> Scanning /mnt/c/Users/Sharof/AndroidStudioProjects/SecureGSI/codeql-db-kotlin/trap/java/classes/androidx/compose/ui...
[2026-08-24 02:51:19] [PROGRESS] resolve files> Scanning /mnt/c/Users/Sharof/AndroidStudioProjects/SecureGSI/codeql-db-kotlin/trap/java/classes/androidx/compose/ui/Alignment$Companion.members...
[2026-08-24 02:51:19] [PROGRESS] resolve files> Scanning /mnt/c/Users/Sharof/AndroidStudioProjects/SecureGSI/codeql-db-kotlin/trap/java/classes/androidx/compose/ui/Alignment$Horizontal.members...
[2026-08-24 02:51:19] [PROGRESS] resolve files> Scanning /mnt/c/Users/Sharof/AndroidStudioProjects/SecureGSI/codeql-db-kotlin/trap/java/classes/androidx/compose/ui/Alignment$Vertical.members...
[2026-08-24 02:51:19] [PROGRESS] resolve files> Scanning /mnt/c/Users/Sharof/AndroidStudioProjects/SecureGSI/codeql-db-kotlin/trap/java/classes/androidx/compose/ui/Alignment.members...
[2026-08-24 02:51:19] [PROGRESS] resolve files> Scanning /mnt/c/Users/Sharof/AndroidStudioProjects/SecureGSI/codeql-db-kotlin/trap/java/classes/androidx/compose/ui/autofill...
[2026-08-24 02:51:19] [PROGRESS] resolve files> Scanning /mnt/c/Users/Sharof/AndroidStudioProjects/SecureGSI/codeql-db-kotlin/trap/java/classes/androidx/compose/ui/autofill/Autofill.members...
[2026-08-24 02:51:19] [PROGRESS] resolve files> Scanning /mnt/c/Users/Sharof/AndroidStudioProjects/SecureGSI/codeql-db-kotlin/trap/java/classes/androidx/compose/ui/autofill/AutofillManager.members...
[2026-08-24 02:51:19] [PROGRESS] resolve files> Scanning /mnt/c/Users/Sharof/AndroidStudioProjects/SecureGSI/codeql-db-kotlin/trap/java/classes/androidx/compose/ui/autofill/AutofillNode$Companion.members...
[2026-08-24 02:51:19] [PROGRESS] resolve files> Scanning /mnt/c/Users/Sharof/AndroidStudioProjects/SecureGSI/codeql-db-kotlin/trap/java/classes/androidx/compose/ui/autofill/AutofillNode.members...
[2026-08-24 02:51:19] [PROGRESS] resolve files> Scanning /mnt/c/Users/Sharof/AndroidStudioProjects/SecureGSI/codeql-db-kotlin/trap/java/classes/androidx/compose/ui/autofill/AutofillTree.members...
[2026-08-24 02:51:19] [PROGRESS] resolve files> Scanning /mnt/c/Users/Sharof/AndroidStudioProjects/SecureGSI/codeql-db-kotlin/trap/java/classes/androidx/compose/ui/autofill/AutofillType.members...
[2026-08-24 02:51:19] [PROGRESS] resolve files> Scanning /mnt/c/Users/Sharof/AndroidStudioProjects/SecureGSI/codeql-db-kotlin/trap/java/classes/androidx/compose/ui/draganddrop...
[2026-08-24 02:51:19] [PROGRESS] resolve files> Scanning /mnt/c/Users/Sharof/AndroidStudioProjects/SecureGSI/codeql-db-kotlin/trap/java/classes/androidx/compose/ui/draganddrop/DragAndDropEvent.members...
[2026-08-24 02:51:19] [PROGRESS] resolve files> Scanning /mnt/c/Users/Sharof/AndroidStudioProjects/SecureGSI/codeql-db-kotlin/trap/java/classes/androidx/compose/ui/draganddrop/DragAndDropManager.members...
[2026-08-24 02:51:19] [PROGRESS] resolve files> Scanning /mnt/c/Users/Sharof/AndroidStudioProjects/SecureGSI/codeql-db-kotlin/trap/java/classes/androidx/compose/ui/draganddrop/DragAndDropModifierNode.members...
[2026-08-24 02:51:19] [PROGRESS] resolve files> Scanning /mnt/c/Users/Sharof/AndroidStudioProjects/SecureGSI/codeql-db-kotlin/trap/java/classes/androidx/compose/ui/draganddrop/DragAndDropNode.members...
[2026-08-24 02:51:19] [PROGRESS] resolve files> Scanning /mnt/c/Users/Sharof/AndroidStudioProjects/SecureGSI/codeql-db-kotlin/trap/java/classes/androidx/compose/ui/draganddrop/DragAndDropSourceModifierNode.members...
[2026-08-24 02:51:19] [PROGRESS] resolve files> Scanning /mnt/c/Users/Sharof/AndroidStudioProjects/SecureGSI/codeql-db-kotlin/trap/java/classes/androidx/compose/ui/draganddrop/DragAndDropStartTransferScope.members...
[2026-08-24 02:51:19] [PROGRESS] resolve files> Scanning /mnt/c/Users/Sharof/AndroidStudioProjects/SecureGSI/codeql-db-kotlin/trap/java/classes/androidx/compose/ui/draganddrop/DragAndDropTarget.members...
[2026-08-24 02:51:19] [PROGRESS] resolve files> Scanning /mnt/c/Users/Sharof/AndroidStudioProjects/SecureGSI/codeql-db-kotlin/trap/java/classes/androidx/compose/ui/draganddrop/DragAndDropTargetModifierNode.members...
[2026-08-24 02:51:19] [PROGRESS] resolve files> Scanning /mnt/c/Users/Sharof/AndroidStudioProjects/SecureGSI/codeql-db-kotlin/trap/java/classes/androidx/compose/ui/draganddrop/DragAndDropTransferData.members...
[2026-08-24 02:51:19] [PROGRESS] resolve files> Scanning /mnt/c/Users/Sharof/AndroidStudioProjects/SecureGSI/codeql-db-kotlin/trap/java/classes/androidx/compose/ui/draw...
[2026-08-24 02:51:19] [PROGRESS] resolve files> Scanning /mnt/c/Users/Sharof/AndroidStudioProjects/SecureGSI/codeql-db-kotlin/trap/java/classes/androidx/compose/ui/draw/BuildDrawCacheParams.members...
[2026-08-24 02:51:19] [PROGRESS] resolve files> Scanning /mnt/c/Users/Sharof/AndroidStudioProjects/SecureGSI/codeql-db-kotlin/trap/java/classes/androidx/compose/ui/ExperimentalComposeUiApi.members...
[2026-08-24 02:51:19] [PROGRESS] resolve files> Scanning /mnt/c/Users/Sharof/AndroidStudioProjects/SecureGSI/codeql-db-kotlin/trap/java/classes/androidx/compose/ui/ExperimentalIndirectPointerApi.members...
[2026-08-24 02:51:19] [PROGRESS] resolve files> Scanning /mnt/c/Users/Sharof/AndroidStudioProjects/SecureGSI/codeql-db-kotlin/trap/java/classes/androidx/compose/ui/focus...
[2026-08-24 02:51:19] [PROGRESS] resolve files> Scanning /mnt/c/Users/Sharof/AndroidStudioProjects/SecureGSI/codeql-db-kotlin/trap/java/classes/androidx/compose/ui/focus/Focusability$Companion.members...
[2026-08-24 02:51:19] [PROGRESS] resolve files> Scanning /mnt/c/Users/Sharof/AndroidStudioProjects/SecureGSI/codeql-db-kotlin/trap/java/classes/androidx/compose/ui/focus/Focusability.members...
[2026-08-24 02:53:16] [PROGRESS] resolve files> Scanning /mnt/c/Users/Sharof/AndroidStudioProjects/SecureGSI/codeql-db-kotlin/trap/java/classes/androidx/compose/ui/focus/FocusDirection$Companion.members...
[2026-08-24 02:53:16] [PROGRESS] resolve files> Scanning /mnt/c/Users/Sharof/AndroidStudioProjects/SecureGSI/codeql-db-kotlin/trap/java/classes/androidx/compose/ui/focus/FocusDirection.members...
[2026-08-24 02:53:16] [PROGRESS] resolve files> Scanning /mnt/c/Users/Sharof/AndroidStudioProjects/SecureGSI/codeql-db-kotlin/trap/java/classes/androidx/compose/ui/focus/FocusEnterExitScope.members...
[2026-08-24 02:53:16] [PROGRESS] resolve files> Scanning /mnt/c/Users/Sharof/AndroidStudioProjects/SecureGSI/codeql-db-kotlin/trap/java/classes/androidx/compose/ui/focus/FocusEventModifierNode.members...
[2026-08-24 02:53:16] [PROGRESS] resolve files> Scanning /mnt/c/Users/Sharof/AndroidStudioProjects/SecureGSI/codeql-db-kotlin/trap/java/classes/androidx/compose/ui/focus/FocusListener.members...
[2026-08-24 02:53:16] [PROGRESS] resolve files> Scanning /mnt/c/Users/Sharof/AndroidStudioProjects/SecureGSI/codeql-db-kotlin/trap/java/classes/androidx/compose/ui/focus/FocusManager.members...
[2026-08-24 02:53:16] [PROGRESS] resolve files> Scanning /mnt/c/Users/Sharof/AndroidStudioProjects/SecureGSI/codeql-db-kotlin/trap/java/classes/androidx/compose/ui/focus/FocusOwner.members...
[2026-08-24 02:53:16] [PROGRESS] resolve files> Scanning /mnt/c/Users/Sharof/AndroidStudioProjects/SecureGSI/codeql-db-kotlin/trap/java/classes/androidx/compose/ui/focus/FocusProperties$Companion.members...
[2026-08-24 02:53:16] [PROGRESS] resolve files> Scanning /mnt/c/Users/Sharof/AndroidStudioProjects/SecureGSI/codeql-db-kotlin/trap/java/classes/androidx/compose/ui/focus/FocusProperties.members...
[2026-08-24 02:53:16] [PROGRESS] resolve files> Scanning /mnt/c/Users/Sharof/AndroidStudioProjects/SecureGSI/codeql-db-kotlin/trap/java/classes/androidx/compose/ui/focus/FocusPropertiesModifierNode.members...
[2026-08-24 02:53:16] [PROGRESS] resolve files> Scanning /mnt/c/Users/Sharof/AndroidStudioProjects/SecureGSI/codeql-db-kotlin/trap/java/classes/androidx/compose/ui/focus/FocusRequester$Companion$FocusRequesterFactory.members...
[2026-08-24 02:53:16] [PROGRESS] resolve files> Scanning /mnt/c/Users/Sharof/AndroidStudioProjects/SecureGSI/codeql-db-kotlin/trap/java/classes/androidx/compose/ui/focus/FocusRequester$Companion.members...
[2026-08-24 02:53:16] [PROGRESS] resolve files> Scanning /mnt/c/Users/Sharof/AndroidStudioProjects/SecureGSI/codeql-db-kotlin/trap/java/classes/androidx/compose/ui/focus/FocusRequester.members...
[2026-08-24 02:53:16] [PROGRESS] resolve files> Scanning /mnt/c/Users/Sharof/AndroidStudioProjects/SecureGSI/codeql-db-kotlin/trap/java/classes/androidx/compose/ui/focus/FocusRequesterModifierNode.members...
[2026-08-24 02:53:16] [PROGRESS] resolve files> Scanning /mnt/c/Users/Sharof/AndroidStudioProjects/SecureGSI/codeql-db-kotlin/trap/java/classes/androidx/compose/ui/focus/FocusState.members...
[2026-08-24 02:53:16] [PROGRESS] resolve files> Scanning /mnt/c/Users/Sharof/AndroidStudioProjects/SecureGSI/codeql-db-kotlin/trap/java/classes/androidx/compose/ui/focus/FocusStateImpl.members...
[2026-08-24 02:53:16] [PROGRESS] resolve files> Scanning /mnt/c/Users/Sharof/AndroidStudioProjects/SecureGSI/codeql-db-kotlin/trap/java/classes/androidx/compose/ui/focus/FocusTargetModifierNode.members...
[2026-08-24 02:53:16] [PROGRESS] resolve files> Scanning /mnt/c/Users/Sharof/AndroidStudioProjects/SecureGSI/codeql-db-kotlin/trap/java/classes/androidx/compose/ui/focus/FocusTargetNode$FocusTargetElement.members...
[2026-08-24 02:53:16] [PROGRESS] resolve files> Scanning /mnt/c/Users/Sharof/AndroidStudioProjects/SecureGSI/codeql-db-kotlin/trap/java/classes/androidx/compose/ui/focus/FocusTargetNode.members...
[2026-08-24 02:53:16] [PROGRESS] resolve files> Scanning /mnt/c/Users/Sharof/AndroidStudioProjects/SecureGSI/codeql-db-kotlin/trap/java/classes/androidx/compose/ui/geometry...
[2026-08-24 02:53:16] [PROGRESS] resolve files> Scanning /mnt/c/Users/Sharof/AndroidStudioProjects/SecureGSI/codeql-db-kotlin/trap/java/classes/androidx/compose/ui/geometry/CornerRadius$Companion.members...
[2026-08-24 02:53:16] [PROGRESS] resolve files> Scanning /mnt/c/Users/Sharof/AndroidStudioProjects/SecureGSI/codeql-db-kotlin/trap/java/classes/androidx/compose/ui/geometry/CornerRadius.members...
[2026-08-24 02:51:19] [PROGRESS] resolve files> Scanning /mnt/c/Users/Sharof/AndroidStudioProjects/SecureGSI/codeql-db-kotlin/trap/java/classes/androidx/compose/ui/geometry/MutableRect.members...
[2026-08-24 02:51:19] [PROGRESS] resolve files> Scanning /mnt/c/Users/Sharof/AndroidStudioProjects/SecureGSI/codeql-db-kotlin/trap/java/classes/androidx/compose/ui/geometry/Offset$Companion.members...
[2026-08-24 02:51:19] [PROGRESS] resolve files> Scanning /mnt/c/Users/Sharof/AndroidStudioProjects/SecureGSI/codeql-db-kotlin/trap/java/classes/androidx/compose/ui/geometry/Offset.members...
[2026-08-24 02:51:19] [PROGRESS] resolve files> Scanning /mnt/c/Users/Sharof/AndroidStudioProjects/SecureGSI/codeql-db-kotlin/trap/java/classes/androidx/compose/ui/geometry/Rect$Companion.members...
[2026-08-24 02:51:19] [PROGRESS] resolve files> Scanning /mnt/c/Users/Sharof/AndroidStudioProjects/SecureGSI/codeql-db-kotlin/trap/java/classes/androidx/compose/ui/geometry/Rect.members...
[2026-08-24 02:51:19] [PROGRESS] resolve files> Scanning /mnt/c/Users/Sharof/AndroidStudioProjects/SecureGSI/codeql-db-kotlin/trap/java/classes/androidx/compose/ui/geometry/RoundRect$Companion.members...
[2026-08-24 02:51:19] [PROGRESS] resolve files> Scanning /mnt/c/Users/Sharof/AndroidStudioProjects/SecureGSI/codeql-db-kotlin/trap/java/classes/androidx/compose/ui/geometry/RoundRect.members...
[2026-08-24 02:51:19] [PROGRESS] resolve files> Scanning /mnt/c/Users/Sharof/AndroidStudioProjects/SecureGSI/codeql-db-kotlin/trap/java/classes/androidx/compose/ui/geometry/Size$Companion.members...
[2026-08-24 02:51:19] [PROGRESS] resolve files> Scanning /mnt/c/Users/Sharof/AndroidStudioProjects/SecureGSI/codeql-db-kotlin/trap/java/classes/androidx/compose/ui/geometry/Size.members...
[2026-08-24 02:51:19] [PROGRESS] resolve files> Scanning /mnt/c/Users/Sharof/AndroidStudioProjects/SecureGSI/codeql-db-kotlin/trap/java/classes/androidx/compose/ui/graphics...
[2026-08-24 02:51:19] [PROGRESS] resolve files> Scanning /mnt/c/Users/Sharof/AndroidStudioProjects/SecureGSI/codeql-db-kotlin/trap/java/classes/androidx/compose/ui/graphics/BlendMode$Companion.members...
[2026-08-24 02:51:19] [PROGRESS] resolve files> Scanning /mnt/c/Users/Sharof/AndroidStudioProjects/SecureGSI/codeql-db-kotlin/trap/java/classes/androidx/compose/ui/graphics/BlendMode.members...
[2026-08-24 02:51:19] [PROGRESS] resolve files> Scanning /mnt/c/Users/Sharof/AndroidStudioProjects/SecureGSI/codeql-db-kotlin/trap/java/classes/androidx/compose/ui/graphics/Brush$Companion.members...
[2026-08-24 02:51:19] [PROGRESS] resolve files> Scanning /mnt/c/Users/Sharof/AndroidStudioProjects/SecureGSI/codeql-db-kotlin/trap/java/classes/androidx/compose/ui/graphics/Brush.members...
[2026-08-24 02:51:19] [PROGRESS] resolve files> Scanning /mnt/c/Users/Sharof/AndroidStudioProjects/SecureGSI/codeql-db-kotlin/trap/java/classes/androidx/compose/ui/graphics/Canvas.members...
[2026-08-24 02:51:19] [PROGRESS] resolve files> Scanning /mnt/c/Users/Sharof/AndroidStudioProjects/SecureGSI/codeql-db-kotlin/trap/java/classes/androidx/compose/ui/graphics/ClipOp$Companion.members...
[2026-08-24 02:51:19] [PROGRESS] resolve files> Scanning /mnt/c/Users/Sharof/AndroidStudioProjects/SecureGSI/codeql-db-kotlin/trap/java/classes/androidx/compose/ui/graphics/ClipOp.members...
[2026-08-24 02:51:19] [PROGRESS] resolve files> Scanning /mnt/c/Users/Sharof/AndroidStudioProjects/SecureGSI/codeql-db-kotlin/trap/java/classes/androidx/compose/ui/graphics/Color$Companion.members...
[2026-08-24 02:51:19] [PROGRESS] resolve files> Scanning /mnt/c/Users/Sharof/AndroidStudioProjects/SecureGSI/codeql-db-kotlin/trap/java/classes/androidx/compose/ui/graphics/Color(long).members...
[2026-08-24 02:51:19] [PROGRESS] resolve files> Scanning /mnt/c/Users/Sharof/AndroidStudioProjects/SecureGSI/codeql-db-kotlin/trap/java/classes/androidx/compose/ui/graphics/Color.members...
[2026-08-24 02:51:19] [PROGRESS] resolve files> Scanning /mnt/c/Users/Sharof/AndroidStudioProjects/SecureGSI/codeql-db-kotlin/trap/java/classes/androidx/compose/ui/graphics/ColorFilter$Companion.members...
[2026-08-24 02:51:19] [PROGRESS] resolve files> Scanning /mnt/c/Users/Sharof/AndroidStudioProjects/SecureGSI/codeql-db-kotlin/trap/java/classes/androidx/compose/ui/graphics/ColorFilter.members...
[2026-08-24 02:51:19] [PROGRESS] resolve files> Scanning /mnt/c/Users/Sharof/AndroidStudioProjects/SecureGSI/codeql-db-kotlin/trap/java/classes/androidx/compose/ui/graphics/ColorMatrix.members...
[2026-08-24 02:51:19] [PROGRESS] resolve files> Scanning /mnt/c/Users/Sharof/AndroidStudioProjects/SecureGSI/codeql-db-kotlin/trap/java/classes/androidx/compose/ui/graphics/colorspace...
[2026-08-24 02:51:19] [PROGRESS] resolve files> Scanning /mnt/c/Users/Sharof/AndroidStudioProjects/SecureGSI/codeql-db-kotlin/trap/java/classes/androidx/compose/ui/graphics/colorspace/ColorModel$Companion.members...
[2026-08-24 02:51:19] [PROGRESS] resolve files> Scanning /mnt/c/Users/Sharof/AndroidStudioProjects/SecureGSI/codeql-db-kotlin/trap/java/classes/androidx/compose/ui/graphics/colorspace/ColorModel.members...
[2026-08-24 02:51:19] [PROGRESS] resolve files> Scanning /mnt/c/Users/Sharof/AndroidStudioProjects/SecureGSI/codeql-db-kotlin/trap/java/classes/androidx/compose/ui/graphics/colorspace/ColorSpace$Companion.members...
[2026-08-24 02:51:19] [PROGRESS] resolve files> Scanning /mnt/c/Users/Sharof/AndroidStudioProjects/SecureGSI/codeql-db-kotlin/trap/java/classes/androidx/compose/ui/graphics/colorspace/ColorSpace.members...
[2026-08-24 02:51:19] [PROGRESS] resolve files> Scanning /mnt/c/Users/Sharof/AndroidStudioProjects/SecureGSI/codeql-db-kotlin/trap/java/classes/androidx/compose/ui/graphics/colorspace/DoubleFunction.members...
[2026-08-24 02:51:19] [PROGRESS] resolve files> Scanning /mnt/c/Users/Sharof/AndroidStudioProjects/SecureGSI/codeql-db-kotlin/trap/java/classes/androidx/compose/ui/graphics/colorspace/Rgb$Companion.members...
[2026-08-24 02:51:19] [PROGRESS] resolve files> Scanning /mnt/c/Users/Sharof/AndroidStudioProjects/SecureGSI/codeql-db-kotlin/trap/java/classes/androidx/compose/ui/graphics/colorspace/Rgb.members...
[2026-08-24 02:51:19] [PROGRESS] resolve files> Scanning /mnt/c/Users/Sharof/AndroidStudioProjects/SecureGSI/codeql-db-kotlin/trap/java/classes/androidx/compose/ui/graphics/colorspace/TransferParameters.members...
[2026-08-24 02:51:19] [PROGRESS] resolve files> Scanning /mnt/c/Users/Sharof/AndroidStudioProjects/SecureGSI/codeql-db-kotlin/trap/java/classes/androidx/compose/ui/graphics/colorspace/WhitePoint.members...
[2026-08-24 02:51:19] [PROGRESS] resolve files> Scanning /mnt/c/Users/Sharof/AndroidStudioProjects/SecureGSI/codeql-db-kotlin/trap/java/classes/androidx/compose/ui/graphics/CompositingStrategy$Companion.members...
[2026-08-24 02:51:19] [PROGRESS] resolve files> Scanning /mnt/c/Users/Sharof/AndroidStudioProjects/SecureGSI/codeql-db-kotlin/trap/java/classes/androidx/compose/ui/graphics/CompositingStrategy.members...
[2026-08-24 02:51:19] [PROGRESS] resolve files> Scanning /mnt/c/Users/Sharof/AndroidStudioProjects/SecureGSI/codeql-db-kotlin/trap/java/classes/androidx/compose/ui/graphics/drawscope...
[2026-08-24 02:51:19] [PROGRESS] resolve files> Scanning /mnt/c/Users/Sharof/AndroidStudioProjects/SecureGSI/codeql-db-kotlin/trap/java/classes/androidx/compose/ui/graphics/drawscope/CanvasDrawScope$DrawParams.members...
[2026-08-24 02:51:19] [PROGRESS] resolve files> Scanning /mnt/c/Users/Sharof/AndroidStudioProjects/SecureGSI/codeql-db-kotlin/trap/java/classes/androidx/compose/ui/graphics/drawscope/CanvasDrawScope.members...
[2026-08-24 02:51:20] [PROGRESS] resolve files> Scanning /mnt/c/Users/Sharof/AndroidStudioProjects/SecureGSI/codeql-db-kotlin/trap/java/classes/androidx/compose/ui/graphics/drawscope/ContentDrawScope.members...
[2026-08-24 02:51:20] [PROGRESS] resolve files> Scanning /mnt/c/Users/Sharof/AndroidStudioProjects/SecureGSI/codeql-db-kotlin/trap/java/classes/androidx/compose/ui/graphics/drawscope/DrawContext.members...
[2026-08-24 02:51:20] [PROGRESS] resolve files> Scanning /mnt/c/Users/Sharof/AndroidStudioProjects/SecureGSI/codeql-db-kotlin/trap/java/classes/androidx/compose/ui/graphics/drawscope/DrawScope$Companion.members...
[2026-08-24 02:51:20] [PROGRESS] resolve files> Scanning /mnt/c/Users/Sharof/AndroidStudioProjects/SecureGSI/codeql-db-kotlin/trap/java/classes/androidx/compose/ui/graphics/drawscope/DrawScope.members...
[2026-08-24 02:51:20] [PROGRESS] resolve files> Scanning /mnt/c/Users/Sharof/AndroidStudioProjects/SecureGSI/codeql-db-kotlin/trap/java/classes/androidx/compose/ui/graphics/drawscope/DrawScopeMarker.members...
[2026-08-24 02:51:20] [PROGRESS] resolve files> Scanning /mnt/c/Users/Sharof/AndroidStudioProjects/SecureGSI/codeql-db-kotlin/trap/java/classes/androidx/compose/ui/graphics/drawscope/DrawStyle.members...
[2026-08-24 02:51:20] [PROGRESS] resolve files> Scanning /mnt/c/Users/Sharof/AndroidStudioProjects/SecureGSI/codeql-db-kotlin/trap/java/classes/androidx/compose/ui/graphics/drawscope/DrawTransform.members...
[2026-08-24 02:51:20] [PROGRESS] resolve files> Scanning /mnt/c/Users/Sharof/AndroidStudioProjects/SecureGSI/codeql-db-kotlin/trap/java/classes/androidx/compose/ui/graphics/FilterQuality$Companion.members...
[2026-08-24 02:51:20] [PROGRESS] resolve files> Scanning /mnt/c/Users/Sharof/AndroidStudioProjects/SecureGSI/codeql-db-kotlin/trap/java/classes/androidx/compose/ui/graphics/FilterQuality.members...
[2026-08-24 02:51:20] [PROGRESS] resolve files> Scanning /mnt/c/Users/Sharof/AndroidStudioProjects/SecureGSI/codeql-db-kotlin/trap/java/classes/androidx/compose/ui/graphics/GraphicsContext.members...
[2026-08-24 02:51:20] [PROGRESS] resolve files> Scanning /mnt/c/Users/Sharof/AndroidStudioProjects/SecureGSI/codeql-db-kotlin/trap/java/classes/androidx/compose/ui/graphics/GraphicsLayerScope.members...
[2026-08-24 02:51:20] [PROGRESS] resolve files> Scanning /mnt/c/Users/Sharof/AndroidStudioProjects/SecureGSI/codeql-db-kotlin/trap/java/classes/androidx/compose/ui/graphics/ImageBitmap$Companion.members...
[2026-08-24 02:51:20] [PROGRESS] resolve files> Scanning /mnt/c/Users/Sharof/AndroidStudioProjects/SecureGSI/codeql-db-kotlin/trap/java/classes/androidx/compose/ui/graphics/ImageBitmap.members...
[2026-08-24 02:51:20] [PROGRESS] resolve files> Scanning /mnt/c/Users/Sharof/AndroidStudioProjects/SecureGSI/codeql-db-kotlin/trap/java/classes/androidx/compose/ui/graphics/ImageBitmapConfig$Companion.members...
[2026-08-24 02:51:20] [PROGRESS] resolve files> Scanning /mnt/c/Users/Sharof/AndroidStudioProjects/SecureGSI/codeql-db-kotlin/trap/java/classes/androidx/compose/ui/graphics/ImageBitmapConfig.members...
[2026-08-24 02:51:20] [PROGRESS] resolve files> Scanning /mnt/c/Users/Sharof/AndroidStudioProjects/SecureGSI/codeql-db-kotlin/trap/java/classes/androidx/compose/ui/graphics/Interpolatable$Companion.members...
[2026-08-24 02:51:20] [PROGRESS] resolve files> Scanning /mnt/c/Users/Sharof/AndroidStudioProjects/SecureGSI/codeql-db-kotlin/trap/java/classes/androidx/compose/ui/graphics/Interpolatable.members...
[2026-08-24 02:51:20] [PROGRESS] resolve files> Scanning /mnt/c/Users/Sharof/AndroidStudioProjects/SecureGSI/codeql-db-kotlin/trap/java/classes/androidx/compose/ui/graphics/layer...
[2026-08-24 02:51:20] [PROGRESS] resolve files> Scanning /mnt/c/Users/Sharof/AndroidStudioProjects/SecureGSI/codeql-db-kotlin/trap/java/classes/androidx/compose/ui/graphics/layer/CompositingStrategy$Companion.members...
[2026-08-24 02:51:20] [PROGRESS] resolve files> Scanning /mnt/c/Users/Sharof/AndroidStudioProjects/SecureGSI/codeql-db-kotlin/trap/java/classes/androidx/compose/ui/graphics/layer/CompositingStrategy.members...
[2026-08-24 02:51:20] [PROGRESS] resolve files> Scanning /mnt/c/Users/Sharof/AndroidStudioProjects/SecureGSI/codeql-db-kotlin/trap/java/classes/androidx/compose/ui/graphics/layer/GraphicsLayer$Companion.members...
[2026-08-24 02:51:20] [PROGRESS] resolve files> Scanning /mnt/c/Users/Sharof/AndroidStudioProjects/SecureGSI/codeql-db-kotlin/trap/java/classes/androidx/compose/ui/graphics/layer/GraphicsLayer.members...
[2026-08-24 02:51:20] [PROGRESS] resolve files> Scanning /mnt/c/Users/Sharof/AndroidStudioProjects/SecureGSI/codeql-db-kotlin/trap/java/classes/androidx/compose/ui/graphics/layer/GraphicsLayerImpl$Companion.members...
[2026-08-24 02:51:20] [PROGRESS] resolve files> Scanning /mnt/c/Users/Sharof/AndroidStudioProjects/SecureGSI/codeql-db-kotlin/trap/java/classes/androidx/compose/ui/graphics/layer/GraphicsLayerImpl.members...
[2026-08-24 02:51:20] [PROGRESS] resolve files> Scanning /mnt/c/Users/Sharof/AndroidStudioProjects/SecureGSI/codeql-db-kotlin/trap/java/classes/androidx/compose/ui/graphics/Matrix$Companion.members...
[2026-08-24 02:51:20] [PROGRESS] resolve files> Scanning /mnt/c/Users/Sharof/AndroidStudioProjects/SecureGSI/codeql-db-kotlin/trap/java/classes/androidx/compose/ui/graphics/Matrix.members...
[2026-08-24 02:51:20] [PROGRESS] resolve files> Scanning /mnt/c/Users/Sharof/AndroidStudioProjects/SecureGSI/codeql-db-kotlin/trap/java/classes/androidx/compose/ui/graphics/Outline$Generic.members...
[2026-08-24 02:51:20] [PROGRESS] resolve files> Scanning /mnt/c/Users/Sharof/AndroidStudioProjects/SecureGSI/codeql-db-kotlin/trap/java/classes/androidx/compose/ui/graphics/Outline$Rectangle.members...
[2026-08-24 02:51:20] [PROGRESS] resolve files> Scanning /mnt/c/Users/Sharof/AndroidStudioProjects/SecureGSI/codeql-db-kotlin/trap/java/classes/androidx/compose/ui/graphics/Outline$Rounded.members...
[2026-08-24 02:51:20] [PROGRESS] resolve files> Scanning /mnt/c/Users/Sharof/AndroidStudioProjects/SecureGSI/codeql-db-kotlin/trap/java/classes/androidx/compose/ui/graphics/Outline.members...
[2026-08-24 02:51:20] [PROGRESS] resolve files> Scanning /mnt/c/Users/Sharof/AndroidStudioProjects/SecureGSI/codeql-db-kotlin/trap/java/classes/androidx/compose/ui/graphics/Paint.members...
[2026-08-24 02:51:20] [PROGRESS] resolve files> Scanning /mnt/c/Users/Sharof/AndroidStudioProjects/SecureGSI/codeql-db-kotlin/trap/java/classes/androidx/compose/ui/graphics/painter...
[2026-08-24 02:51:20] [PROGRESS] resolve files> Scanning /mnt/c/Users/Sharof/AndroidStudioProjects/SecureGSI/codeql-db-kotlin/trap/java/classes/androidx/compose/ui/graphics/painter/Painter.members...
[2026-08-24 02:51:20] [PROGRESS] resolve files> Scanning /mnt/c/Users/Sharof/AndroidStudioProjects/SecureGSI/codeql-db-kotlin/trap/java/classes/androidx/compose/ui/graphics/PaintingStyle$Companion.members...
[2026-08-24 02:51:20] [PROGRESS] resolve files> Scanning /mnt/c/Users/Sharof/AndroidStudioProjects/SecureGSI/codeql-db-kotlin/trap/java/classes/androidx/compose/ui/graphics/PaintingStyle.members...
[2026-08-24 02:51:20] [PROGRESS] resolve files> Scanning /mnt/c/Users/Sharof/AndroidStudioProjects/SecureGSI/codeql-db-kotlin/trap/java/classes/androidx/compose/ui/graphics/Path$Companion.members...
[2026-08-24 02:51:20] [PROGRESS] resolve files> Scanning /mnt/c/Users/Sharof/AndroidStudioProjects/SecureGSI/codeql-db-kotlin/trap/java/classes/androidx/compose/ui/graphics/Path$Direction.members...
[2026-08-24 02:51:20] [PROGRESS] resolve files> Scanning /mnt/c/Users/Sharof/AndroidStudioProjects/SecureGSI/codeql-db-kotlin/trap/java/classes/androidx/compose/ui/graphics/Path.members...
[2026-08-24 02:51:20] [PROGRESS] resolve files> Scanning /mnt/c/Users/Sharof/AndroidStudioProjects/SecureGSI/codeql-db-kotlin/trap/java/classes/androidx/compose/ui/graphics/PathEffect$Companion.members...
[2026-08-24 02:51:20] [PROGRESS] resolve files> Scanning /mnt/c/Users/Sharof/AndroidStudioProjects/SecureGSI/codeql-db-kotlin/trap/java/classes/androidx/compose/ui/graphics/PathEffect.members...
[2026-08-24 02:51:20] [PROGRESS] resolve files> Scanning /mnt/c/Users/Sharof/AndroidStudioProjects/SecureGSI/codeql-db-kotlin/trap/java/classes/androidx/compose/ui/graphics/PathFillType$Companion.members...
[2026-08-24 02:51:20] [PROGRESS] resolve files> Scanning /mnt/c/Users/Sharof/AndroidStudioProjects/SecureGSI/codeql-db-kotlin/trap/java/classes/androidx/compose/ui/graphics/PathFillType.members...
[2026-08-24 02:51:20] [PROGRESS] resolve files> Scanning /mnt/c/Users/Sharof/AndroidStudioProjects/SecureGSI/codeql-db-kotlin/trap/java/classes/androidx/compose/ui/graphics/PathIterator$ConicEvaluation.members...
[2026-08-24 02:51:20] [PROGRESS] resolve files> Scanning /mnt/c/Users/Sharof/AndroidStudioProjects/SecureGSI/codeql-db-kotlin/trap/java/classes/androidx/compose/ui/graphics/PathIterator.members...
[2026-08-24 02:51:20] [PROGRESS] resolve files> Scanning /mnt/c/Users/Sharof/AndroidStudioProjects/SecureGSI/codeql-db-kotlin/trap/java/classes/androidx/compose/ui/graphics/PathOperation$Companion.members...
[2026-08-24 02:51:20] [PROGRESS] resolve files> Scanning /mnt/c/Users/Sharof/AndroidStudioProjects/SecureGSI/codeql-db-kotlin/trap/java/classes/androidx/compose/ui/graphics/PathOperation.members...
[2026-08-24 02:51:20] [PROGRESS] resolve files> Scanning /mnt/c/Users/Sharof/AndroidStudioProjects/SecureGSI/codeql-db-kotlin/trap/java/classes/androidx/compose/ui/graphics/PathSegment$Type.members...
[2026-08-24 02:51:20] [PROGRESS] resolve files> Scanning /mnt/c/Users/Sharof/AndroidStudioProjects/SecureGSI/codeql-db-kotlin/trap/java/classes/androidx/compose/ui/graphics/PathSegment.members...
[2026-08-24 02:51:20] [PROGRESS] resolve files> Scanning /mnt/c/Users/Sharof/AndroidStudioProjects/SecureGSI/codeql-db-kotlin/trap/java/classes/androidx/compose/ui/graphics/PointMode$Companion.members...
[2026-08-24 02:51:20] [PROGRESS] resolve files> Scanning /mnt/c/Users/Sharof/AndroidStudioProjects/SecureGSI/codeql-db-kotlin/trap/java/classes/androidx/compose/ui/graphics/PointMode.members...
[2026-08-24 02:51:20] [PROGRESS] resolve files> Scanning /mnt/c/Users/Sharof/AndroidStudioProjects/SecureGSI/codeql-db-kotlin/trap/java/classes/androidx/compose/ui/graphics/RenderEffect.members...
[2026-08-24 02:51:20] [PROGRESS] resolve files> Scanning /mnt/c/Users/Sharof/AndroidStudioProjects/SecureGSI/codeql-db-kotlin/trap/java/classes/androidx/compose/ui/graphics/ReusableGraphicsLayerScope.members...
[2026-08-24 02:51:20] [PROGRESS] resolve files> Scanning /mnt/c/Users/Sharof/AndroidStudioProjects/SecureGSI/codeql-db-kotlin/trap/java/classes/androidx/compose/ui/graphics/shadow...
[2026-08-24 02:51:20] [PROGRESS] resolve files> Scanning /mnt/c/Users/Sharof/AndroidStudioProjects/SecureGSI/codeql-db-kotlin/trap/java/classes/androidx/compose/ui/graphics/shadow/DropShadowPainter.members...
[2026-08-24 02:51:20] [PROGRESS] resolve files> Scanning /mnt/c/Users/Sharof/AndroidStudioProjects/SecureGSI/codeql-db-kotlin/trap/java/classes/androidx/compose/ui/graphics/shadow/DropShadowRenderer.members...
[2026-08-24 02:51:20] [PROGRESS] resolve files> Scanning /mnt/c/Users/Sharof/AndroidStudioProjects/SecureGSI/codeql-db-kotlin/trap/java/classes/androidx/compose/ui/graphics/shadow/DropShadowRendererProvider$Companion.members...
[2026-08-24 02:51:20] [PROGRESS] resolve files> Scanning /mnt/c/Users/Sharof/AndroidStudioProjects/SecureGSI/codeql-db-kotlin/trap/java/classes/androidx/compose/ui/graphics/shadow/DropShadowRendererProvider.members...
[2026-08-24 02:51:20] [PROGRESS] resolve files> Scanning /mnt/c/Users/Sharof/AndroidStudioProjects/SecureGSI/codeql-db-kotlin/trap/java/classes/androidx/compose/ui/graphics/shadow/InnerShadowPainter.members...
[2026-08-24 02:51:20] [PROGRESS] resolve files> Scanning /mnt/c/Users/Sharof/AndroidStudioProjects/SecureGSI/codeql-db-kotlin/trap/java/classes/androidx/compose/ui/graphics/shadow/InnerShadowRenderer.members...
[2026-08-24 02:51:20] [PROGRESS] resolve files> Scanning /mnt/c/Users/Sharof/AndroidStudioProjects/SecureGSI/codeql-db-kotlin/trap/java/classes/androidx/compose/ui/graphics/shadow/InnerShadowRendererProvider$Companion.members...
[2026-08-24 02:51:20] [PROGRESS] resolve files> Scanning /mnt/c/Users/Sharof/AndroidStudioProjects/SecureGSI/codeql-db-kotlin/trap/java/classes/androidx/compose/ui/graphics/shadow/InnerShadowRendererProvider.members...
[2026-08-24 02:51:20] [PROGRESS] resolve files> Scanning /mnt/c/Users/Sharof/AndroidStudioProjects/SecureGSI/codeql-db-kotlin/trap/java/classes/androidx/compose/ui/graphics/shadow/Shadow.members...
[2026-08-24 02:51:20] [PROGRESS] resolve files> Scanning /mnt/c/Users/Sharof/AndroidStudioProjects/SecureGSI/codeql-db-kotlin/trap/java/classes/androidx/compose/ui/graphics/shadow/ShadowContext.members...
[2026-08-24 02:51:20] [PROGRESS] resolve files> Scanning /mnt/c/Users/Sharof/AndroidStudioProjects/SecureGSI/codeql-db-kotlin/trap/java/classes/androidx/compose/ui/graphics/shadow/ShadowRenderer.members...
[2026-08-24 02:51:20] [PROGRESS] resolve files> Scanning /mnt/c/Users/Sharof/AndroidStudioProjects/SecureGSI/codeql-db-kotlin/trap/java/classes/androidx/compose/ui/graphics/Shadow$Companion.members...
[2026-08-24 02:51:20] [PROGRESS] resolve files> Scanning /mnt/c/Users/Sharof/AndroidStudioProjects/SecureGSI/codeql-db-kotlin/trap/java/classes/androidx/compose/ui/graphics/Shadow.members...
[2026-08-24 02:51:20] [PROGRESS] resolve files> Scanning /mnt/c/Users/Sharof/AndroidStudioProjects/SecureGSI/codeql-db-kotlin/trap/java/classes/androidx/compose/ui/graphics/Shape.members...
[2026-08-24 02:51:20] [PROGRESS] resolve files> Scanning /mnt/c/Users/Sharof/AndroidStudioProjects/SecureGSI/codeql-db-kotlin/trap/java/classes/androidx/compose/ui/graphics/StampedPathEffectStyle$Companion.members...
[2026-08-24 02:51:20] [PROGRESS] resolve files> Scanning /mnt/c/Users/Sharof/AndroidStudioProjects/SecureGSI/codeql-db-kotlin/trap/java/classes/androidx/compose/ui/graphics/StampedPathEffectStyle.members...
[2026-08-24 02:51:20] [PROGRESS] resolve files> Scanning /mnt/c/Users/Sharof/AndroidStudioProjects/SecureGSI/codeql-db-kotlin/trap/java/classes/androidx/compose/ui/graphics/StrokeCap$Companion.members...
[2026-08-24 02:51:20] [PROGRESS] resolve files> Scanning /mnt/c/Users/Sharof/AndroidStudioProjects/SecureGSI/codeql-db-kotlin/trap/java/classes/androidx/compose/ui/graphics/StrokeCap.members...
[2026-08-24 02:51:20] [PROGRESS] resolve files> Scanning /mnt/c/Users/Sharof/AndroidStudioProjects/SecureGSI/codeql-db-kotlin/trap/java/classes/androidx/compose/ui/graphics/StrokeJoin$Companion.members...
[2026-08-24 02:51:20] [PROGRESS] resolve files> Scanning /mnt/c/Users/Sharof/AndroidStudioProjects/SecureGSI/codeql-db-kotlin/trap/java/classes/androidx/compose/ui/graphics/StrokeJoin.members...
[2026-08-24 02:51:20] [PROGRESS] resolve files> Scanning /mnt/c/Users/Sharof/AndroidStudioProjects/SecureGSI/codeql-db-kotlin/trap/java/classes/androidx/compose/ui/graphics/TileMode$Companion.members...
[2026-08-24 02:51:20] [PROGRESS] resolve files> Scanning /mnt/c/Users/Sharof/AndroidStudioProjects/SecureGSI/codeql-db-kotlin/trap/java/classes/androidx/compose/ui/graphics/TileMode.members...
[2026-08-24 02:51:20] [PROGRESS] resolve files> Scanning /mnt/c/Users/Sharof/AndroidStudioProjects/SecureGSI/codeql-db-kotlin/trap/java/classes/androidx/compose/ui/graphics/TransformOrigin$Companion.members...
[2026-08-24 02:51:20] [PROGRESS] resolve files> Scanning /mnt/c/Users/Sharof/AndroidStudioProjects/SecureGSI/codeql-db-kotlin/trap/java/classes/androidx/compose/ui/graphics/TransformOrigin.members...
[2026-08-24 02:51:20] [PROGRESS] resolve files> Scanning /mnt/c/Users/Sharof/AndroidStudioProjects/SecureGSI/codeql-db-kotlin/trap/java/classes/androidx/compose/ui/graphics/vector...
[2026-08-24 02:51:20] [PROGRESS] resolve files> Scanning /mnt/c/Users/Sharof/AndroidStudioProjects/SecureGSI/codeql-db-kotlin/trap/java/classes/androidx/compose/ui/graphics/vector/ImageVector$Builder.members...
[2026-08-24 02:51:20] [PROGRESS] resolve files> Scanning /mnt/c/Users/Sharof/AndroidStudioProjects/SecureGSI/codeql-db-kotlin/trap/java/classes/androidx/compose/ui/graphics/vector/ImageVector$Companion.members...
[2026-08-24 02:51:20] [PROGRESS] resolve files> Scanning /mnt/c/Users/Sharof/AndroidStudioProjects/SecureGSI/codeql-db-kotlin/trap/java/classes/androidx/compose/ui/graphics/vector/ImageVector.members...
[2026-08-24 02:51:20] [PROGRESS] resolve files> Scanning /mnt/c/Users/Sharof/AndroidStudioProjects/SecureGSI/codeql-db-kotlin/trap/java/classes/androidx/compose/ui/graphics/vector/PathNode$ArcTo.members...
[2026-08-24 02:51:20] [PROGRESS] resolve files> Scanning /mnt/c/Users/Sharof/AndroidStudioProjects/SecureGSI/codeql-db-kotlin/trap/java/classes/androidx/compose/ui/graphics/vector/PathNode$Close.members...
[2026-08-24 02:51:20] [PROGRESS] resolve files> Scanning /mnt/c/Users/Sharof/AndroidStudioProjects/SecureGSI/codeql-db-kotlin/trap/java/classes/androidx/compose/ui/graphics/vector/PathNode$CurveTo.members...
[2026-08-24 02:51:20] [PROGRESS] resolve files> Scanning /mnt/c/Users/Sharof/AndroidStudioProjects/SecureGSI/codeql-db-kotlin/trap/java/classes/androidx/compose/ui/graphics/vector/PathNode$HorizontalTo.members...
[2026-08-24 02:51:20] [PROGRESS] resolve files> Scanning /mnt/c/Users/Sharof/AndroidStudioProjects/SecureGSI/codeql-db-kotlin/trap/java/classes/androidx/compose/ui/graphics/vector/PathNode$LineTo.members...
[2026-08-24 02:51:20] [PROGRESS] resolve files> Scanning /mnt/c/Users/Sharof/AndroidStudioProjects/SecureGSI/codeql-db-kotlin/trap/java/classes/androidx/compose/ui/graphics/vector/PathNode$MoveTo.members...
[2026-08-24 02:51:20] [PROGRESS] resolve files> Scanning /mnt/c/Users/Sharof/AndroidStudioProjects/SecureGSI/codeql-db-kotlin/trap/java/classes/androidx/compose/ui/graphics/vector/PathNode$QuadTo.members...
[2026-08-24 02:51:20] [PROGRESS] resolve files> Scanning /mnt/c/Users/Sharof/AndroidStudioProjects/SecureGSI/codeql-db-kotlin/trap/java/classes/androidx/compose/ui/graphics/vector/PathNode$ReflectiveCurveTo.members...
[2026-08-24 02:51:20] [PROGRESS] resolve files> Scanning /mnt/c/Users/Sharof/AndroidStudioProjects/SecureGSI/codeql-db-kotlin/trap/java/classes/androidx/compose/ui/graphics/vector/PathNode$ReflectiveQuadTo.members...
[2026-08-24 02:51:20] [PROGRESS] resolve files> Scanning /mnt/c/Users/Sharof/AndroidStudioProjects/SecureGSI/codeql-db-kotlin/trap/java/classes/androidx/compose/ui/graphics/vector/PathNode$RelativeArcTo.members...
[2026-08-24 02:51:20] [PROGRESS] resolve files> Scanning /mnt/c/Users/Sharof/AndroidStudioProjects/SecureGSI/codeql-db-kotlin/trap/java/classes/androidx/compose/ui/graphics/vector/PathNode$RelativeCurveTo.members...
[2026-08-24 02:51:20] [PROGRESS] resolve files> Scanning /mnt/c/Users/Sharof/AndroidStudioProjects/SecureGSI/codeql-db-kotlin/trap/java/classes/androidx/compose/ui/graphics/vector/PathNode$RelativeHorizontalTo.members...
[2026-08-24 02:51:20] [PROGRESS] resolve files> Scanning /mnt/c/Users/Sharof/AndroidStudioProjects/SecureGSI/codeql-db-kotlin/trap/java/classes/androidx/compose/ui/graphics/vector/PathNode$RelativeLineTo.members...
[2026-08-24 02:51:20] [PROGRESS] resolve files> Scanning /mnt/c/Users/Sharof/AndroidStudioProjects/SecureGSI/codeql-db-kotlin/trap/java/classes/androidx/compose/ui/graphics/vector/PathNode$RelativeMoveTo.members...
[2026-08-24 02:51:20] [PROGRESS] resolve files> Scanning /mnt/c/Users/Sharof/AndroidStudioProjects/SecureGSI/codeql-db-kotlin/trap/java/classes/androidx/compose/ui/graphics/vector/PathNode$RelativeQuadTo.members...
[2026-08-24 02:51:20] [PROGRESS] resolve files> Scanning /mnt/c/Users/Sharof/AndroidStudioProjects/SecureGSI/codeql-db-kotlin/trap/java/classes/androidx/compose/ui/graphics/vector/PathNode$RelativeReflectiveCurveTo.members...
[2026-08-24 02:51:20] [PROGRESS] resolve files> Scanning /mnt/c/Users/Sharof/AndroidStudioProjects/SecureGSI/codeql-db-kotlin/trap/java/classes/androidx/compose/ui/graphics/vector/PathNode$RelativeReflectiveQuadTo.members...
[2026-08-24 02:51:20] [PROGRESS] resolve files> Scanning /mnt/c/Users/Sharof/AndroidStudioProjects/SecureGSI/codeql-db-kotlin/trap/java/classes/androidx/compose/ui/graphics/vector/PathNode$RelativeVerticalTo.members...
[2026-08-24 02:51:20] [PROGRESS] resolve files> Scanning /mnt/c/Users/Sharof/AndroidStudioProjects/SecureGSI/codeql-db-kotlin/trap/java/classes/androidx/compose/ui/graphics/vector/PathNode$VerticalTo.members...
[2026-08-24 02:51:20] [PROGRESS] resolve files> Scanning /mnt/c/Users/Sharof/AndroidStudioProjects/SecureGSI/codeql-db-kotlin/trap/java/classes/androidx/compose/ui/graphics/vector/PathNode.members...
[2026-08-24 02:51:20] [PROGRESS] resolve files> Scanning /mnt/c/Users/Sharof/AndroidStudioProjects/SecureGSI/codeql-db-kotlin/trap/java/classes/androidx/compose/ui/graphics/vector/VectorGroup.members...
[2026-08-24 02:51:20] [PROGRESS] resolve files> Scanning /mnt/c/Users/Sharof/AndroidStudioProjects/SecureGSI/codeql-db-kotlin/trap/java/classes/androidx/compose/ui/graphics/vector/VectorNode.members...
[2026-08-24 02:51:20] [PROGRESS] resolve files> Scanning /mnt/c/Users/Sharof/AndroidStudioProjects/SecureGSI/codeql-db-kotlin/trap/java/classes/androidx/compose/ui/graphics/VertexMode$Companion.members...
[2026-08-24 02:51:20] [PROGRESS] resolve files> Scanning /mnt/c/Users/Sharof/AndroidStudioProjects/SecureGSI/codeql-db-kotlin/trap/java/classes/androidx/compose/ui/graphics/VertexMode.members...
[2026-08-24 02:51:20] [PROGRESS] resolve files> Scanning /mnt/c/Users/Sharof/AndroidStudioProjects/SecureGSI/codeql-db-kotlin/trap/java/classes/androidx/compose/ui/graphics/Vertices.members...
[2026-08-24 02:51:20] [PROGRESS] resolve files> Scanning /mnt/c/Users/Sharof/AndroidStudioProjects/SecureGSI/codeql-db-kotlin/trap/java/classes/androidx/compose/ui/hapticfeedback...
[2026-08-24 02:51:20] [PROGRESS] resolve files> Scanning /mnt/c/Users/Sharof/AndroidStudioProjects/SecureGSI/codeql-db-kotlin/trap/java/classes/androidx/compose/ui/hapticfeedback/HapticFeedback.members...
[2026-08-24 02:51:20] [PROGRESS] resolve files> Scanning /mnt/c/Users/Sharof/AndroidStudioProjects/SecureGSI/codeql-db-kotlin/trap/java/classes/androidx/compose/ui/hapticfeedback/HapticFeedbackType$Companion.members...
[2026-08-24 02:51:20] [PROGRESS] resolve files> Scanning /mnt/c/Users/Sharof/AndroidStudioProjects/SecureGSI/codeql-db-kotlin/trap/java/classes/androidx/compose/ui/hapticfeedback/HapticFeedbackType.members...
[2026-08-24 02:51:20] [PROGRESS] resolve files> Scanning /mnt/c/Users/Sharof/AndroidStudioProjects/SecureGSI/codeql-db-kotlin/trap/java/classes/androidx/compose/ui/input...
[2026-08-24 02:51:20] [PROGRESS] resolve files> Scanning /mnt/c/Users/Sharof/AndroidStudioProjects/SecureGSI/codeql-db-kotlin/trap/java/classes/androidx/compose/ui/input/indirect...
[2026-08-24 02:51:20] [PROGRESS] resolve files> Scanning /mnt/c/Users/Sharof/AndroidStudioProjects/SecureGSI/codeql-db-kotlin/trap/java/classes/androidx/compose/ui/input/indirect/IndirectPointerEvent.members...
[2026-08-24 02:51:20] [PROGRESS] resolve files> Scanning /mnt/c/Users/Sharof/AndroidStudioProjects/SecureGSI/codeql-db-kotlin/trap/java/classes/androidx/compose/ui/input/indirect/IndirectPointerEventPrimaryDirectionalMotionAxis$Companion.members...
[2026-08-24 02:51:20] [PROGRESS] resolve files> Scanning /mnt/c/Users/Sharof/AndroidStudioProjects/SecureGSI/codeql-db-kotlin/trap/java/classes/androidx/compose/ui/input/indirect/IndirectPointerEventPrimaryDirectionalMotionAxis.members...
[2026-08-24 02:51:20] [PROGRESS] resolve files> Scanning /mnt/c/Users/Sharof/AndroidStudioProjects/SecureGSI/codeql-db-kotlin/trap/java/classes/androidx/compose/ui/input/indirect/IndirectPointerEventType$Companion.members...
[2026-08-24 02:51:20] [PROGRESS] resolve files> Scanning /mnt/c/Users/Sharof/AndroidStudioProjects/SecureGSI/codeql-db-kotlin/trap/java/classes/androidx/compose/ui/input/indirect/IndirectPointerEventType.members...
[2026-08-24 02:51:20] [PROGRESS] resolve files> Scanning /mnt/c/Users/Sharof/AndroidStudioProjects/SecureGSI/codeql-db-kotlin/trap/java/classes/androidx/compose/ui/input/indirect/IndirectPointerInputChange.members...
[2026-08-24 02:51:20] [PROGRESS] resolve files> Scanning /mnt/c/Users/Sharof/AndroidStudioProjects/SecureGSI/codeql-db-kotlin/trap/java/classes/androidx/compose/ui/input/InputMode$Companion.members...
[2026-08-24 02:51:20] [PROGRESS] resolve files> Scanning /mnt/c/Users/Sharof/AndroidStudioProjects/SecureGSI/codeql-db-kotlin/trap/java/classes/androidx/compose/ui/input/InputMode.members...
[2026-08-24 02:51:20] [PROGRESS] resolve files> Scanning /mnt/c/Users/Sharof/AndroidStudioProjects/SecureGSI/codeql-db-kotlin/trap/java/classes/androidx/compose/ui/input/InputModeManager.members...
[2026-08-24 02:51:20] [PROGRESS] resolve files> Scanning /mnt/c/Users/Sharof/AndroidStudioProjects/SecureGSI/codeql-db-kotlin/trap/java/classes/androidx/compose/ui/input/key...
[2026-08-24 02:51:20] [PROGRESS] resolve files> Scanning /mnt/c/Users/Sharof/AndroidStudioProjects/SecureGSI/codeql-db-kotlin/trap/java/classes/androidx/compose/ui/input/key/KeyEvent.members...
[2026-08-24 02:51:20] [PROGRESS] resolve files> Scanning /mnt/c/Users/Sharof/AndroidStudioProjects/SecureGSI/codeql-db-kotlin/trap/java/classes/androidx/compose/ui/input/nestedscroll...
[2026-08-24 02:51:20] [PROGRESS] resolve files> Scanning /mnt/c/Users/Sharof/AndroidStudioProjects/SecureGSI/codeql-db-kotlin/trap/java/classes/androidx/compose/ui/input/nestedscroll/NestedScrollConnection.members...
[2026-08-24 02:51:20] [PROGRESS] resolve files> Scanning /mnt/c/Users/Sharof/AndroidStudioProjects/SecureGSI/codeql-db-kotlin/trap/java/classes/androidx/compose/ui/input/nestedscroll/NestedScrollDispatcher.members...
[2026-08-24 02:51:20] [PROGRESS] resolve files> Scanning /mnt/c/Users/Sharof/AndroidStudioProjects/SecureGSI/codeql-db-kotlin/trap/java/classes/androidx/compose/ui/input/nestedscroll/NestedScrollNode.members...
[2026-08-24 02:51:20] [PROGRESS] resolve files> Scanning /mnt/c/Users/Sharof/AndroidStudioProjects/SecureGSI/codeql-db-kotlin/trap/java/classes/androidx/compose/ui/input/nestedscroll/NestedScrollSource$Companion.members...
[2026-08-24 02:51:20] [PROGRESS] resolve files> Scanning /mnt/c/Users/Sharof/AndroidStudioProjects/SecureGSI/codeql-db-kotlin/trap/java/classes/androidx/compose/ui/input/nestedscroll/NestedScrollSource.members...
[2026-08-24 02:51:20] [PROGRESS] resolve files> Scanning /mnt/c/Users/Sharof/AndroidStudioProjects/SecureGSI/codeql-db-kotlin/trap/java/classes/androidx/compose/ui/input/pointer...
[2026-08-24 02:51:20] [PROGRESS] resolve files> Scanning /mnt/c/Users/Sharof/AndroidStudioProjects/SecureGSI/codeql-db-kotlin/trap/java/classes/androidx/compose/ui/input/pointer/ConsumedData.members...
[2026-08-24 02:51:20] [PROGRESS] resolve files> Scanning /mnt/c/Users/Sharof/AndroidStudioProjects/SecureGSI/codeql-db-kotlin/trap/java/classes/androidx/compose/ui/input/pointer/HistoricalChange.members...
[2026-08-24 02:51:20] [PROGRESS] resolve files> Scanning /mnt/c/Users/Sharof/AndroidStudioProjects/SecureGSI/codeql-db-kotlin/trap/java/classes/androidx/compose/ui/input/pointer/InternalPointerEvent.members...
[2026-08-24 02:51:20] [PROGRESS] resolve files> Scanning /mnt/c/Users/Sharof/AndroidStudioProjects/SecureGSI/codeql-db-kotlin/trap/java/classes/androidx/compose/ui/input/pointer/PointerButtons.members...
[2026-08-24 02:51:20] [PROGRESS] resolve files> Scanning /mnt/c/Users/Sharof/AndroidStudioProjects/SecureGSI/codeql-db-kotlin/trap/java/classes/androidx/compose/ui/input/pointer/PointerEvent.members...
[2026-08-24 02:51:20] [PROGRESS] resolve files> Scanning /mnt/c/Users/Sharof/AndroidStudioProjects/SecureGSI/codeql-db-kotlin/trap/java/classes/androidx/compose/ui/input/pointer/PointerEventPass.members...
[2026-08-24 02:51:20] [PROGRESS] resolve files> Scanning /mnt/c/Users/Sharof/AndroidStudioProjects/SecureGSI/codeql-db-kotlin/trap/java/classes/androidx/compose/ui/input/pointer/PointerEventType$Companion.members...
[2026-08-24 02:51:20] [PROGRESS] resolve files> Scanning /mnt/c/Users/Sharof/AndroidStudioProjects/SecureGSI/codeql-db-kotlin/trap/java/classes/androidx/compose/ui/input/pointer/PointerEventType.members...
[2026-08-24 02:51:20] [PROGRESS] resolve files> Scanning /mnt/c/Users/Sharof/AndroidStudioProjects/SecureGSI/codeql-db-kotlin/trap/java/classes/androidx/compose/ui/input/pointer/PointerIcon$Companion.members...
[2026-08-24 02:51:20] [PROGRESS] resolve files> Scanning /mnt/c/Users/Sharof/AndroidStudioProjects/SecureGSI/codeql-db-kotlin/trap/java/classes/androidx/compose/ui/input/pointer/PointerIcon.members...
[2026-08-24 02:51:20] [PROGRESS] resolve files> Scanning /mnt/c/Users/Sharof/AndroidStudioProjects/SecureGSI/codeql-db-kotlin/trap/java/classes/androidx/compose/ui/input/pointer/PointerIconService.members...
[2026-08-24 02:51:20] [PROGRESS] resolve files> Scanning /mnt/c/Users/Sharof/AndroidStudioProjects/SecureGSI/codeql-db-kotlin/trap/java/classes/androidx/compose/ui/input/pointer/PointerId.members...
[2026-08-24 02:51:20] [PROGRESS] resolve files> Scanning /mnt/c/Users/Sharof/AndroidStudioProjects/SecureGSI/codeql-db-kotlin/trap/java/classes/androidx/compose/ui/input/pointer/PointerInputChange.members...
[2026-08-24 02:51:20] [PROGRESS] resolve files> Scanning /mnt/c/Users/Sharof/AndroidStudioProjects/SecureGSI/codeql-db-kotlin/trap/java/classes/androidx/compose/ui/input/pointer/PointerInputEvent.members...
[2026-08-24 02:51:20] [PROGRESS] resolve files> Scanning /mnt/c/Users/Sharof/AndroidStudioProjects/SecureGSI/codeql-db-kotlin/trap/java/classes/androidx/compose/ui/input/pointer/PointerInputEventData.members...
[2026-08-24 02:51:20] [PROGRESS] resolve files> Scanning /mnt/c/Users/Sharof/AndroidStudioProjects/SecureGSI/codeql-db-kotlin/trap/java/classes/androidx/compose/ui/input/pointer/PointerKeyboardModifiers.members...
[2026-08-24 02:51:20] [PROGRESS] resolve files> Scanning /mnt/c/Users/Sharof/AndroidStudioProjects/SecureGSI/codeql-db-kotlin/trap/java/classes/androidx/compose/ui/input/pointer/PointerType$Companion.members...
[2026-08-24 02:51:20] [PROGRESS] resolve files> Scanning /mnt/c/Users/Sharof/AndroidStudioProjects/SecureGSI/codeql-db-kotlin/trap/java/classes/androidx/compose/ui/input/pointer/PointerType.members...
[2026-08-24 02:51:20] [PROGRESS] resolve files> Scanning /mnt/c/Users/Sharof/AndroidStudioProjects/SecureGSI/codeql-db-kotlin/trap/java/classes/androidx/compose/ui/input/pointer/PositionCalculator.members...
[2026-08-24 02:51:20] [PROGRESS] resolve files> Scanning /mnt/c/Users/Sharof/AndroidStudioProjects/SecureGSI/codeql-db-kotlin/trap/java/classes/androidx/compose/ui/input/rotary...
[2026-08-24 02:51:20] [PROGRESS] resolve files> Scanning /mnt/c/Users/Sharof/AndroidStudioProjects/SecureGSI/codeql-db-kotlin/trap/java/classes/androidx/compose/ui/input/rotary/RotaryScrollEvent.members...
[2026-08-24 02:51:20] [PROGRESS] resolve files> Scanning /mnt/c/Users/Sharof/AndroidStudioProjects/SecureGSI/codeql-db-kotlin/trap/java/classes/androidx/compose/ui/InternalComposeUiApi.members...
[2026-08-24 02:51:20] [PROGRESS] resolve files> Scanning /mnt/c/Users/Sharof/AndroidStudioProjects/SecureGSI/codeql-db-kotlin/trap/java/classes/androidx/compose/ui/layout...
[2026-08-24 02:51:20] [PROGRESS] resolve files> Scanning /mnt/c/Users/Sharof/AndroidStudioProjects/SecureGSI/codeql-db-kotlin/trap/java/classes/androidx/compose/ui/layout/AlignmentLine$Companion.members...
[2026-08-24 02:51:20] [PROGRESS] resolve files> Scanning /mnt/c/Users/Sharof/AndroidStudioProjects/SecureGSI/codeql-db-kotlin/trap/java/classes/androidx/compose/ui/layout/AlignmentLine.members...
[2026-08-24 02:51:20] [PROGRESS] resolve files> Scanning /mnt/c/Users/Sharof/AndroidStudioProjects/SecureGSI/codeql-db-kotlin/trap/java/classes/androidx/compose/ui/layout/BeyondBoundsLayout$BeyondBoundsScope.members...
[2026-08-24 02:51:20] [PROGRESS] resolve files> Scanning /mnt/c/Users/Sharof/AndroidStudioProjects/SecureGSI/codeql-db-kotlin/trap/java/classes/androidx/compose/ui/layout/BeyondBoundsLayout$LayoutDirection$Companion.members...
[2026-08-24 02:51:20] [PROGRESS] resolve files> Scanning /mnt/c/Users/Sharof/AndroidStudioProjects/SecureGSI/codeql-db-kotlin/trap/java/classes/androidx/compose/ui/layout/BeyondBoundsLayout$LayoutDirection.members...
[2026-08-24 02:51:20] [PROGRESS] resolve files> Scanning /mnt/c/Users/Sharof/AndroidStudioProjects/SecureGSI/codeql-db-kotlin/trap/java/classes/androidx/compose/ui/layout/BeyondBoundsLayout.members...
[2026-08-24 02:51:20] [PROGRESS] resolve files> Scanning /mnt/c/Users/Sharof/AndroidStudioProjects/SecureGSI/codeql-db-kotlin/trap/java/classes/androidx/compose/ui/layout/HorizontalAlignmentLine.members...
[2026-08-24 02:51:20] [PROGRESS] resolve files> Scanning /mnt/c/Users/Sharof/AndroidStudioProjects/SecureGSI/codeql-db-kotlin/trap/java/classes/androidx/compose/ui/layout/IntrinsicMeasurable.members...
[2026-08-24 02:51:20] [PROGRESS] resolve files> Scanning /mnt/c/Users/Sharof/AndroidStudioProjects/SecureGSI/codeql-db-kotlin/trap/java/classes/androidx/compose/ui/layout/IntrinsicMeasureScope.members...
[2026-08-24 02:51:20] [PROGRESS] resolve files> Scanning /mnt/c/Users/Sharof/AndroidStudioProjects/SecureGSI/codeql-db-kotlin/trap/java/classes/androidx/compose/ui/layout/LayoutCoordinates.members...
[2026-08-24 02:51:20] [PROGRESS] resolve files> Scanning /mnt/c/Users/Sharof/AndroidStudioProjects/SecureGSI/codeql-db-kotlin/trap/java/classes/androidx/compose/ui/layout/LayoutInfo.members...
[2026-08-24 02:51:20] [PROGRESS] resolve files> Scanning /mnt/c/Users/Sharof/AndroidStudioProjects/SecureGSI/codeql-db-kotlin/trap/java/classes/androidx/compose/ui/layout/LayoutNodeSubcompositionsState.members...
[2026-08-24 02:51:20] [PROGRESS] resolve files> Scanning /mnt/c/Users/Sharof/AndroidStudioProjects/SecureGSI/codeql-db-kotlin/trap/java/classes/androidx/compose/ui/layout/LookaheadLayoutCoordinates.members...
[2026-08-24 02:51:20] [PROGRESS] resolve files> Scanning /mnt/c/Users/Sharof/AndroidStudioProjects/SecureGSI/codeql-db-kotlin/trap/java/classes/androidx/compose/ui/layout/Measurable.members...
[2026-08-24 02:51:20] [PROGRESS] resolve files> Scanning /mnt/c/Users/Sharof/AndroidStudioProjects/SecureGSI/codeql-db-kotlin/trap/java/classes/androidx/compose/ui/layout/Measured.members...
[2026-08-24 02:51:20] [PROGRESS] resolve files> Scanning /mnt/c/Users/Sharof/AndroidStudioProjects/SecureGSI/codeql-db-kotlin/trap/java/classes/androidx/compose/ui/layout/MeasurePolicy.members...
[2026-08-24 02:51:20] [PROGRESS] resolve files> Scanning /mnt/c/Users/Sharof/AndroidStudioProjects/SecureGSI/codeql-db-kotlin/trap/java/classes/androidx/compose/ui/layout/MeasureResult.members...
[2026-08-24 02:51:20] [PROGRESS] resolve files> Scanning /mnt/c/Users/Sharof/AndroidStudioProjects/SecureGSI/codeql-db-kotlin/trap/java/classes/androidx/compose/ui/layout/MeasureScope.members...
[2026-08-24 02:51:20] [PROGRESS] resolve files> Scanning /mnt/c/Users/Sharof/AndroidStudioProjects/SecureGSI/codeql-db-kotlin/trap/java/classes/androidx/compose/ui/layout/MeasureScopeMarker.members...
[2026-08-24 02:51:20] [PROGRESS] resolve files> Scanning /mnt/c/Users/Sharof/AndroidStudioProjects/SecureGSI/codeql-db-kotlin/trap/java/classes/androidx/compose/ui/layout/ModifierInfo.members...
[2026-08-24 02:51:20] [PROGRESS] resolve files> Scanning /mnt/c/Users/Sharof/AndroidStudioProjects/SecureGSI/codeql-db-kotlin/trap/java/classes/androidx/compose/ui/layout/Placeable$PlacementScope.members...
[2026-08-24 02:51:20] [PROGRESS] resolve files> Scanning /mnt/c/Users/Sharof/AndroidStudioProjects/SecureGSI/codeql-db-kotlin/trap/java/classes/androidx/compose/ui/layout/Placeable.members...
[2026-08-24 02:51:20] [PROGRESS] resolve files> Scanning /mnt/c/Users/Sharof/AndroidStudioProjects/SecureGSI/codeql-db-kotlin/trap/java/classes/androidx/compose/ui/layout/PlacementScopeMarker.members...
[2026-08-24 02:51:20] [PROGRESS] resolve files> Scanning /mnt/c/Users/Sharof/AndroidStudioProjects/SecureGSI/codeql-db-kotlin/trap/java/classes/androidx/compose/ui/layout/Remeasurement.members...
[2026-08-24 02:51:20] [PROGRESS] resolve files> Scanning /mnt/c/Users/Sharof/AndroidStudioProjects/SecureGSI/codeql-db-kotlin/trap/java/classes/androidx/compose/ui/layout/RemeasurementModifier.members...
[2026-08-24 02:51:20] [PROGRESS] resolve files> Scanning /mnt/c/Users/Sharof/AndroidStudioProjects/SecureGSI/codeql-db-kotlin/trap/java/classes/androidx/compose/ui/layout/Ruler.members...
[2026-08-24 02:51:20] [PROGRESS] resolve files> Scanning /mnt/c/Users/Sharof/AndroidStudioProjects/SecureGSI/codeql-db-kotlin/trap/java/classes/androidx/compose/ui/layout/RulerScope.members...
[2026-08-24 02:51:20] [PROGRESS] resolve files> Scanning /mnt/c/Users/Sharof/AndroidStudioProjects/SecureGSI/codeql-db-kotlin/trap/java/classes/androidx/compose/ui/layout/SubcomposeLayoutState$PausedPrecomposition.members...
[2026-08-24 02:51:20] [PROGRESS] resolve files> Scanning /mnt/c/Users/Sharof/AndroidStudioProjects/SecureGSI/codeql-db-kotlin/trap/java/classes/androidx/compose/ui/layout/SubcomposeLayoutState$PrecomposedSlotHandle.members...
[2026-08-24 02:51:20] [PROGRESS] resolve files> Scanning /mnt/c/Users/Sharof/AndroidStudioProjects/SecureGSI/codeql-db-kotlin/trap/java/classes/androidx/compose/ui/layout/SubcomposeLayoutState.members...
[2026-08-24 02:51:20] [PROGRESS] resolve files> Scanning /mnt/c/Users/Sharof/AndroidStudioProjects/SecureGSI/codeql-db-kotlin/trap/java/classes/androidx/compose/ui/layout/SubcomposeMeasureScope.members...
[2026-08-24 02:51:20] [PROGRESS] resolve files> Scanning /mnt/c/Users/Sharof/AndroidStudioProjects/SecureGSI/codeql-db-kotlin/trap/java/classes/androidx/compose/ui/layout/SubcomposeSlotReusePolicy$SlotIdsSet.members...
[2026-08-24 02:51:20] [PROGRESS] resolve files> Scanning /mnt/c/Users/Sharof/AndroidStudioProjects/SecureGSI/codeql-db-kotlin/trap/java/classes/androidx/compose/ui/layout/SubcomposeSlotReusePolicy.members...
[2026-08-24 02:51:20] [PROGRESS] resolve files> Scanning /mnt/c/Users/Sharof/AndroidStudioProjects/SecureGSI/codeql-db-kotlin/trap/java/classes/androidx/compose/ui/layout/VerticalAlignmentLine.members...
[2026-08-24 02:51:20] [PROGRESS] resolve files> Scanning /mnt/c/Users/Sharof/AndroidStudioProjects/SecureGSI/codeql-db-kotlin/trap/java/classes/androidx/compose/ui/layout/VerticalRuler$Companion.members...
[2026-08-24 02:51:20] [PROGRESS] resolve files> Scanning /mnt/c/Users/Sharof/AndroidStudioProjects/SecureGSI/codeql-db-kotlin/trap/java/classes/androidx/compose/ui/layout/VerticalRuler.members...
[2026-08-24 02:51:20] [PROGRESS] resolve files> Scanning /mnt/c/Users/Sharof/AndroidStudioProjects/SecureGSI/codeql-db-kotlin/trap/java/classes/androidx/compose/ui/modifier...
[2026-08-24 02:51:20] [PROGRESS] resolve files> Scanning /mnt/c/Users/Sharof/AndroidStudioProjects/SecureGSI/codeql-db-kotlin/trap/java/classes/androidx/compose/ui/modifier/ModifierLocal.members...
[2026-08-24 02:51:20] [PROGRESS] resolve files> Scanning /mnt/c/Users/Sharof/AndroidStudioProjects/SecureGSI/codeql-db-kotlin/trap/java/classes/androidx/compose/ui/modifier/ModifierLocalManager.members...
[2026-08-24 02:51:20] [PROGRESS] resolve files> Scanning /mnt/c/Users/Sharof/AndroidStudioProjects/SecureGSI/codeql-db-kotlin/trap/java/classes/androidx/compose/ui/modifier/ModifierLocalMap.members...
[2026-08-24 02:51:20] [PROGRESS] resolve files> Scanning /mnt/c/Users/Sharof/AndroidStudioProjects/SecureGSI/codeql-db-kotlin/trap/java/classes/androidx/compose/ui/modifier/ModifierLocalModifierNode.members...
[2026-08-24 02:51:20] [PROGRESS] resolve files> Scanning /mnt/c/Users/Sharof/AndroidStudioProjects/SecureGSI/codeql-db-kotlin/trap/java/classes/androidx/compose/ui/modifier/ModifierLocalReadScope.members...
[2026-08-24 02:51:20] [PROGRESS] resolve files> Scanning /mnt/c/Users/Sharof/AndroidStudioProjects/SecureGSI/codeql-db-kotlin/trap/java/classes/androidx/compose/ui/Modifier$Companion.members...
[2026-08-24 02:51:20] [PROGRESS] resolve files> Scanning /mnt/c/Users/Sharof/AndroidStudioProjects/SecureGSI/codeql-db-kotlin/trap/java/classes/androidx/compose/ui/Modifier$Element.members...
[2026-08-24 02:51:20] [PROGRESS] resolve files> Scanning /mnt/c/Users/Sharof/AndroidStudioProjects/SecureGSI/codeql-db-kotlin/trap/java/classes/androidx/compose/ui/Modifier$Node.members...
[2026-08-24 02:51:20] [PROGRESS] resolve files> Scanning /mnt/c/Users/Sharof/AndroidStudioProjects/SecureGSI/codeql-db-kotlin/trap/java/classes/androidx/compose/ui/Modifier.members...
[2026-08-24 02:51:20] [PROGRESS] resolve files> Scanning /mnt/c/Users/Sharof/AndroidStudioProjects/SecureGSI/codeql-db-kotlin/trap/java/classes/androidx/compose/ui/node...
[2026-08-24 02:51:20] [PROGRESS] resolve files> Scanning /mnt/c/Users/Sharof/AndroidStudioProjects/SecureGSI/codeql-db-kotlin/trap/java/classes/androidx/compose/ui/node/AlignmentLines.members...
[2026-08-24 02:51:20] [PROGRESS] resolve files> Scanning /mnt/c/Users/Sharof/AndroidStudioProjects/SecureGSI/codeql-db-kotlin/trap/java/classes/androidx/compose/ui/node/AlignmentLinesOwner.members...
[2026-08-24 02:51:21] [PROGRESS] resolve files> Scanning /mnt/c/Users/Sharof/AndroidStudioProjects/SecureGSI/codeql-db-kotlin/trap/java/classes/androidx/compose/ui/node/BackwardsCompatNode.members...
[2026-08-24 02:51:21] [PROGRESS] resolve files> Scanning /mnt/c/Users/Sharof/AndroidStudioProjects/SecureGSI/codeql-db-kotlin/trap/java/classes/androidx/compose/ui/node/ComposeUiNode$Companion.members...
[2026-08-24 02:51:21] [PROGRESS] resolve files> Scanning /mnt/c/Users/Sharof/AndroidStudioProjects/SecureGSI/codeql-db-kotlin/trap/java/classes/androidx/compose/ui/node/ComposeUiNode.members...
[2026-08-24 02:51:21] [PROGRESS] resolve files> Scanning /mnt/c/Users/Sharof/AndroidStudioProjects/SecureGSI/codeql-db-kotlin/trap/java/classes/androidx/compose/ui/node/CompositionLocalConsumerModifierNode.members...
[2026-08-24 02:51:21] [PROGRESS] resolve files> Scanning /mnt/c/Users/Sharof/AndroidStudioProjects/SecureGSI/codeql-db-kotlin/trap/java/classes/androidx/compose/ui/node/DelegatableNode$RegistrationHandle.members...
[2026-08-24 02:51:21] [PROGRESS] resolve files> Scanning /mnt/c/Users/Sharof/AndroidStudioProjects/SecureGSI/codeql-db-kotlin/trap/java/classes/androidx/compose/ui/node/DelegatableNode.members...
[2026-08-24 02:51:21] [PROGRESS] resolve files> Scanning /mnt/c/Users/Sharof/AndroidStudioProjects/SecureGSI/codeql-db-kotlin/trap/java/classes/androidx/compose/ui/node/DrawModifierNode.members...
[2026-08-24 02:51:21] [PROGRESS] resolve files> Scanning /mnt/c/Users/Sharof/AndroidStudioProjects/SecureGSI/codeql-db-kotlin/trap/java/classes/androidx/compose/ui/node/GlobalPositionAwareModifierNode.members...
[2026-08-24 02:51:21] [PROGRESS] resolve files> Scanning /mnt/c/Users/Sharof/AndroidStudioProjects/SecureGSI/codeql-db-kotlin/trap/java/classes/androidx/compose/ui/node/HitTestResult.members...
[2026-08-24 02:51:21] [PROGRESS] resolve files> Scanning /mnt/c/Users/Sharof/AndroidStudioProjects/SecureGSI/codeql-db-kotlin/trap/java/classes/androidx/compose/ui/node/InnerNodeCoordinator$Companion.members...
[2026-08-24 02:51:21] [PROGRESS] resolve files> Scanning /mnt/c/Users/Sharof/AndroidStudioProjects/SecureGSI/codeql-db-kotlin/trap/java/classes/androidx/compose/ui/node/InnerNodeCoordinator.members...
[2026-08-24 02:51:21] [PROGRESS] resolve files> Scanning /mnt/c/Users/Sharof/AndroidStudioProjects/SecureGSI/codeql-db-kotlin/trap/java/classes/androidx/compose/ui/node/InternalCoreApi.members...
[2026-08-24 02:51:21] [PROGRESS] resolve files> Scanning /mnt/c/Users/Sharof/AndroidStudioProjects/SecureGSI/codeql-db-kotlin/trap/java/classes/androidx/compose/ui/node/InteroperableComposeUiNode.members...
[2026-08-24 02:51:21] [PROGRESS] resolve files> Scanning /mnt/c/Users/Sharof/AndroidStudioProjects/SecureGSI/codeql-db-kotlin/trap/java/classes/androidx/compose/ui/node/LayoutAwareModifierNode.members...
[2026-08-24 02:51:21] [PROGRESS] resolve files> Scanning /mnt/c/Users/Sharof/AndroidStudioProjects/SecureGSI/codeql-db-kotlin/trap/java/classes/androidx/compose/ui/node/LayoutModifierNode.members...
[2026-08-24 02:51:21] [PROGRESS] resolve files> Scanning /mnt/c/Users/Sharof/AndroidStudioProjects/SecureGSI/codeql-db-kotlin/trap/java/classes/androidx/compose/ui/node/LayoutModifierNodeCoordinator$Companion.members...
[2026-08-24 02:51:21] [PROGRESS] resolve files> Scanning /mnt/c/Users/Sharof/AndroidStudioProjects/SecureGSI/codeql-db-kotlin/trap/java/classes/androidx/compose/ui/node/LayoutModifierNodeCoordinator.members...
[2026-08-24 02:51:21] [PROGRESS] resolve files> Scanning /mnt/c/Users/Sharof/AndroidStudioProjects/SecureGSI/codeql-db-kotlin/trap/java/classes/androidx/compose/ui/node/LayoutNode$Companion.members...
[2026-08-24 02:51:21] [PROGRESS] resolve files> Scanning /mnt/c/Users/Sharof/AndroidStudioProjects/SecureGSI/codeql-db-kotlin/trap/java/classes/androidx/compose/ui/node/LayoutNode$LayoutState.members...
[2026-08-24 02:51:21] [PROGRESS] resolve files> Scanning /mnt/c/Users/Sharof/AndroidStudioProjects/SecureGSI/codeql-db-kotlin/trap/java/classes/androidx/compose/ui/node/LayoutNode$NoIntrinsicsMeasurePolicy.members...
[2026-08-24 02:51:21] [PROGRESS] resolve files> Scanning /mnt/c/Users/Sharof/AndroidStudioProjects/SecureGSI/codeql-db-kotlin/trap/java/classes/androidx/compose/ui/node/LayoutNode$UsageByParent.members...
[2026-08-24 02:51:21] [PROGRESS] resolve files> Scanning /mnt/c/Users/Sharof/AndroidStudioProjects/SecureGSI/codeql-db-kotlin/trap/java/classes/androidx/compose/ui/node/LayoutNode.members...
[2026-08-24 02:51:21] [PROGRESS] resolve files> Scanning /mnt/c/Users/Sharof/AndroidStudioProjects/SecureGSI/codeql-db-kotlin/trap/java/classes/androidx/compose/ui/node/LayoutNodeDrawScope.members...
[2026-08-24 02:51:21] [PROGRESS] resolve files> Scanning /mnt/c/Users/Sharof/AndroidStudioProjects/SecureGSI/codeql-db-kotlin/trap/java/classes/androidx/compose/ui/node/LayoutNodeLayoutDelegate.members...
[2026-08-24 02:51:21] [PROGRESS] resolve files> Scanning /mnt/c/Users/Sharof/AndroidStudioProjects/SecureGSI/codeql-db-kotlin/trap/java/classes/androidx/compose/ui/node/LookaheadCapablePlaceable$Companion.members...
[2026-08-24 02:51:21] [PROGRESS] resolve files> Scanning /mnt/c/Users/Sharof/AndroidStudioProjects/SecureGSI/codeql-db-kotlin/trap/java/classes/androidx/compose/ui/node/LookaheadCapablePlaceable.members...
[2026-08-24 02:51:21] [PROGRESS] resolve files> Scanning /mnt/c/Users/Sharof/AndroidStudioProjects/SecureGSI/codeql-db-kotlin/trap/java/classes/androidx/compose/ui/node/LookaheadDelegate.members...
[2026-08-24 02:51:21] [PROGRESS] resolve files> Scanning /mnt/c/Users/Sharof/AndroidStudioProjects/SecureGSI/codeql-db-kotlin/trap/java/classes/androidx/compose/ui/node/LookaheadPassDelegate.members...
[2026-08-24 02:51:21] [PROGRESS] resolve files> Scanning /mnt/c/Users/Sharof/AndroidStudioProjects/SecureGSI/codeql-db-kotlin/trap/java/classes/androidx/compose/ui/node/MeasurePassDelegate.members...
[2026-08-24 02:51:21] [PROGRESS] resolve files> Scanning /mnt/c/Users/Sharof/AndroidStudioProjects/SecureGSI/codeql-db-kotlin/trap/java/classes/androidx/compose/ui/node/MeasureScopeWithLayoutNode.members...
[2026-08-24 02:51:21] [PROGRESS] resolve files> Scanning /mnt/c/Users/Sharof/AndroidStudioProjects/SecureGSI/codeql-db-kotlin/trap/java/classes/androidx/compose/ui/node/ModifierNodeElement.members...
[2026-08-24 02:51:21] [PROGRESS] resolve files> Scanning /mnt/c/Users/Sharof/AndroidStudioProjects/SecureGSI/codeql-db-kotlin/trap/java/classes/androidx/compose/ui/node/MotionReferencePlacementDelegate.members...
[2026-08-24 02:51:21] [PROGRESS] resolve files> Scanning /mnt/c/Users/Sharof/AndroidStudioProjects/SecureGSI/codeql-db-kotlin/trap/java/classes/androidx/compose/ui/node/NodeChain$Logger.members...
[2026-08-24 02:51:21] [PROGRESS] resolve files> Scanning /mnt/c/Users/Sharof/AndroidStudioProjects/SecureGSI/codeql-db-kotlin/trap/java/classes/androidx/compose/ui/node/NodeChain.members...
[2026-08-24 02:51:21] [PROGRESS] resolve files> Scanning /mnt/c/Users/Sharof/AndroidStudioProjects/SecureGSI/codeql-db-kotlin/trap/java/classes/androidx/compose/ui/node/NodeCoordinator$Companion.members...
[2026-08-24 02:51:21] [PROGRESS] resolve files> Scanning /mnt/c/Users/Sharof/AndroidStudioProjects/SecureGSI/codeql-db-kotlin/trap/java/classes/androidx/compose/ui/node/NodeCoordinator$HitTestSource.members...
[2026-08-24 02:51:21] [PROGRESS] resolve files> Scanning /mnt/c/Users/Sharof/AndroidStudioProjects/SecureGSI/codeql-db-kotlin/trap/java/classes/androidx/compose/ui/node/NodeCoordinator.members...
[2026-08-24 02:51:21] [PROGRESS] resolve files> Scanning /mnt/c/Users/Sharof/AndroidStudioProjects/SecureGSI/codeql-db-kotlin/trap/java/classes/androidx/compose/ui/node/NodeKind.members...
[2026-08-24 02:51:21] [PROGRESS] resolve files> Scanning /mnt/c/Users/Sharof/AndroidStudioProjects/SecureGSI/codeql-db-kotlin/trap/java/classes/androidx/compose/ui/node/ObserverModifierNode.members...
[2026-08-24 02:51:21] [PROGRESS] resolve files> Scanning /mnt/c/Users/Sharof/AndroidStudioProjects/SecureGSI/codeql-db-kotlin/trap/java/classes/androidx/compose/ui/node/ObserverNodeOwnerScope$Companion.members...
[2026-08-24 02:51:21] [PROGRESS] resolve files> Scanning /mnt/c/Users/Sharof/AndroidStudioProjects/SecureGSI/codeql-db-kotlin/trap/java/classes/androidx/compose/ui/node/ObserverNodeOwnerScope.members...
[2026-08-24 02:51:21] [PROGRESS] resolve files> Scanning /mnt/c/Users/Sharof/AndroidStudioProjects/SecureGSI/codeql-db-kotlin/trap/java/classes/androidx/compose/ui/node/OutOfFrameExecutor.members...
[2026-08-24 02:51:21] [PROGRESS] resolve files> Scanning /mnt/c/Users/Sharof/AndroidStudioProjects/SecureGSI/codeql-db-kotlin/trap/java/classes/androidx/compose/ui/node/OwnedLayer.members...
[2026-08-24 02:51:21] [PROGRESS] resolve files> Scanning /mnt/c/Users/Sharof/AndroidStudioProjects/SecureGSI/codeql-db-kotlin/trap/java/classes/androidx/compose/ui/node/Owner$Companion.members...
[2026-08-24 02:51:21] [PROGRESS] resolve files> Scanning /mnt/c/Users/Sharof/AndroidStudioProjects/SecureGSI/codeql-db-kotlin/trap/java/classes/androidx/compose/ui/node/Owner$OnLayoutCompletedListener.members...
[2026-08-24 02:51:21] [PROGRESS] resolve files> Scanning /mnt/c/Users/Sharof/AndroidStudioProjects/SecureGSI/codeql-db-kotlin/trap/java/classes/androidx/compose/ui/node/Owner.members...
[2026-08-24 02:51:21] [PROGRESS] resolve files> Scanning /mnt/c/Users/Sharof/AndroidStudioProjects/SecureGSI/codeql-db-kotlin/trap/java/classes/androidx/compose/ui/node/OwnerScope.members...
[2026-08-24 02:51:21] [PROGRESS] resolve files> Scanning /mnt/c/Users/Sharof/AndroidStudioProjects/SecureGSI/codeql-db-kotlin/trap/java/classes/androidx/compose/ui/node/OwnerSnapshotObserver.members...
[2026-08-24 02:51:21] [PROGRESS] resolve files> Scanning /mnt/c/Users/Sharof/AndroidStudioProjects/SecureGSI/codeql-db-kotlin/trap/java/classes/androidx/compose/ui/node/ParentDataModifierNode.members...
[2026-08-24 02:51:21] [PROGRESS] resolve files> Scanning /mnt/c/Users/Sharof/AndroidStudioProjects/SecureGSI/codeql-db-kotlin/trap/java/classes/androidx/compose/ui/node/PointerInputModifierNode.members...
[2026-08-24 02:51:21] [PROGRESS] resolve files> Scanning /mnt/c/Users/Sharof/AndroidStudioProjects/SecureGSI/codeql-db-kotlin/trap/java/classes/androidx/compose/ui/node/RootForTest$UncaughtExceptionHandler.members...
[2026-08-24 02:51:21] [PROGRESS] resolve files> Scanning /mnt/c/Users/Sharof/AndroidStudioProjects/SecureGSI/codeql-db-kotlin/trap/java/classes/androidx/compose/ui/node/RootForTest.members...
[2026-08-24 02:51:21] [PROGRESS] resolve files> Scanning /mnt/c/Users/Sharof/AndroidStudioProjects/SecureGSI/codeql-db-kotlin/trap/java/classes/androidx/compose/ui/node/SemanticsModifierNode.members...
[2026-08-24 02:51:21] [PROGRESS] resolve files> Scanning /mnt/c/Users/Sharof/AndroidStudioProjects/SecureGSI/codeql-db-kotlin/trap/java/classes/androidx/compose/ui/node/TailModifierNode.members...
[2026-08-24 02:51:21] [PROGRESS] resolve files> Scanning /mnt/c/Users/Sharof/AndroidStudioProjects/SecureGSI/codeql-db-kotlin/trap/java/classes/androidx/compose/ui/node/TouchBoundsExpansion$Companion.members...
[2026-08-24 02:51:21] [PROGRESS] resolve files> Scanning /mnt/c/Users/Sharof/AndroidStudioProjects/SecureGSI/codeql-db-kotlin/trap/java/classes/androidx/compose/ui/node/TouchBoundsExpansion.members...
[2026-08-24 02:51:21] [PROGRESS] resolve files> Scanning /mnt/c/Users/Sharof/AndroidStudioProjects/SecureGSI/codeql-db-kotlin/trap/java/classes/androidx/compose/ui/node/TraversableNode$Companion$TraverseDescendantsAction.members...
[2026-08-24 02:51:21] [PROGRESS] resolve files> Scanning /mnt/c/Users/Sharof/AndroidStudioProjects/SecureGSI/codeql-db-kotlin/trap/java/classes/androidx/compose/ui/node/TraversableNode$Companion.members...
[2026-08-24 02:51:21] [PROGRESS] resolve files> Scanning /mnt/c/Users/Sharof/AndroidStudioProjects/SecureGSI/codeql-db-kotlin/trap/java/classes/androidx/compose/ui/node/TraversableNode.members...
[2026-08-24 02:51:21] [PROGRESS] resolve files> Scanning /mnt/c/Users/Sharof/AndroidStudioProjects/SecureGSI/codeql-db-kotlin/trap/java/classes/androidx/compose/ui/platform...
[2026-08-24 02:51:21] [PROGRESS] resolve files> Scanning /mnt/c/Users/Sharof/AndroidStudioProjects/SecureGSI/codeql-db-kotlin/trap/java/classes/androidx/compose/ui/platform/AccessibilityManager.members...
[2026-08-24 02:51:21] [PROGRESS] resolve files> Scanning /mnt/c/Users/Sharof/AndroidStudioProjects/SecureGSI/codeql-db-kotlin/trap/java/classes/androidx/compose/ui/platform/Clipboard.members...
[2026-08-24 02:51:21] [PROGRESS] resolve files> Scanning /mnt/c/Users/Sharof/AndroidStudioProjects/SecureGSI/codeql-db-kotlin/trap/java/classes/androidx/compose/ui/platform/ClipboardManager.members...
[2026-08-24 02:51:21] [PROGRESS] resolve files> Scanning /mnt/c/Users/Sharof/AndroidStudioProjects/SecureGSI/codeql-db-kotlin/trap/java/classes/androidx/compose/ui/platform/ClipEntry.members...
[2026-08-24 02:51:21] [PROGRESS] resolve files> Scanning /mnt/c/Users/Sharof/AndroidStudioProjects/SecureGSI/codeql-db-kotlin/trap/java/classes/androidx/compose/ui/platform/ClipMetadata.members...
[2026-08-24 02:51:21] [PROGRESS] resolve files> Scanning /mnt/c/Users/Sharof/AndroidStudioProjects/SecureGSI/codeql-db-kotlin/trap/java/classes/androidx/compose/ui/platform/InspectableValue.members...
[2026-08-24 02:51:21] [PROGRESS] resolve files> Scanning /mnt/c/Users/Sharof/AndroidStudioProjects/SecureGSI/codeql-db-kotlin/trap/java/classes/androidx/compose/ui/platform/InspectorInfo.members...
[2026-08-24 02:51:21] [PROGRESS] resolve files> Scanning /mnt/c/Users/Sharof/AndroidStudioProjects/SecureGSI/codeql-db-kotlin/trap/java/classes/androidx/compose/ui/platform/LocalContext;field.members...
[2026-08-24 02:51:21] [PROGRESS] resolve files> Scanning /mnt/c/Users/Sharof/AndroidStudioProjects/SecureGSI/codeql-db-kotlin/trap/java/classes/androidx/compose/ui/platform/LocalContext;property.members...
[2026-08-24 02:51:21] [PROGRESS] resolve files> Scanning /mnt/c/Users/Sharof/AndroidStudioProjects/SecureGSI/codeql-db-kotlin/trap/java/classes/androidx/compose/ui/platform/PlatformTextInputMethodRequest.members...
[2026-08-24 02:51:21] [PROGRESS] resolve files> Scanning /mnt/c/Users/Sharof/AndroidStudioProjects/SecureGSI/codeql-db-kotlin/trap/java/classes/androidx/compose/ui/platform/PlatformTextInputSession.members...
[2026-08-24 02:51:21] [PROGRESS] resolve files> Scanning /mnt/c/Users/Sharof/AndroidStudioProjects/SecureGSI/codeql-db-kotlin/trap/java/classes/androidx/compose/ui/platform/PlatformTextInputSessionScope.members...
[2026-08-24 02:51:21] [PROGRESS] resolve files> Scanning /mnt/c/Users/Sharof/AndroidStudioProjects/SecureGSI/codeql-db-kotlin/trap/java/classes/androidx/compose/ui/platform/SoftwareKeyboardController.members...
[2026-08-24 02:51:21] [PROGRESS] resolve files> Scanning /mnt/c/Users/Sharof/AndroidStudioProjects/SecureGSI/codeql-db-kotlin/trap/java/classes/androidx/compose/ui/platform/TextToolbar.members...
[2026-08-24 02:51:21] [PROGRESS] resolve files> Scanning /mnt/c/Users/Sharof/AndroidStudioProjects/SecureGSI/codeql-db-kotlin/trap/java/classes/androidx/compose/ui/platform/TextToolbarStatus.members...
[2026-08-24 02:51:21] [PROGRESS] resolve files> Scanning /mnt/c/Users/Sharof/AndroidStudioProjects/SecureGSI/codeql-db-kotlin/trap/java/classes/androidx/compose/ui/platform/ValueElement.members...
[2026-08-24 02:51:21] [PROGRESS] resolve files> Scanning /mnt/c/Users/Sharof/AndroidStudioProjects/SecureGSI/codeql-db-kotlin/trap/java/classes/androidx/compose/ui/platform/ValueElementSequence.members...
[2026-08-24 02:51:21] [PROGRESS] resolve files> Scanning /mnt/c/Users/Sharof/AndroidStudioProjects/SecureGSI/codeql-db-kotlin/trap/java/classes/androidx/compose/ui/platform/ViewConfiguration.members...
[2026-08-24 02:51:21] [PROGRESS] resolve files> Scanning /mnt/c/Users/Sharof/AndroidStudioProjects/SecureGSI/codeql-db-kotlin/trap/java/classes/androidx/compose/ui/platform/WindowInfo.members...
[2026-08-24 02:51:21] [PROGRESS] resolve files> Scanning /mnt/c/Users/Sharof/AndroidStudioProjects/SecureGSI/codeql-db-kotlin/trap/java/classes/androidx/compose/ui/semantics...
[2026-08-24 02:51:21] [PROGRESS] resolve files> Scanning /mnt/c/Users/Sharof/AndroidStudioProjects/SecureGSI/codeql-db-kotlin/trap/java/classes/androidx/compose/ui/semantics/EmptySemanticsModifier.members...
[2026-08-24 02:51:21] [PROGRESS] resolve files> Scanning /mnt/c/Users/Sharof/AndroidStudioProjects/SecureGSI/codeql-db-kotlin/trap/java/classes/androidx/compose/ui/semantics/SemanticsConfiguration.members...
[2026-08-24 02:51:21] [PROGRESS] resolve files> Scanning /mnt/c/Users/Sharof/AndroidStudioProjects/SecureGSI/codeql-db-kotlin/trap/java/classes/androidx/compose/ui/semantics/SemanticsInfo.members...
[2026-08-24 02:51:21] [PROGRESS] resolve files> Scanning /mnt/c/Users/Sharof/AndroidStudioProjects/SecureGSI/codeql-db-kotlin/trap/java/classes/androidx/compose/ui/semantics/SemanticsListener.members...
[2026-08-24 02:51:21] [PROGRESS] resolve files> Scanning /mnt/c/Users/Sharof/AndroidStudioProjects/SecureGSI/codeql-db-kotlin/trap/java/classes/androidx/compose/ui/semantics/SemanticsNode.members...
[2026-08-24 02:51:21] [PROGRESS] resolve files> Scanning /mnt/c/Users/Sharof/AndroidStudioProjects/SecureGSI/codeql-db-kotlin/trap/java/classes/androidx/compose/ui/semantics/SemanticsOwner.members...
[2026-08-24 02:51:21] [PROGRESS] resolve files> Scanning /mnt/c/Users/Sharof/AndroidStudioProjects/SecureGSI/codeql-db-kotlin/trap/java/classes/androidx/compose/ui/semantics/SemanticsPropertyKey.members...
[2026-08-24 02:51:21] [PROGRESS] resolve files> Scanning /mnt/c/Users/Sharof/AndroidStudioProjects/SecureGSI/codeql-db-kotlin/trap/java/classes/androidx/compose/ui/semantics/SemanticsPropertyReceiver.members...
[2026-08-24 02:51:21] [PROGRESS] resolve files> Scanning /mnt/c/Users/Sharof/AndroidStudioProjects/SecureGSI/codeql-db-kotlin/trap/java/classes/androidx/compose/ui/spatial...
[2026-08-24 02:51:21] [PROGRESS] resolve files> Scanning /mnt/c/Users/Sharof/AndroidStudioProjects/SecureGSI/codeql-db-kotlin/trap/java/classes/androidx/compose/ui/spatial/RectList.members...
[2026-08-24 02:51:21] [PROGRESS] resolve files> Scanning /mnt/c/Users/Sharof/AndroidStudioProjects/SecureGSI/codeql-db-kotlin/trap/java/classes/androidx/compose/ui/spatial/RectManager.members...
[2026-08-24 02:51:21] [PROGRESS] resolve files> Scanning /mnt/c/Users/Sharof/AndroidStudioProjects/SecureGSI/codeql-db-kotlin/trap/java/classes/androidx/compose/ui/spatial/RelativeLayoutBounds.members...
[2026-08-24 02:51:21] [PROGRESS] resolve files> Scanning /mnt/c/Users/Sharof/AndroidStudioProjects/SecureGSI/codeql-db-kotlin/trap/java/classes/androidx/compose/ui/state...
[2026-08-24 02:51:21] [PROGRESS] resolve files> Scanning /mnt/c/Users/Sharof/AndroidStudioProjects/SecureGSI/codeql-db-kotlin/trap/java/classes/androidx/compose/ui/state/ToggleableState.members...
[2026-08-24 02:51:21] [PROGRESS] resolve files> Scanning /mnt/c/Users/Sharof/AndroidStudioProjects/SecureGSI/codeql-db-kotlin/trap/java/classes/androidx/compose/ui/text...
[2026-08-24 02:51:21] [PROGRESS] resolve files> Scanning /mnt/c/Users/Sharof/AndroidStudioProjects/SecureGSI/codeql-db-kotlin/trap/java/classes/androidx/compose/ui/text/AnnotatedString$Annotation.members...
[2026-08-24 02:51:21] [PROGRESS] resolve files> Scanning /mnt/c/Users/Sharof/AndroidStudioProjects/SecureGSI/codeql-db-kotlin/trap/java/classes/androidx/compose/ui/text/AnnotatedString$Builder$BulletScope.members...
[2026-08-24 02:51:21] [PROGRESS] resolve files> Scanning /mnt/c/Users/Sharof/AndroidStudioProjects/SecureGSI/codeql-db-kotlin/trap/java/classes/androidx/compose/ui/text/AnnotatedString$Builder.members...
[2026-08-24 02:51:21] [PROGRESS] resolve files> Scanning /mnt/c/Users/Sharof/AndroidStudioProjects/SecureGSI/codeql-db-kotlin/trap/java/classes/androidx/compose/ui/text/AnnotatedString$Companion.members...
[2026-08-24 02:51:21] [PROGRESS] resolve files> Scanning /mnt/c/Users/Sharof/AndroidStudioProjects/SecureGSI/codeql-db-kotlin/trap/java/classes/androidx/compose/ui/text/AnnotatedString$Range.members...
[2026-08-24 02:51:21] [PROGRESS] resolve files> Scanning /mnt/c/Users/Sharof/AndroidStudioProjects/SecureGSI/codeql-db-kotlin/trap/java/classes/androidx/compose/ui/text/AnnotatedString.members...
[2026-08-24 02:51:21] [PROGRESS] resolve files> Scanning /mnt/c/Users/Sharof/AndroidStudioProjects/SecureGSI/codeql-db-kotlin/trap/java/classes/androidx/compose/ui/text/Bullet$Companion.members...
[2026-08-24 02:51:21] [PROGRESS] resolve files> Scanning /mnt/c/Users/Sharof/AndroidStudioProjects/SecureGSI/codeql-db-kotlin/trap/java/classes/androidx/compose/ui/text/Bullet.members...
[2026-08-24 02:51:21] [PROGRESS] resolve files> Scanning /mnt/c/Users/Sharof/AndroidStudioProjects/SecureGSI/codeql-db-kotlin/trap/java/classes/androidx/compose/ui/text/EmojiSupportMatch$Companion.members...
[2026-08-24 02:51:21] [PROGRESS] resolve files> Scanning /mnt/c/Users/Sharof/AndroidStudioProjects/SecureGSI/codeql-db-kotlin/trap/java/classes/androidx/compose/ui/text/EmojiSupportMatch.members...
[2026-08-24 02:51:21] [PROGRESS] resolve files> Scanning /mnt/c/Users/Sharof/AndroidStudioProjects/SecureGSI/codeql-db-kotlin/trap/java/classes/androidx/compose/ui/text/ExperimentalTextApi.members...
[2026-08-24 02:51:21] [PROGRESS] resolve files> Scanning /mnt/c/Users/Sharof/AndroidStudioProjects/SecureGSI/codeql-db-kotlin/trap/java/classes/androidx/compose/ui/text/font...
[2026-08-24 02:51:21] [PROGRESS] resolve files> Scanning /mnt/c/Users/Sharof/AndroidStudioProjects/SecureGSI/codeql-db-kotlin/trap/java/classes/androidx/compose/ui/text/font/Font$Companion.members...
[2026-08-24 02:51:21] [PROGRESS] resolve files> Scanning /mnt/c/Users/Sharof/AndroidStudioProjects/SecureGSI/codeql-db-kotlin/trap/java/classes/androidx/compose/ui/text/font/Font$ResourceLoader.members...
[2026-08-24 02:51:21] [PROGRESS] resolve files> Scanning /mnt/c/Users/Sharof/AndroidStudioProjects/SecureGSI/codeql-db-kotlin/trap/java/classes/androidx/compose/ui/text/font/Font.members...
[2026-08-24 02:51:21] [PROGRESS] resolve files> Scanning /mnt/c/Users/Sharof/AndroidStudioProjects/SecureGSI/codeql-db-kotlin/trap/java/classes/androidx/compose/ui/text/font/FontFamily$Companion.members...
[2026-08-24 02:51:21] [PROGRESS] resolve files> Scanning /mnt/c/Users/Sharof/AndroidStudioProjects/SecureGSI/codeql-db-kotlin/trap/java/classes/androidx/compose/ui/text/font/FontFamily$Resolver.members...
[2026-08-24 02:51:21] [PROGRESS] resolve files> Scanning /mnt/c/Users/Sharof/AndroidStudioProjects/SecureGSI/codeql-db-kotlin/trap/java/classes/androidx/compose/ui/text/font/FontFamily.members...
[2026-08-24 02:51:21] [PROGRESS] resolve files> Scanning /mnt/c/Users/Sharof/AndroidStudioProjects/SecureGSI/codeql-db-kotlin/trap/java/classes/androidx/compose/ui/text/font/FontLoadingStrategy$Companion.members...
[2026-08-24 02:51:21] [PROGRESS] resolve files> Scanning /mnt/c/Users/Sharof/AndroidStudioProjects/SecureGSI/codeql-db-kotlin/trap/java/classes/androidx/compose/ui/text/font/FontLoadingStrategy.members...
[2026-08-24 02:51:21] [PROGRESS] resolve files> Scanning /mnt/c/Users/Sharof/AndroidStudioProjects/SecureGSI/codeql-db-kotlin/trap/java/classes/androidx/compose/ui/text/font/FontStyle$Companion.members...
[2026-08-24 02:51:21] [PROGRESS] resolve files> Scanning /mnt/c/Users/Sharof/AndroidStudioProjects/SecureGSI/codeql-db-kotlin/trap/java/classes/androidx/compose/ui/text/font/FontStyle.members...
[2026-08-24 02:51:21] [PROGRESS] resolve files> Scanning /mnt/c/Users/Sharof/AndroidStudioProjects/SecureGSI/codeql-db-kotlin/trap/java/classes/androidx/compose/ui/text/font/FontSynthesis$Companion.members...
[2026-08-24 02:51:21] [PROGRESS] resolve files> Scanning /mnt/c/Users/Sharof/AndroidStudioProjects/SecureGSI/codeql-db-kotlin/trap/java/classes/androidx/compose/ui/text/font/FontSynthesis.members...
[2026-08-24 02:51:21] [PROGRESS] resolve files> Scanning /mnt/c/Users/Sharof/AndroidStudioProjects/SecureGSI/codeql-db-kotlin/trap/java/classes/androidx/compose/ui/text/font/FontWeight$Companion.members...
[2026-08-24 02:51:21] [PROGRESS] resolve files> Scanning /mnt/c/Users/Sharof/AndroidStudioProjects/SecureGSI/codeql-db-kotlin/trap/java/classes/androidx/compose/ui/text/font/FontWeight.members...
[2026-08-24 02:51:21] [PROGRESS] resolve files> Scanning /mnt/c/Users/Sharof/AndroidStudioProjects/SecureGSI/codeql-db-kotlin/trap/java/classes/androidx/compose/ui/text/font/GenericFontFamily.members...
[2026-08-24 02:51:21] [PROGRESS] resolve files> Scanning /mnt/c/Users/Sharof/AndroidStudioProjects/SecureGSI/codeql-db-kotlin/trap/java/classes/androidx/compose/ui/text/font/SystemFontFamily.members...
[2026-08-24 02:51:21] [PROGRESS] resolve files> Scanning /mnt/c/Users/Sharof/AndroidStudioProjects/SecureGSI/codeql-db-kotlin/trap/java/classes/androidx/compose/ui/text/input...
[2026-08-24 02:51:21] [PROGRESS] resolve files> Scanning /mnt/c/Users/Sharof/AndroidStudioProjects/SecureGSI/codeql-db-kotlin/trap/java/classes/androidx/compose/ui/text/input/EditCommand.members...
[2026-08-24 02:51:21] [PROGRESS] resolve files> Scanning /mnt/c/Users/Sharof/AndroidStudioProjects/SecureGSI/codeql-db-kotlin/trap/java/classes/androidx/compose/ui/text/input/EditingBuffer$Companion.members...
[2026-08-24 02:51:21] [PROGRESS] resolve files> Scanning /mnt/c/Users/Sharof/AndroidStudioProjects/SecureGSI/codeql-db-kotlin/trap/java/classes/androidx/compose/ui/text/input/EditingBuffer.members...
[2026-08-24 02:51:21] [PROGRESS] resolve files> Scanning /mnt/c/Users/Sharof/AndroidStudioProjects/SecureGSI/codeql-db-kotlin/trap/java/classes/androidx/compose/ui/text/input/ImeAction$Companion.members...
[2026-08-24 02:51:21] [PROGRESS] resolve files> Scanning /mnt/c/Users/Sharof/AndroidStudioProjects/SecureGSI/codeql-db-kotlin/trap/java/classes/androidx/compose/ui/text/input/ImeAction.members...
[2026-08-24 02:51:21] [PROGRESS] resolve files> Scanning /mnt/c/Users/Sharof/AndroidStudioProjects/SecureGSI/codeql-db-kotlin/trap/java/classes/androidx/compose/ui/text/input/ImeOptions$Companion.members...
[2026-08-24 02:51:21] [PROGRESS] resolve files> Scanning /mnt/c/Users/Sharof/AndroidStudioProjects/SecureGSI/codeql-db-kotlin/trap/java/classes/androidx/compose/ui/text/input/ImeOptions.members...
[2026-08-24 02:51:21] [PROGRESS] resolve files> Scanning /mnt/c/Users/Sharof/AndroidStudioProjects/SecureGSI/codeql-db-kotlin/trap/java/classes/androidx/compose/ui/text/input/KeyboardCapitalization$Companion.members...
[2026-08-24 02:51:21] [PROGRESS] resolve files> Scanning /mnt/c/Users/Sharof/AndroidStudioProjects/SecureGSI/codeql-db-kotlin/trap/java/classes/androidx/compose/ui/text/input/KeyboardCapitalization.members...
[2026-08-24 02:51:21] [PROGRESS] resolve files> Scanning /mnt/c/Users/Sharof/AndroidStudioProjects/SecureGSI/codeql-db-kotlin/trap/java/classes/androidx/compose/ui/text/input/KeyboardType$Companion.members...
[2026-08-24 02:51:21] [PROGRESS] resolve files> Scanning /mnt/c/Users/Sharof/AndroidStudioProjects/SecureGSI/codeql-db-kotlin/trap/java/classes/androidx/compose/ui/text/input/KeyboardType.members...
[2026-08-24 02:51:21] [PROGRESS] resolve files> Scanning /mnt/c/Users/Sharof/AndroidStudioProjects/SecureGSI/codeql-db-kotlin/trap/java/classes/androidx/compose/ui/text/input/OffsetMapping$Companion.members...
[2026-08-24 02:51:21] [PROGRESS] resolve files> Scanning /mnt/c/Users/Sharof/AndroidStudioProjects/SecureGSI/codeql-db-kotlin/trap/java/classes/androidx/compose/ui/text/input/OffsetMapping.members...
[2026-08-24 02:51:21] [PROGRESS] resolve files> Scanning /mnt/c/Users/Sharof/AndroidStudioProjects/SecureGSI/codeql-db-kotlin/trap/java/classes/androidx/compose/ui/text/input/PlatformImeOptions.members...
[2026-08-24 02:51:21] [PROGRESS] resolve files> Scanning /mnt/c/Users/Sharof/AndroidStudioProjects/SecureGSI/codeql-db-kotlin/trap/java/classes/androidx/compose/ui/text/input/PlatformTextInputService.members...
[2026-08-24 02:51:21] [PROGRESS] resolve files> Scanning /mnt/c/Users/Sharof/AndroidStudioProjects/SecureGSI/codeql-db-kotlin/trap/java/classes/androidx/compose/ui/text/input/TextFieldValue$Companion.members...
[2026-08-24 02:51:21] [PROGRESS] resolve files> Scanning /mnt/c/Users/Sharof/AndroidStudioProjects/SecureGSI/codeql-db-kotlin/trap/java/classes/androidx/compose/ui/text/input/TextFieldValue.members...
[2026-08-24 02:51:21] [PROGRESS] resolve files> Scanning /mnt/c/Users/Sharof/AndroidStudioProjects/SecureGSI/codeql-db-kotlin/trap/java/classes/androidx/compose/ui/text/input/TextInputService.members...
[2026-08-24 02:51:21] [PROGRESS] resolve files> Scanning /mnt/c/Users/Sharof/AndroidStudioProjects/SecureGSI/codeql-db-kotlin/trap/java/classes/androidx/compose/ui/text/input/TextInputSession.members...
[2026-08-24 02:51:21] [PROGRESS] resolve files> Scanning /mnt/c/Users/Sharof/AndroidStudioProjects/SecureGSI/codeql-db-kotlin/trap/java/classes/androidx/compose/ui/text/InternalTextApi.members...
[2026-08-24 02:51:21] [PROGRESS] resolve files> Scanning /mnt/c/Users/Sharof/AndroidStudioProjects/SecureGSI/codeql-db-kotlin/trap/java/classes/androidx/compose/ui/text/intl...
[2026-08-24 02:51:21] [PROGRESS] resolve files> Scanning /mnt/c/Users/Sharof/AndroidStudioProjects/SecureGSI/codeql-db-kotlin/trap/java/classes/androidx/compose/ui/text/intl/Locale$Companion.members...
[2026-08-24 02:51:21] [PROGRESS] resolve files> Scanning /mnt/c/Users/Sharof/AndroidStudioProjects/SecureGSI/codeql-db-kotlin/trap/java/classes/androidx/compose/ui/text/intl/Locale.members...
[2026-08-24 02:51:21] [PROGRESS] resolve files> Scanning /mnt/c/Users/Sharof/AndroidStudioProjects/SecureGSI/codeql-db-kotlin/trap/java/classes/androidx/compose/ui/text/intl/LocaleList$Companion.members...
[2026-08-24 02:51:21] [PROGRESS] resolve files> Scanning /mnt/c/Users/Sharof/AndroidStudioProjects/SecureGSI/codeql-db-kotlin/trap/java/classes/androidx/compose/ui/text/intl/LocaleList.members...
[2026-08-24 02:51:21] [PROGRESS] resolve files> Scanning /mnt/c/Users/Sharof/AndroidStudioProjects/SecureGSI/codeql-db-kotlin/trap/java/classes/androidx/compose/ui/text/LinkAnnotation$Clickable.members...
[2026-08-24 02:51:21] [PROGRESS] resolve files> Scanning /mnt/c/Users/Sharof/AndroidStudioProjects/SecureGSI/codeql-db-kotlin/trap/java/classes/androidx/compose/ui/text/LinkAnnotation$Url.members...
[2026-08-24 02:51:21] [PROGRESS] resolve files> Scanning /mnt/c/Users/Sharof/AndroidStudioProjects/SecureGSI/codeql-db-kotlin/trap/java/classes/androidx/compose/ui/text/LinkAnnotation.members...
[2026-08-24 02:51:21] [PROGRESS] resolve files> Scanning /mnt/c/Users/Sharof/AndroidStudioProjects/SecureGSI/codeql-db-kotlin/trap/java/classes/androidx/compose/ui/text/LinkInteractionListener.members...
[2026-08-24 02:51:21] [PROGRESS] resolve files> Scanning /mnt/c/Users/Sharof/AndroidStudioProjects/SecureGSI/codeql-db-kotlin/trap/java/classes/androidx/compose/ui/text/MultiParagraph.members...
[2026-08-24 02:51:21] [PROGRESS] resolve files> Scanning /mnt/c/Users/Sharof/AndroidStudioProjects/SecureGSI/codeql-db-kotlin/trap/java/classes/androidx/compose/ui/text/MultiParagraphIntrinsics.members...
[2026-08-24 02:51:21] [PROGRESS] resolve files> Scanning /mnt/c/Users/Sharof/AndroidStudioProjects/SecureGSI/codeql-db-kotlin/trap/java/classes/androidx/compose/ui/text/Paragraph.members...
[2026-08-24 02:51:21] [PROGRESS] resolve files> Scanning /mnt/c/Users/Sharof/AndroidStudioProjects/SecureGSI/codeql-db-kotlin/trap/java/classes/androidx/compose/ui/text/ParagraphInfo.members...
[2026-08-24 02:51:21] [PROGRESS] resolve files> Scanning /mnt/c/Users/Sharof/AndroidStudioProjects/SecureGSI/codeql-db-kotlin/trap/java/classes/androidx/compose/ui/text/ParagraphIntrinsicInfo.members...
[2026-08-24 02:51:21] [PROGRESS] resolve files> Scanning /mnt/c/Users/Sharof/AndroidStudioProjects/SecureGSI/codeql-db-kotlin/trap/java/classes/androidx/compose/ui/text/ParagraphIntrinsics.members...
[2026-08-24 02:51:21] [PROGRESS] resolve files> Scanning /mnt/c/Users/Sharof/AndroidStudioProjects/SecureGSI/codeql-db-kotlin/trap/java/classes/androidx/compose/ui/text/ParagraphStyle.members...
[2026-08-24 02:51:21] [PROGRESS] resolve files> Scanning /mnt/c/Users/Sharof/AndroidStudioProjects/SecureGSI/codeql-db-kotlin/trap/java/classes/androidx/compose/ui/text/Placeholder.members...
[2026-08-24 02:51:21] [PROGRESS] resolve files> Scanning /mnt/c/Users/Sharof/AndroidStudioProjects/SecureGSI/codeql-db-kotlin/trap/java/classes/androidx/compose/ui/text/PlaceholderVerticalAlign$Companion.members...
[2026-08-24 02:51:21] [PROGRESS] resolve files> Scanning /mnt/c/Users/Sharof/AndroidStudioProjects/SecureGSI/codeql-db-kotlin/trap/java/classes/androidx/compose/ui/text/PlaceholderVerticalAlign.members...
[2026-08-24 02:51:21] [PROGRESS] resolve files> Scanning /mnt/c/Users/Sharof/AndroidStudioProjects/SecureGSI/codeql-db-kotlin/trap/java/classes/androidx/compose/ui/text/PlatformParagraphStyle$Companion.members...
[2026-08-24 02:51:21] [PROGRESS] resolve files> Scanning /mnt/c/Users/Sharof/AndroidStudioProjects/SecureGSI/codeql-db-kotlin/trap/java/classes/androidx/compose/ui/text/PlatformParagraphStyle.members...
[2026-08-24 02:51:21] [PROGRESS] resolve files> Scanning /mnt/c/Users/Sharof/AndroidStudioProjects/SecureGSI/codeql-db-kotlin/trap/java/classes/androidx/compose/ui/text/PlatformSpanStyle$Companion.members...
[2026-08-24 02:51:21] [PROGRESS] resolve files> Scanning /mnt/c/Users/Sharof/AndroidStudioProjects/SecureGSI/codeql-db-kotlin/trap/java/classes/androidx/compose/ui/text/PlatformSpanStyle.members...
[2026-08-24 02:51:21] [PROGRESS] resolve files> Scanning /mnt/c/Users/Sharof/AndroidStudioProjects/SecureGSI/codeql-db-kotlin/trap/java/classes/androidx/compose/ui/text/PlatformTextStyle.members...
[2026-08-24 02:51:21] [PROGRESS] resolve files> Scanning /mnt/c/Users/Sharof/AndroidStudioProjects/SecureGSI/codeql-db-kotlin/trap/java/classes/androidx/compose/ui/text/SpanStyle.members...
[2026-08-24 02:51:21] [PROGRESS] resolve files> Scanning /mnt/c/Users/Sharof/AndroidStudioProjects/SecureGSI/codeql-db-kotlin/trap/java/classes/androidx/compose/ui/text/style...
[2026-08-24 02:51:21] [PROGRESS] resolve files> Scanning /mnt/c/Users/Sharof/AndroidStudioProjects/SecureGSI/codeql-db-kotlin/trap/java/classes/androidx/compose/ui/text/style/BaselineShift$Companion.members...
[2026-08-24 02:51:21] [PROGRESS] resolve files> Scanning /mnt/c/Users/Sharof/AndroidStudioProjects/SecureGSI/codeql-db-kotlin/trap/java/classes/androidx/compose/ui/text/style/BaselineShift.members...
[2026-08-24 02:51:21] [PROGRESS] resolve files> Scanning /mnt/c/Users/Sharof/AndroidStudioProjects/SecureGSI/codeql-db-kotlin/trap/java/classes/androidx/compose/ui/text/style/Hyphens$Companion.members...
[2026-08-24 02:51:21] [PROGRESS] resolve files> Scanning /mnt/c/Users/Sharof/AndroidStudioProjects/SecureGSI/codeql-db-kotlin/trap/java/classes/androidx/compose/ui/text/style/Hyphens.members...
[2026-08-24 02:51:21] [PROGRESS] resolve files> Scanning /mnt/c/Users/Sharof/AndroidStudioProjects/SecureGSI/codeql-db-kotlin/trap/java/classes/androidx/compose/ui/text/style/LineBreak$Companion.members...
[2026-08-24 02:51:21] [PROGRESS] resolve files> Scanning /mnt/c/Users/Sharof/AndroidStudioProjects/SecureGSI/codeql-db-kotlin/trap/java/classes/androidx/compose/ui/text/style/LineBreak$Strategy$Companion.members...
[2026-08-24 02:51:21] [PROGRESS] resolve files> Scanning /mnt/c/Users/Sharof/AndroidStudioProjects/SecureGSI/codeql-db-kotlin/trap/java/classes/androidx/compose/ui/text/style/LineBreak$Strategy.members...
[2026-08-24 02:51:21] [PROGRESS] resolve files> Scanning /mnt/c/Users/Sharof/AndroidStudioProjects/SecureGSI/codeql-db-kotlin/trap/java/classes/androidx/compose/ui/text/style/LineBreak$Strictness$Companion.members...
[2026-08-24 02:51:21] [PROGRESS] resolve files> Scanning /mnt/c/Users/Sharof/AndroidStudioProjects/SecureGSI/codeql-db-kotlin/trap/java/classes/androidx/compose/ui/text/style/LineBreak$Strictness.members...
[2026-08-24 02:51:21] [PROGRESS] resolve files> Scanning /mnt/c/Users/Sharof/AndroidStudioProjects/SecureGSI/codeql-db-kotlin/trap/java/classes/androidx/compose/ui/text/style/LineBreak$WordBreak$Companion.members...
[2026-08-24 02:51:21] [PROGRESS] resolve files> Scanning /mnt/c/Users/Sharof/AndroidStudioProjects/SecureGSI/codeql-db-kotlin/trap/java/classes/androidx/compose/ui/text/style/LineBreak$WordBreak.members...
[2026-08-24 02:51:21] [PROGRESS] resolve files> Scanning /mnt/c/Users/Sharof/AndroidStudioProjects/SecureGSI/codeql-db-kotlin/trap/java/classes/androidx/compose/ui/text/style/LineBreak.members...
[2026-08-24 02:51:21] [PROGRESS] resolve files> Scanning /mnt/c/Users/Sharof/AndroidStudioProjects/SecureGSI/codeql-db-kotlin/trap/java/classes/androidx/compose/ui/text/style/LineHeightStyle$Alignment$Companion.members...
[2026-08-24 02:51:21] [PROGRESS] resolve files> Scanning /mnt/c/Users/Sharof/AndroidStudioProjects/SecureGSI/codeql-db-kotlin/trap/java/classes/androidx/compose/ui/text/style/LineHeightStyle$Alignment.members...
[2026-08-24 02:51:21] [PROGRESS] resolve files> Scanning /mnt/c/Users/Sharof/AndroidStudioProjects/SecureGSI/codeql-db-kotlin/trap/java/classes/androidx/compose/ui/text/style/LineHeightStyle$Companion.members...
[2026-08-24 02:51:21] [PROGRESS] resolve files> Scanning /mnt/c/Users/Sharof/AndroidStudioProjects/SecureGSI/codeql-db-kotlin/trap/java/classes/androidx/compose/ui/text/style/LineHeightStyle$Mode$Companion.members...
[2026-08-24 02:51:21] [PROGRESS] resolve files> Scanning /mnt/c/Users/Sharof/AndroidStudioProjects/SecureGSI/codeql-db-kotlin/trap/java/classes/androidx/compose/ui/text/style/LineHeightStyle$Mode.members...
[2026-08-24 02:51:21] [PROGRESS] resolve files> Scanning /mnt/c/Users/Sharof/AndroidStudioProjects/SecureGSI/codeql-db-kotlin/trap/java/classes/androidx/compose/ui/text/style/LineHeightStyle$Trim$Companion.members...
[2026-08-24 02:51:21] [PROGRESS] resolve files> Scanning /mnt/c/Users/Sharof/AndroidStudioProjects/SecureGSI/codeql-db-kotlin/trap/java/classes/androidx/compose/ui/text/style/LineHeightStyle$Trim.members...
[2026-08-24 02:51:21] [PROGRESS] resolve files> Scanning /mnt/c/Users/Sharof/AndroidStudioProjects/SecureGSI/codeql-db-kotlin/trap/java/classes/androidx/compose/ui/text/style/LineHeightStyle.members...
[2026-08-24 02:51:21] [PROGRESS] resolve files> Scanning /mnt/c/Users/Sharof/AndroidStudioProjects/SecureGSI/codeql-db-kotlin/trap/java/classes/androidx/compose/ui/text/style/ResolvedTextDirection.members...
[2026-08-24 02:51:21] [PROGRESS] resolve files> Scanning /mnt/c/Users/Sharof/AndroidStudioProjects/SecureGSI/codeql-db-kotlin/trap/java/classes/androidx/compose/ui/text/style/TextAlign$Companion.members...
[2026-08-24 02:51:21] [PROGRESS] resolve files> Scanning /mnt/c/Users/Sharof/AndroidStudioProjects/SecureGSI/codeql-db-kotlin/trap/java/classes/androidx/compose/ui/text/style/TextAlign.members...
[2026-08-24 02:51:21] [PROGRESS] resolve files> Scanning /mnt/c/Users/Sharof/AndroidStudioProjects/SecureGSI/codeql-db-kotlin/trap/java/classes/androidx/compose/ui/text/style/TextDecoration$Companion.members...
[2026-08-24 02:51:21] [PROGRESS] resolve files> Scanning /mnt/c/Users/Sharof/AndroidStudioProjects/SecureGSI/codeql-db-kotlin/trap/java/classes/androidx/compose/ui/text/style/TextDecoration.members...
[2026-08-24 02:51:21] [PROGRESS] resolve files> Scanning /mnt/c/Users/Sharof/AndroidStudioProjects/SecureGSI/codeql-db-kotlin/trap/java/classes/androidx/compose/ui/text/style/TextDirection$Companion.members...
[2026-08-24 02:51:21] [PROGRESS] resolve files> Scanning /mnt/c/Users/Sharof/AndroidStudioProjects/SecureGSI/codeql-db-kotlin/trap/java/classes/androidx/compose/ui/text/style/TextDirection.members...
[2026-08-24 02:51:21] [PROGRESS] resolve files> Scanning /mnt/c/Users/Sharof/AndroidStudioProjects/SecureGSI/codeql-db-kotlin/trap/java/classes/androidx/compose/ui/text/style/TextForegroundStyle$Companion.members...
[2026-08-24 02:51:21] [PROGRESS] resolve files> Scanning /mnt/c/Users/Sharof/AndroidStudioProjects/SecureGSI/codeql-db-kotlin/trap/java/classes/androidx/compose/ui/text/style/TextForegroundStyle$Unspecified.members...
[2026-08-24 02:51:21] [PROGRESS] resolve files> Scanning /mnt/c/Users/Sharof/AndroidStudioProjects/SecureGSI/codeql-db-kotlin/trap/java/classes/androidx/compose/ui/text/style/TextForegroundStyle.members...
[2026-08-24 02:51:21] [PROGRESS] resolve files> Scanning /mnt/c/Users/Sharof/AndroidStudioProjects/SecureGSI/codeql-db-kotlin/trap/java/classes/androidx/compose/ui/text/style/TextGeometricTransform$Companion.members...
[2026-08-24 02:51:21] [PROGRESS] resolve files> Scanning /mnt/c/Users/Sharof/AndroidStudioProjects/SecureGSI/codeql-db-kotlin/trap/java/classes/androidx/compose/ui/text/style/TextGeometricTransform.members...
[2026-08-24 02:51:21] [PROGRESS] resolve files> Scanning /mnt/c/Users/Sharof/AndroidStudioProjects/SecureGSI/codeql-db-kotlin/trap/java/classes/androidx/compose/ui/text/style/TextIndent$Companion.members...
[2026-08-24 02:51:21] [PROGRESS] resolve files> Scanning /mnt/c/Users/Sharof/AndroidStudioProjects/SecureGSI/codeql-db-kotlin/trap/java/classes/androidx/compose/ui/text/style/TextIndent.members...
[2026-08-24 02:51:21] [PROGRESS] resolve files> Scanning /mnt/c/Users/Sharof/AndroidStudioProjects/SecureGSI/codeql-db-kotlin/trap/java/classes/androidx/compose/ui/text/style/TextMotion$Companion.members...
[2026-08-24 02:51:22] [PROGRESS] resolve files> Scanning /mnt/c/Users/Sharof/AndroidStudioProjects/SecureGSI/codeql-db-kotlin/trap/java/classes/androidx/compose/ui/text/style/TextMotion$Linearity$Companion.members...
[2026-08-24 02:51:22] [PROGRESS] resolve files> Scanning /mnt/c/Users/Sharof/AndroidStudioProjects/SecureGSI/codeql-db-kotlin/trap/java/classes/androidx/compose/ui/text/style/TextMotion$Linearity.members...
[2026-08-24 02:51:22] [PROGRESS] resolve files> Scanning /mnt/c/Users/Sharof/AndroidStudioProjects/SecureGSI/codeql-db-kotlin/trap/java/classes/androidx/compose/ui/text/style/TextMotion.members...
[2026-08-24 02:51:22] [PROGRESS] resolve files> Scanning /mnt/c/Users/Sharof/AndroidStudioProjects/SecureGSI/codeql-db-kotlin/trap/java/classes/androidx/compose/ui/text/style/TextOverflow$Companion.members...
[2026-08-24 02:51:22] [PROGRESS] resolve files> Scanning /mnt/c/Users/Sharof/AndroidStudioProjects/SecureGSI/codeql-db-kotlin/trap/java/classes/androidx/compose/ui/text/style/TextOverflow.members...
[2026-08-24 02:51:22] [PROGRESS] resolve files> Scanning /mnt/c/Users/Sharof/AndroidStudioProjects/SecureGSI/codeql-db-kotlin/trap/java/classes/androidx/compose/ui/text/TextGranularity$Companion.members...
[2026-08-24 02:51:22] [PROGRESS] resolve files> Scanning /mnt/c/Users/Sharof/AndroidStudioProjects/SecureGSI/codeql-db-kotlin/trap/java/classes/androidx/compose/ui/text/TextGranularity.members...
[2026-08-24 02:51:22] [PROGRESS] resolve files> Scanning /mnt/c/Users/Sharof/AndroidStudioProjects/SecureGSI/codeql-db-kotlin/trap/java/classes/androidx/compose/ui/text/TextInclusionStrategy$Companion.members...
[2026-08-24 02:51:22] [PROGRESS] resolve files> Scanning /mnt/c/Users/Sharof/AndroidStudioProjects/SecureGSI/codeql-db-kotlin/trap/java/classes/androidx/compose/ui/text/TextInclusionStrategy.members...
[2026-08-24 02:51:22] [PROGRESS] resolve files> Scanning /mnt/c/Users/Sharof/AndroidStudioProjects/SecureGSI/codeql-db-kotlin/trap/java/classes/androidx/compose/ui/text/TextLayoutInput.members...
[2026-08-24 02:51:22] [PROGRESS] resolve files> Scanning /mnt/c/Users/Sharof/AndroidStudioProjects/SecureGSI/codeql-db-kotlin/trap/java/classes/androidx/compose/ui/text/TextLayoutResult.members...
[2026-08-24 02:51:22] [PROGRESS] resolve files> Scanning /mnt/c/Users/Sharof/AndroidStudioProjects/SecureGSI/codeql-db-kotlin/trap/java/classes/androidx/compose/ui/text/TextLinkStyles.members...
[2026-08-24 02:51:22] [PROGRESS] resolve files> Scanning /mnt/c/Users/Sharof/AndroidStudioProjects/SecureGSI/codeql-db-kotlin/trap/java/classes/androidx/compose/ui/text/TextRange$Companion.members...
[2026-08-24 02:51:22] [PROGRESS] resolve files> Scanning /mnt/c/Users/Sharof/AndroidStudioProjects/SecureGSI/codeql-db-kotlin/trap/java/classes/androidx/compose/ui/text/TextRange.members...
[2026-08-24 02:51:22] [PROGRESS] resolve files> Scanning /mnt/c/Users/Sharof/AndroidStudioProjects/SecureGSI/codeql-db-kotlin/trap/java/classes/androidx/compose/ui/text/TextStyle$Companion.members...
[2026-08-24 02:51:22] [PROGRESS] resolve files> Scanning /mnt/c/Users/Sharof/AndroidStudioProjects/SecureGSI/codeql-db-kotlin/trap/java/classes/androidx/compose/ui/text/TextStyle.members...
[2026-08-24 02:51:22] [PROGRESS] resolve files> Scanning /mnt/c/Users/Sharof/AndroidStudioProjects/SecureGSI/codeql-db-kotlin/trap/java/classes/androidx/compose/ui/text/TtsAnnotation.members...
[2026-08-24 02:51:22] [PROGRESS] resolve files> Scanning /mnt/c/Users/Sharof/AndroidStudioProjects/SecureGSI/codeql-db-kotlin/trap/java/classes/androidx/compose/ui/text/UrlAnnotation.members...
[2026-08-24 02:51:22] [PROGRESS] resolve files> Scanning /mnt/c/Users/Sharof/AndroidStudioProjects/SecureGSI/codeql-db-kotlin/trap/java/classes/androidx/compose/ui/unit...
[2026-08-24 02:51:22] [PROGRESS] resolve files> Scanning /mnt/c/Users/Sharof/AndroidStudioProjects/SecureGSI/codeql-db-kotlin/trap/java/classes/androidx/compose/ui/unit/Constraints$Companion.members...
[2026-08-24 02:51:22] [PROGRESS] resolve files> Scanning /mnt/c/Users/Sharof/AndroidStudioProjects/SecureGSI/codeql-db-kotlin/trap/java/classes/androidx/compose/ui/unit/Constraints.members...
[2026-08-24 02:51:22] [PROGRESS] resolve files> Scanning /mnt/c/Users/Sharof/AndroidStudioProjects/SecureGSI/codeql-db-kotlin/trap/java/classes/androidx/compose/ui/unit/Density.members...
[2026-08-24 02:51:22] [PROGRESS] resolve files> Scanning /mnt/c/Users/Sharof/AndroidStudioProjects/SecureGSI/codeql-db-kotlin/trap/java/classes/androidx/compose/ui/unit/Dp$Companion.members...
[2026-08-24 02:51:22] [PROGRESS] resolve files> Scanning /mnt/c/Users/Sharof/AndroidStudioProjects/SecureGSI/codeql-db-kotlin/trap/java/classes/androidx/compose/ui/unit/Dp.members...
[2026-08-24 02:51:22] [PROGRESS] resolve files> Scanning /mnt/c/Users/Sharof/AndroidStudioProjects/SecureGSI/codeql-db-kotlin/trap/java/classes/androidx/compose/ui/unit/dpint;field.members...
[2026-08-24 02:51:22] [PROGRESS] resolve files> Scanning /mnt/c/Users/Sharof/AndroidStudioProjects/SecureGSI/codeql-db-kotlin/trap/java/classes/androidx/compose/ui/unit/dpint;property.members...
[2026-08-24 02:51:22] [PROGRESS] resolve files> Scanning /mnt/c/Users/Sharof/AndroidStudioProjects/SecureGSI/codeql-db-kotlin/trap/java/classes/androidx/compose/ui/unit/DpOffset$Companion.members...
[2026-08-24 02:51:22] [PROGRESS] resolve files> Scanning /mnt/c/Users/Sharof/AndroidStudioProjects/SecureGSI/codeql-db-kotlin/trap/java/classes/androidx/compose/ui/unit/DpOffset.members...
[2026-08-24 02:51:22] [PROGRESS] resolve files> Scanning /mnt/c/Users/Sharof/AndroidStudioProjects/SecureGSI/codeql-db-kotlin/trap/java/classes/androidx/compose/ui/unit/DpRect$Companion.members...
[2026-08-24 02:51:22] [PROGRESS] resolve files> Scanning /mnt/c/Users/Sharof/AndroidStudioProjects/SecureGSI/codeql-db-kotlin/trap/java/classes/androidx/compose/ui/unit/DpRect.members...
[2026-08-24 02:51:22] [PROGRESS] resolve files> Scanning /mnt/c/Users/Sharof/AndroidStudioProjects/SecureGSI/codeql-db-kotlin/trap/java/classes/androidx/compose/ui/unit/DpSize$Companion.members...
[2026-08-24 02:51:22] [PROGRESS] resolve files> Scanning /mnt/c/Users/Sharof/AndroidStudioProjects/SecureGSI/codeql-db-kotlin/trap/java/classes/androidx/compose/ui/unit/DpSize.members...
[2026-08-24 02:51:22] [PROGRESS] resolve files> Scanning /mnt/c/Users/Sharof/AndroidStudioProjects/SecureGSI/codeql-db-kotlin/trap/java/classes/androidx/compose/ui/unit/FontScaling.members...
[2026-08-24 02:51:22] [PROGRESS] resolve files> Scanning /mnt/c/Users/Sharof/AndroidStudioProjects/SecureGSI/codeql-db-kotlin/trap/java/classes/androidx/compose/ui/unit/IntOffset$Companion.members...
[2026-08-24 02:51:22] [PROGRESS] resolve files> Scanning /mnt/c/Users/Sharof/AndroidStudioProjects/SecureGSI/codeql-db-kotlin/trap/java/classes/androidx/compose/ui/unit/IntOffset.members...
[2026-08-24 02:51:22] [PROGRESS] resolve files> Scanning /mnt/c/Users/Sharof/AndroidStudioProjects/SecureGSI/codeql-db-kotlin/trap/java/classes/androidx/compose/ui/unit/IntRect$Companion.members...
[2026-08-24 02:51:22] [PROGRESS] resolve files> Scanning /mnt/c/Users/Sharof/AndroidStudioProjects/SecureGSI/codeql-db-kotlin/trap/java/classes/androidx/compose/ui/unit/IntRect.members...
[2026-08-24 02:51:22] [PROGRESS] resolve files> Scanning /mnt/c/Users/Sharof/AndroidStudioProjects/SecureGSI/codeql-db-kotlin/trap/java/classes/androidx/compose/ui/unit/IntSize$Companion.members...
[2026-08-24 02:51:22] [PROGRESS] resolve files> Scanning /mnt/c/Users/Sharof/AndroidStudioProjects/SecureGSI/codeql-db-kotlin/trap/java/classes/androidx/compose/ui/unit/IntSize.members...
[2026-08-24 02:51:22] [PROGRESS] resolve files> Scanning /mnt/c/Users/Sharof/AndroidStudioProjects/SecureGSI/codeql-db-kotlin/trap/java/classes/androidx/compose/ui/unit/LayoutDirection.members...
[2026-08-24 02:51:22] [PROGRESS] resolve files> Scanning /mnt/c/Users/Sharof/AndroidStudioProjects/SecureGSI/codeql-db-kotlin/trap/java/classes/androidx/compose/ui/unit/spdouble;field.members...
[2026-08-24 02:51:22] [PROGRESS] resolve files> Scanning /mnt/c/Users/Sharof/AndroidStudioProjects/SecureGSI/codeql-db-kotlin/trap/java/classes/androidx/compose/ui/unit/spdouble;property.members...
[2026-08-24 02:51:22] [PROGRESS] resolve files> Scanning /mnt/c/Users/Sharof/AndroidStudioProjects/SecureGSI/codeql-db-kotlin/trap/java/classes/androidx/compose/ui/unit/spint;field.members...
[2026-08-24 02:51:22] [PROGRESS] resolve files> Scanning /mnt/c/Users/Sharof/AndroidStudioProjects/SecureGSI/codeql-db-kotlin/trap/java/classes/androidx/compose/ui/unit/spint;property.members...
[2026-08-24 02:51:22] [PROGRESS] resolve files> Scanning /mnt/c/Users/Sharof/AndroidStudioProjects/SecureGSI/codeql-db-kotlin/trap/java/classes/androidx/compose/ui/unit/TextUnit$Companion.members...
[2026-08-24 02:51:22] [PROGRESS] resolve files> Scanning /mnt/c/Users/Sharof/AndroidStudioProjects/SecureGSI/codeql-db-kotlin/trap/java/classes/androidx/compose/ui/unit/TextUnit.members...
[2026-08-24 02:51:22] [PROGRESS] resolve files> Scanning /mnt/c/Users/Sharof/AndroidStudioProjects/SecureGSI/codeql-db-kotlin/trap/java/classes/androidx/compose/ui/unit/TextUnitType$Companion.members...
[2026-08-24 02:51:22] [PROGRESS] resolve files> Scanning /mnt/c/Users/Sharof/AndroidStudioProjects/SecureGSI/codeql-db-kotlin/trap/java/classes/androidx/compose/ui/unit/TextUnitType.members...
[2026-08-24 02:51:22] [PROGRESS] resolve files> Scanning /mnt/c/Users/Sharof/AndroidStudioProjects/SecureGSI/codeql-db-kotlin/trap/java/classes/androidx/compose/ui/unit/Velocity$Companion.members...
[2026-08-24 02:51:22] [PROGRESS] resolve files> Scanning /mnt/c/Users/Sharof/AndroidStudioProjects/SecureGSI/codeql-db-kotlin/trap/java/classes/androidx/compose/ui/unit/Velocity.members...
[2026-08-24 02:51:22] [PROGRESS] resolve files> Scanning /mnt/c/Users/Sharof/AndroidStudioProjects/SecureGSI/codeql-db-kotlin/trap/java/classes/androidx/compose/ui/viewinterop...
[2026-08-24 02:51:22] [PROGRESS] resolve files> Scanning /mnt/c/Users/Sharof/AndroidStudioProjects/SecureGSI/codeql-db-kotlin/trap/java/classes/androidx/compose/ui/viewinterop/AndroidViewHolder$Companion.members...
[2026-08-24 02:51:22] [PROGRESS] resolve files> Scanning /mnt/c/Users/Sharof/AndroidStudioProjects/SecureGSI/codeql-db-kotlin/trap/java/classes/androidx/compose/ui/viewinterop/AndroidViewHolder.members...
[2026-08-24 02:51:22] [PROGRESS] resolve files> Scanning /mnt/c/Users/Sharof/AndroidStudioProjects/SecureGSI/codeql-db-kotlin/trap/java/classes/androidx/core...
[2026-08-24 02:51:22] [PROGRESS] resolve files> Scanning /mnt/c/Users/Sharof/AndroidStudioProjects/SecureGSI/codeql-db-kotlin/trap/java/classes/androidx/core/app...
[2026-08-24 02:51:22] [PROGRESS] resolve files> Scanning /mnt/c/Users/Sharof/AndroidStudioProjects/SecureGSI/codeql-db-kotlin/trap/java/classes/androidx/core/app/ActivityOptionsCompat$BackgroundActivityStartMode.members...
[2026-08-24 02:51:22] [PROGRESS] resolve files> Scanning /mnt/c/Users/Sharof/AndroidStudioProjects/SecureGSI/codeql-db-kotlin/trap/java/classes/androidx/core/app/ActivityOptionsCompat.members...
[2026-08-24 02:51:22] [PROGRESS] resolve files> Scanning /mnt/c/Users/Sharof/AndroidStudioProjects/SecureGSI/codeql-db-kotlin/trap/java/classes/androidx/core/app/ComponentActivity$ExtraData.members...
[2026-08-24 02:51:22] [PROGRESS] resolve files> Scanning /mnt/c/Users/Sharof/AndroidStudioProjects/SecureGSI/codeql-db-kotlin/trap/java/classes/androidx/core/app/ComponentActivity.members...
[2026-08-24 02:51:22] [PROGRESS] resolve files> Scanning /mnt/c/Users/Sharof/AndroidStudioProjects/SecureGSI/codeql-db-kotlin/trap/java/classes/androidx/core/app/MultiWindowModeChangedInfo.members...
[2026-08-24 02:51:22] [PROGRESS] resolve files> Scanning /mnt/c/Users/Sharof/AndroidStudioProjects/SecureGSI/codeql-db-kotlin/trap/java/classes/androidx/core/app/OnMultiWindowModeChangedProvider.members...
[2026-08-24 02:51:22] [PROGRESS] resolve files> Scanning /mnt/c/Users/Sharof/AndroidStudioProjects/SecureGSI/codeql-db-kotlin/trap/java/classes/androidx/core/app/OnNewIntentProvider.members...
[2026-08-24 02:51:22] [PROGRESS] resolve files> Scanning /mnt/c/Users/Sharof/AndroidStudioProjects/SecureGSI/codeql-db-kotlin/trap/java/classes/androidx/core/app/OnPictureInPictureModeChangedProvider.members...
[2026-08-24 02:51:22] [PROGRESS] resolve files> Scanning /mnt/c/Users/Sharof/AndroidStudioProjects/SecureGSI/codeql-db-kotlin/trap/java/classes/androidx/core/app/OnPictureInPictureUiStateChangedProvider.members...
[2026-08-24 02:51:22] [PROGRESS] resolve files> Scanning /mnt/c/Users/Sharof/AndroidStudioProjects/SecureGSI/codeql-db-kotlin/trap/java/classes/androidx/core/app/OnUserLeaveHintProvider.members...
[2026-08-24 02:51:22] [PROGRESS] resolve files> Scanning /mnt/c/Users/Sharof/AndroidStudioProjects/SecureGSI/codeql-db-kotlin/trap/java/classes/androidx/core/app/PictureInPictureModeChangedInfo.members...
[2026-08-24 02:51:22] [PROGRESS] resolve files> Scanning /mnt/c/Users/Sharof/AndroidStudioProjects/SecureGSI/codeql-db-kotlin/trap/java/classes/androidx/core/app/PictureInPictureParamsCompat$Builder.members...
[2026-08-24 02:51:22] [PROGRESS] resolve files> Scanning /mnt/c/Users/Sharof/AndroidStudioProjects/SecureGSI/codeql-db-kotlin/trap/java/classes/androidx/core/app/PictureInPictureParamsCompat.members...
[2026-08-24 02:51:22] [PROGRESS] resolve files> Scanning /mnt/c/Users/Sharof/AndroidStudioProjects/SecureGSI/codeql-db-kotlin/trap/java/classes/androidx/core/app/PictureInPictureProvider.members...
[2026-08-24 02:51:22] [PROGRESS] resolve files> Scanning /mnt/c/Users/Sharof/AndroidStudioProjects/SecureGSI/codeql-db-kotlin/trap/java/classes/androidx/core/app/PictureInPictureUiStateCompat$Companion.members...
[2026-08-24 02:51:22] [PROGRESS] resolve files> Scanning /mnt/c/Users/Sharof/AndroidStudioProjects/SecureGSI/codeql-db-kotlin/trap/java/classes/androidx/core/app/PictureInPictureUiStateCompat.members...
[2026-08-24 02:51:22] [PROGRESS] resolve files> Scanning /mnt/c/Users/Sharof/AndroidStudioProjects/SecureGSI/codeql-db-kotlin/trap/java/classes/androidx/core/content...
[2026-08-24 02:51:22] [PROGRESS] resolve files> Scanning /mnt/c/Users/Sharof/AndroidStudioProjects/SecureGSI/codeql-db-kotlin/trap/java/classes/androidx/core/content/OnConfigurationChangedProvider.members...
[2026-08-24 02:51:22] [PROGRESS] resolve files> Scanning /mnt/c/Users/Sharof/AndroidStudioProjects/SecureGSI/codeql-db-kotlin/trap/java/classes/androidx/core/content/OnTrimMemoryProvider.members...
[2026-08-24 02:51:22] [PROGRESS] resolve files> Scanning /mnt/c/Users/Sharof/AndroidStudioProjects/SecureGSI/codeql-db-kotlin/trap/java/classes/androidx/core/graphics...
[2026-08-24 02:51:22] [PROGRESS] resolve files> Scanning /mnt/c/Users/Sharof/AndroidStudioProjects/SecureGSI/codeql-db-kotlin/trap/java/classes/androidx/core/graphics/Insets$Api29Impl.members...
[2026-08-24 02:51:22] [PROGRESS] resolve files> Scanning /mnt/c/Users/Sharof/AndroidStudioProjects/SecureGSI/codeql-db-kotlin/trap/java/classes/androidx/core/graphics/Insets.members...
[2026-08-24 02:51:22] [PROGRESS] resolve files> Scanning /mnt/c/Users/Sharof/AndroidStudioProjects/SecureGSI/codeql-db-kotlin/trap/java/classes/androidx/core/util...
[2026-08-24 02:51:22] [PROGRESS] resolve files> Scanning /mnt/c/Users/Sharof/AndroidStudioProjects/SecureGSI/codeql-db-kotlin/trap/java/classes/androidx/core/util/Consumer.members...
[2026-08-24 02:51:22] [PROGRESS] resolve files> Scanning /mnt/c/Users/Sharof/AndroidStudioProjects/SecureGSI/codeql-db-kotlin/trap/java/classes/androidx/core/util/Pair.members...
[2026-08-24 02:51:22] [PROGRESS] resolve files> Scanning /mnt/c/Users/Sharof/AndroidStudioProjects/SecureGSI/codeql-db-kotlin/trap/java/classes/androidx/core/view...
[2026-08-24 02:51:22] [PROGRESS] resolve files> Scanning /mnt/c/Users/Sharof/AndroidStudioProjects/SecureGSI/codeql-db-kotlin/trap/java/classes/androidx/core/view/DisplayCutoutCompat$Api28Impl.members...
[2026-08-24 02:51:22] [PROGRESS] resolve files> Scanning /mnt/c/Users/Sharof/AndroidStudioProjects/SecureGSI/codeql-db-kotlin/trap/java/classes/androidx/core/view/DisplayCutoutCompat$Api29Impl.members...
[2026-08-24 02:51:22] [PROGRESS] resolve files> Scanning /mnt/c/Users/Sharof/AndroidStudioProjects/SecureGSI/codeql-db-kotlin/trap/java/classes/androidx/core/view/DisplayCutoutCompat$Api30Impl.members...
[2026-08-24 02:51:22] [PROGRESS] resolve files> Scanning /mnt/c/Users/Sharof/AndroidStudioProjects/SecureGSI/codeql-db-kotlin/trap/java/classes/androidx/core/view/DisplayCutoutCompat$Api31Impl.members...
[2026-08-24 02:51:22] [PROGRESS] resolve files> Scanning /mnt/c/Users/Sharof/AndroidStudioProjects/SecureGSI/codeql-db-kotlin/trap/java/classes/androidx/core/view/DisplayCutoutCompat$Api33Impl.members...
[2026-08-24 02:51:22] [PROGRESS] resolve files> Scanning /mnt/c/Users/Sharof/AndroidStudioProjects/SecureGSI/codeql-db-kotlin/trap/java/classes/androidx/core/view/DisplayCutoutCompat.members...
[2026-08-24 02:51:22] [PROGRESS] resolve files> Scanning /mnt/c/Users/Sharof/AndroidStudioProjects/SecureGSI/codeql-db-kotlin/trap/java/classes/androidx/core/view/DisplayShapeCompat.members...
[2026-08-24 02:51:22] [PROGRESS] resolve files> Scanning /mnt/c/Users/Sharof/AndroidStudioProjects/SecureGSI/codeql-db-kotlin/trap/java/classes/androidx/core/view/KeyEventDispatcher$Component.members...
[2026-08-24 02:51:22] [PROGRESS] resolve files> Scanning /mnt/c/Users/Sharof/AndroidStudioProjects/SecureGSI/codeql-db-kotlin/trap/java/classes/androidx/core/view/KeyEventDispatcher.members...
[2026-08-24 02:51:22] [PROGRESS] resolve files> Scanning /mnt/c/Users/Sharof/AndroidStudioProjects/SecureGSI/codeql-db-kotlin/trap/java/classes/androidx/core/view/MenuHost.members...
[2026-08-24 02:51:22] [PROGRESS] resolve files> Scanning /mnt/c/Users/Sharof/AndroidStudioProjects/SecureGSI/codeql-db-kotlin/trap/java/classes/androidx/core/view/MenuProvider.members...
[2026-08-24 02:51:22] [PROGRESS] resolve files> Scanning /mnt/c/Users/Sharof/AndroidStudioProjects/SecureGSI/codeql-db-kotlin/trap/java/classes/androidx/core/view/NestedScrollingParent.members...
[2026-08-24 02:51:22] [PROGRESS] resolve files> Scanning /mnt/c/Users/Sharof/AndroidStudioProjects/SecureGSI/codeql-db-kotlin/trap/java/classes/androidx/core/view/NestedScrollingParent2.members...
[2026-08-24 02:51:22] [PROGRESS] resolve files> Scanning /mnt/c/Users/Sharof/AndroidStudioProjects/SecureGSI/codeql-db-kotlin/trap/java/classes/androidx/core/view/NestedScrollingParent3.members...
[2026-08-24 02:51:22] [PROGRESS] resolve files> Scanning /mnt/c/Users/Sharof/AndroidStudioProjects/SecureGSI/codeql-db-kotlin/trap/java/classes/androidx/core/view/OnApplyWindowInsetsListener.members...
[2026-08-24 02:51:22] [PROGRESS] resolve files> Scanning /mnt/c/Users/Sharof/AndroidStudioProjects/SecureGSI/codeql-db-kotlin/trap/java/classes/androidx/core/view/RoundedCornerCompat$Position.members...
[2026-08-24 02:51:22] [PROGRESS] resolve files> Scanning /mnt/c/Users/Sharof/AndroidStudioProjects/SecureGSI/codeql-db-kotlin/trap/java/classes/androidx/core/view/RoundedCornerCompat.members...
[2026-08-24 02:51:22] [PROGRESS] resolve files> Scanning /mnt/c/Users/Sharof/AndroidStudioProjects/SecureGSI/codeql-db-kotlin/trap/java/classes/androidx/core/view/WindowInsetsCompat$Builder.members...
[2026-08-24 02:51:22] [PROGRESS] resolve files> Scanning /mnt/c/Users/Sharof/AndroidStudioProjects/SecureGSI/codeql-db-kotlin/trap/java/classes/androidx/core/view/WindowInsetsCompat$Side$InsetsSide.members...
[2026-08-24 02:51:22] [PROGRESS] resolve files> Scanning /mnt/c/Users/Sharof/AndroidStudioProjects/SecureGSI/codeql-db-kotlin/trap/java/classes/androidx/core/view/WindowInsetsCompat$Side.members...
[2026-08-24 02:51:22] [PROGRESS] resolve files> Scanning /mnt/c/Users/Sharof/AndroidStudioProjects/SecureGSI/codeql-db-kotlin/trap/java/classes/androidx/core/view/WindowInsetsCompat$Type$InsetsType.members...
[2026-08-24 02:51:22] [PROGRESS] resolve files> Scanning /mnt/c/Users/Sharof/AndroidStudioProjects/SecureGSI/codeql-db-kotlin/trap/java/classes/androidx/core/view/WindowInsetsCompat$Type.members...
[2026-08-24 02:51:22] [PROGRESS] resolve files> Scanning /mnt/c/Users/Sharof/AndroidStudioProjects/SecureGSI/codeql-db-kotlin/trap/java/classes/androidx/core/view/WindowInsetsCompat.members...
[2026-08-24 02:51:22] [PROGRESS] resolve files> Scanning /mnt/c/Users/Sharof/AndroidStudioProjects/SecureGSI/codeql-db-kotlin/trap/java/classes/androidx/lifecycle...
[2026-08-24 02:51:22] [PROGRESS] resolve files> Scanning /mnt/c/Users/Sharof/AndroidStudioProjects/SecureGSI/codeql-db-kotlin/trap/java/classes/androidx/lifecycle/AtomicReference.members...
[2026-08-24 02:51:22] [PROGRESS] resolve files> Scanning /mnt/c/Users/Sharof/AndroidStudioProjects/SecureGSI/codeql-db-kotlin/trap/java/classes/androidx/lifecycle/HasDefaultViewModelProviderFactory.members...
[2026-08-24 02:51:22] [PROGRESS] resolve files> Scanning /mnt/c/Users/Sharof/AndroidStudioProjects/SecureGSI/codeql-db-kotlin/trap/java/classes/androidx/lifecycle/Lifecycle$Event$Companion.members...
[2026-08-24 02:51:22] [PROGRESS] resolve files> Scanning /mnt/c/Users/Sharof/AndroidStudioProjects/SecureGSI/codeql-db-kotlin/trap/java/classes/androidx/lifecycle/Lifecycle$Event.members...
[2026-08-24 02:51:22] [PROGRESS] resolve files> Scanning /mnt/c/Users/Sharof/AndroidStudioProjects/SecureGSI/codeql-db-kotlin/trap/java/classes/androidx/lifecycle/Lifecycle$State.members...
[2026-08-24 02:51:22] [PROGRESS] resolve files> Scanning /mnt/c/Users/Sharof/AndroidStudioProjects/SecureGSI/codeql-db-kotlin/trap/java/classes/androidx/lifecycle/Lifecycle.members...
[2026-08-24 02:51:22] [PROGRESS] resolve files> Scanning /mnt/c/Users/Sharof/AndroidStudioProjects/SecureGSI/codeql-db-kotlin/trap/java/classes/androidx/lifecycle/LifecycleObserver.members...
[2026-08-24 02:51:22] [PROGRESS] resolve files> Scanning /mnt/c/Users/Sharof/AndroidStudioProjects/SecureGSI/codeql-db-kotlin/trap/java/classes/androidx/lifecycle/LifecycleOwner.members...
[2026-08-24 02:51:22] [PROGRESS] resolve files> Scanning /mnt/c/Users/Sharof/AndroidStudioProjects/SecureGSI/codeql-db-kotlin/trap/java/classes/androidx/lifecycle/viewmodel...
[2026-08-24 02:51:22] [PROGRESS] resolve files> Scanning /mnt/c/Users/Sharof/AndroidStudioProjects/SecureGSI/codeql-db-kotlin/trap/java/classes/androidx/lifecycle/viewmodel/CreationExtras$Companion.members...
[2026-08-24 02:51:22] [PROGRESS] resolve files> Scanning /mnt/c/Users/Sharof/AndroidStudioProjects/SecureGSI/codeql-db-kotlin/trap/java/classes/androidx/lifecycle/viewmodel/CreationExtras$Empty.members...
[2026-08-24 02:51:22] [PROGRESS] resolve files> Scanning /mnt/c/Users/Sharof/AndroidStudioProjects/SecureGSI/codeql-db-kotlin/trap/java/classes/androidx/lifecycle/viewmodel/CreationExtras$Key.members...
[2026-08-24 02:51:22] [PROGRESS] resolve files> Scanning /mnt/c/Users/Sharof/AndroidStudioProjects/SecureGSI/codeql-db-kotlin/trap/java/classes/androidx/lifecycle/viewmodel/CreationExtras.members...
[2026-08-24 02:51:22] [PROGRESS] resolve files> Scanning /mnt/c/Users/Sharof/AndroidStudioProjects/SecureGSI/codeql-db-kotlin/trap/java/classes/androidx/lifecycle/viewmodel/ViewModelInitializer.members...
[2026-08-24 02:51:22] [PROGRESS] resolve files> Scanning /mnt/c/Users/Sharof/AndroidStudioProjects/SecureGSI/codeql-db-kotlin/trap/java/classes/androidx/lifecycle/ViewModel.members...
[2026-08-24 02:51:22] [PROGRESS] resolve files> Scanning /mnt/c/Users/Sharof/AndroidStudioProjects/SecureGSI/codeql-db-kotlin/trap/java/classes/androidx/lifecycle/ViewModelProvider$AndroidViewModelFactory$Companion.members...
[2026-08-24 02:51:22] [PROGRESS] resolve files> Scanning /mnt/c/Users/Sharof/AndroidStudioProjects/SecureGSI/codeql-db-kotlin/trap/java/classes/androidx/lifecycle/ViewModelProvider$AndroidViewModelFactory.members...
[2026-08-24 02:51:22] [PROGRESS] resolve files> Scanning /mnt/c/Users/Sharof/AndroidStudioProjects/SecureGSI/codeql-db-kotlin/trap/java/classes/androidx/lifecycle/ViewModelProvider$Companion.members...
[2026-08-24 02:51:22] [PROGRESS] resolve files> Scanning /mnt/c/Users/Sharof/AndroidStudioProjects/SecureGSI/codeql-db-kotlin/trap/java/classes/androidx/lifecycle/ViewModelProvider$Factory$Companion.members...
[2026-08-24 02:51:22] [PROGRESS] resolve files> Scanning /mnt/c/Users/Sharof/AndroidStudioProjects/SecureGSI/codeql-db-kotlin/trap/java/classes/androidx/lifecycle/ViewModelProvider$Factory.members...
[2026-08-24 02:51:22] [PROGRESS] resolve files> Scanning /mnt/c/Users/Sharof/AndroidStudioProjects/SecureGSI/codeql-db-kotlin/trap/java/classes/androidx/lifecycle/ViewModelProvider$NewInstanceFactory$Companion.members...
[2026-08-24 02:51:22] [PROGRESS] resolve files> Scanning /mnt/c/Users/Sharof/AndroidStudioProjects/SecureGSI/codeql-db-kotlin/trap/java/classes/androidx/lifecycle/ViewModelProvider$NewInstanceFactory.members...
[2026-08-24 02:51:22] [PROGRESS] resolve files> Scanning /mnt/c/Users/Sharof/AndroidStudioProjects/SecureGSI/codeql-db-kotlin/trap/java/classes/androidx/lifecycle/ViewModelProvider$OnRequeryFactory.members...
[2026-08-24 02:51:22] [PROGRESS] resolve files> Scanning /mnt/c/Users/Sharof/AndroidStudioProjects/SecureGSI/codeql-db-kotlin/trap/java/classes/androidx/lifecycle/ViewModelProvider.members...
[2026-08-24 02:51:22] [PROGRESS] resolve files> Scanning /mnt/c/Users/Sharof/AndroidStudioProjects/SecureGSI/codeql-db-kotlin/trap/java/classes/androidx/lifecycle/ViewModelStore.members...
[2026-08-24 02:51:22] [PROGRESS] resolve files> Scanning /mnt/c/Users/Sharof/AndroidStudioProjects/SecureGSI/codeql-db-kotlin/trap/java/classes/androidx/lifecycle/ViewModelStoreOwner.members...
[2026-08-24 02:51:22] [PROGRESS] resolve files> Scanning /mnt/c/Users/Sharof/AndroidStudioProjects/SecureGSI/codeql-db-kotlin/trap/java/classes/androidx/navigationevent...
[2026-08-24 02:51:22] [PROGRESS] resolve files> Scanning /mnt/c/Users/Sharof/AndroidStudioProjects/SecureGSI/codeql-db-kotlin/trap/java/classes/androidx/navigationevent/NavigationEvent$Companion.members...
[2026-08-24 02:51:22] [PROGRESS] resolve files> Scanning /mnt/c/Users/Sharof/AndroidStudioProjects/SecureGSI/codeql-db-kotlin/trap/java/classes/androidx/navigationevent/NavigationEvent$SwipeEdge.members...
[2026-08-24 02:51:22] [PROGRESS] resolve files> Scanning /mnt/c/Users/Sharof/AndroidStudioProjects/SecureGSI/codeql-db-kotlin/trap/java/classes/androidx/navigationevent/NavigationEvent.members...
[2026-08-24 02:51:22] [PROGRESS] resolve files> Scanning /mnt/c/Users/Sharof/AndroidStudioProjects/SecureGSI/codeql-db-kotlin/trap/java/classes/androidx/navigationevent/NavigationEventDispatcher$Companion.members...
[2026-08-24 02:51:22] [PROGRESS] resolve files> Scanning /mnt/c/Users/Sharof/AndroidStudioProjects/SecureGSI/codeql-db-kotlin/trap/java/classes/androidx/navigationevent/NavigationEventDispatcher$Priority.members...
[2026-08-24 02:51:22] [PROGRESS] resolve files> Scanning /mnt/c/Users/Sharof/AndroidStudioProjects/SecureGSI/codeql-db-kotlin/trap/java/classes/androidx/navigationevent/NavigationEventDispatcher.members...
[2026-08-24 02:51:22] [PROGRESS] resolve files> Scanning /mnt/c/Users/Sharof/AndroidStudioProjects/SecureGSI/codeql-db-kotlin/trap/java/classes/androidx/navigationevent/NavigationEventDispatcherOwner.members...
[2026-08-24 02:51:22] [PROGRESS] resolve files> Scanning /mnt/c/Users/Sharof/AndroidStudioProjects/SecureGSI/codeql-db-kotlin/trap/java/classes/androidx/navigationevent/NavigationEventHandler.members...
[2026-08-24 02:51:22] [PROGRESS] resolve files> Scanning /mnt/c/Users/Sharof/AndroidStudioProjects/SecureGSI/codeql-db-kotlin/trap/java/classes/androidx/navigationevent/NavigationEventHistory.members...
[2026-08-24 02:51:22] [PROGRESS] resolve files> Scanning /mnt/c/Users/Sharof/AndroidStudioProjects/SecureGSI/codeql-db-kotlin/trap/java/classes/androidx/navigationevent/NavigationEventInfo$None.members...
[2026-08-24 02:51:22] [PROGRESS] resolve files> Scanning /mnt/c/Users/Sharof/AndroidStudioProjects/SecureGSI/codeql-db-kotlin/trap/java/classes/androidx/navigationevent/NavigationEventInfo.members...
[2026-08-24 02:51:22] [PROGRESS] resolve files> Scanning /mnt/c/Users/Sharof/AndroidStudioProjects/SecureGSI/codeql-db-kotlin/trap/java/classes/androidx/navigationevent/NavigationEventInput.members...
[2026-08-24 02:51:22] [PROGRESS] resolve files> Scanning /mnt/c/Users/Sharof/AndroidStudioProjects/SecureGSI/codeql-db-kotlin/trap/java/classes/androidx/navigationevent/NavigationEventProcessor.members...
[2026-08-24 02:51:22] [PROGRESS] resolve files> Scanning /mnt/c/Users/Sharof/AndroidStudioProjects/SecureGSI/codeql-db-kotlin/trap/java/classes/androidx/navigationevent/NavigationEventTransitionState$Companion.members...
[2026-08-24 02:51:22] [PROGRESS] resolve files> Scanning /mnt/c/Users/Sharof/AndroidStudioProjects/SecureGSI/codeql-db-kotlin/trap/java/classes/androidx/navigationevent/NavigationEventTransitionState$Direction.members...
[2026-08-24 02:51:22] [PROGRESS] resolve files> Scanning /mnt/c/Users/Sharof/AndroidStudioProjects/SecureGSI/codeql-db-kotlin/trap/java/classes/androidx/navigationevent/NavigationEventTransitionState$Idle.members...
[2026-08-24 02:51:22] [PROGRESS] resolve files> Scanning /mnt/c/Users/Sharof/AndroidStudioProjects/SecureGSI/codeql-db-kotlin/trap/java/classes/androidx/navigationevent/NavigationEventTransitionState$InProgress.members...
[2026-08-24 02:51:22] [PROGRESS] resolve files> Scanning /mnt/c/Users/Sharof/AndroidStudioProjects/SecureGSI/codeql-db-kotlin/trap/java/classes/androidx/navigationevent/NavigationEventTransitionState.members...
[2026-08-24 02:51:22] [PROGRESS] resolve files> Scanning /mnt/c/Users/Sharof/AndroidStudioProjects/SecureGSI/codeql-db-kotlin/trap/java/classes/androidx/navigationevent/OnBackCompletedFallback.members...
[2026-08-24 02:51:22] [PROGRESS] resolve files> Scanning /mnt/c/Users/Sharof/AndroidStudioProjects/SecureGSI/codeql-db-kotlin/trap/java/classes/androidx/savedstate...
[2026-08-24 02:51:22] [PROGRESS] resolve files> Scanning /mnt/c/Users/Sharof/AndroidStudioProjects/SecureGSI/codeql-db-kotlin/trap/java/classes/androidx/savedstate/internal...
[2026-08-24 02:51:22] [PROGRESS] resolve files> Scanning /mnt/c/Users/Sharof/AndroidStudioProjects/SecureGSI/codeql-db-kotlin/trap/java/classes/androidx/savedstate/internal/SavedStateRegistryImpl.members...
[2026-08-24 02:51:22] [PROGRESS] resolve files> Scanning /mnt/c/Users/Sharof/AndroidStudioProjects/SecureGSI/codeql-db-kotlin/trap/java/classes/androidx/savedstate/SavedStateRegistry$AutoRecreated.members...
[2026-08-24 02:51:22] [PROGRESS] resolve files> Scanning /mnt/c/Users/Sharof/AndroidStudioProjects/SecureGSI/codeql-db-kotlin/trap/java/classes/androidx/savedstate/SavedStateRegistry$SavedStateProvider.members...
[2026-08-24 02:51:22] [PROGRESS] resolve files> Scanning /mnt/c/Users/Sharof/AndroidStudioProjects/SecureGSI/codeql-db-kotlin/trap/java/classes/androidx/savedstate/SavedStateRegistry.members...
[2026-08-24 02:51:22] [PROGRESS] resolve files> Scanning /mnt/c/Users/Sharof/AndroidStudioProjects/SecureGSI/codeql-db-kotlin/trap/java/classes/androidx/savedstate/SavedStateRegistryOwner.members...
[2026-08-24 02:51:22] [PROGRESS] resolve files> Scanning /mnt/c/Users/Sharof/AndroidStudioProjects/SecureGSI/codeql-db-kotlin/trap/java/classes/com...
[2026-08-24 02:51:22] [PROGRESS] resolve files> Scanning /mnt/c/Users/Sharof/AndroidStudioProjects/SecureGSI/codeql-db-kotlin/trap/java/classes/com/securegsi...
[2026-08-24 02:51:22] [PROGRESS] resolve files> Scanning /mnt/c/Users/Sharof/AndroidStudioProjects/SecureGSI/codeql-db-kotlin/trap/java/classes/com/securegsi/AegisIsolatedClient.members...
[2026-08-24 02:51:22] [PROGRESS] resolve files> Scanning /mnt/c/Users/Sharof/AndroidStudioProjects/SecureGSI/codeql-db-kotlin/trap/java/classes/com/securegsi/AegisIsolatedClientKt.members...
[2026-08-24 02:51:22] [PROGRESS] resolve files> Scanning /mnt/c/Users/Sharof/AndroidStudioProjects/SecureGSI/codeql-db-kotlin/trap/java/classes/com/securegsi/AegisIsolatedService$Companion.members...
[2026-08-24 02:51:22] [PROGRESS] resolve files> Scanning /mnt/c/Users/Sharof/AndroidStudioProjects/SecureGSI/codeql-db-kotlin/trap/java/classes/com/securegsi/AegisIsolatedService.members...
[2026-08-24 02:51:22] [PROGRESS] resolve files> Scanning /mnt/c/Users/Sharof/AndroidStudioProjects/SecureGSI/codeql-db-kotlin/trap/java/classes/com/securegsi/AegisIsolatedServiceKt.members...
[2026-08-24 02:51:22] [PROGRESS] resolve files> Scanning /mnt/c/Users/Sharof/AndroidStudioProjects/SecureGSI/codeql-db-kotlin/trap/java/classes/com/securegsi/ComposableSingletons$MainActivityKt.members...
[2026-08-24 02:51:22] [PROGRESS] resolve files> Scanning /mnt/c/Users/Sharof/AndroidStudioProjects/SecureGSI/codeql-db-kotlin/trap/java/classes/com/securegsi/ImageInfo.members...
[2026-08-24 02:51:22] [PROGRESS] resolve files> Scanning /mnt/c/Users/Sharof/AndroidStudioProjects/SecureGSI/codeql-db-kotlin/trap/java/classes/com/securegsi/ImageManager.members...
[2026-08-24 02:51:22] [PROGRESS] resolve files> Scanning /mnt/c/Users/Sharof/AndroidStudioProjects/SecureGSI/codeql-db-kotlin/trap/java/classes/com/securegsi/ImageManagerKt.members...
[2026-08-24 02:51:22] [PROGRESS] resolve files> Scanning /mnt/c/Users/Sharof/AndroidStudioProjects/SecureGSI/codeql-db-kotlin/trap/java/classes/com/securegsi/MainActivity.members...
[2026-08-24 02:51:22] [PROGRESS] resolve files> Scanning /mnt/c/Users/Sharof/AndroidStudioProjects/SecureGSI/codeql-db-kotlin/trap/java/classes/com/securegsi/MainActivityKt$DashboardScreen(androidx.compose.ui.Modifier,androidx.compose.runtime.Composer,int,int).members...
[2026-08-24 02:51:22] [PROGRESS] resolve files> Scanning /mnt/c/Users/Sharof/AndroidStudioProjects/SecureGSI/codeql-db-kotlin/trap/java/classes/com/securegsi/MainActivityKt$EmptyVMCard(androidx.compose.runtime.Composer,int).members...
[2026-08-24 02:51:23] [PROGRESS] resolve files> Scanning /mnt/c/Users/Sharof/AndroidStudioProjects/SecureGSI/codeql-db-kotlin/trap/java/classes/com/securegsi/MainActivityKt$formatFileSize(long).members...
[2026-08-24 02:51:23] [PROGRESS] resolve files> Scanning /mnt/c/Users/Sharof/AndroidStudioProjects/SecureGSI/codeql-db-kotlin/trap/java/classes/com/securegsi/MainActivityKt$ImagesScreen(androidx.compose.ui.Modifier,androidx.compose.runtime.Composer,int,int).members...
[2026-08-24 02:51:23] [PROGRESS] resolve files> Scanning /mnt/c/Users/Sharof/AndroidStudioProjects/SecureGSI/codeql-db-kotlin/trap/java/classes/com/securegsi/MainActivityKt$SecureGSIApp(androidx.compose.runtime.Composer,int).members...
[2026-08-24 02:51:23] [PROGRESS] resolve files> Scanning /mnt/c/Users/Sharof/AndroidStudioProjects/SecureGSI/codeql-db-kotlin/trap/java/classes/com/securegsi/MainActivityKt$SecureGSITheme(kotlin.jvm.functions.Function2,androidx.compose.runtime.Composer,int).members...
[2026-08-24 02:51:23] [PROGRESS] resolve files> Scanning /mnt/c/Users/Sharof/AndroidStudioProjects/SecureGSI/codeql-db-kotlin/trap/java/classes/com/securegsi/MainActivityKt$SecurityOption(java.lang.String,java.lang.String,androidx.compose.runtime.Composer,int).members...
[2026-08-24 02:51:23] [PROGRESS] resolve files> Scanning /mnt/c/Users/Sharof/AndroidStudioProjects/SecureGSI/codeql-db-kotlin/trap/java/classes/com/securegsi/MainActivityKt$SecurityScreen(androidx.compose.ui.Modifier,androidx.compose.runtime.Composer,int,int).members...
[2026-08-24 02:51:23] [PROGRESS] resolve files> Scanning /mnt/c/Users/Sharof/AndroidStudioProjects/SecureGSI/codeql-db-kotlin/trap/java/classes/com/securegsi/MainActivityKt$SecuritySummaryCard(androidx.compose.runtime.Composer,int).members...
[2026-08-24 02:51:23] [PROGRESS] resolve files> Scanning /mnt/c/Users/Sharof/AndroidStudioProjects/SecureGSI/codeql-db-kotlin/trap/java/classes/com/securegsi/MainActivityKt$StatusRow(java.lang.String,java.lang.String,androidx.compose.runtime.Composer,int).members...
[2026-08-24 02:51:23] [PROGRESS] resolve files> Scanning /mnt/c/Users/Sharof/AndroidStudioProjects/SecureGSI/codeql-db-kotlin/trap/java/classes/com/securegsi/MainActivityKt$SystemStatusCard(androidx.compose.runtime.Composer,int).members...
[2026-08-24 02:51:23] [PROGRESS] resolve files> Scanning /mnt/c/Users/Sharof/AndroidStudioProjects/SecureGSI/codeql-db-kotlin/trap/java/classes/com/securegsi/MainActivityKt.members...
[2026-08-24 02:51:23] [PROGRESS] resolve files> Scanning /mnt/c/Users/Sharof/AndroidStudioProjects/SecureGSI/codeql-db-kotlin/trap/java/classes/com/securegsi/RustBridge.members...
[2026-08-24 02:51:23] [PROGRESS] resolve files> Scanning /mnt/c/Users/Sharof/AndroidStudioProjects/SecureGSI/codeql-db-kotlin/trap/java/classes/com/securegsi/RustBridgeKt.members...
[2026-08-24 02:51:23] [PROGRESS] resolve files> Scanning /mnt/c/Users/Sharof/AndroidStudioProjects/SecureGSI/codeql-db-kotlin/trap/java/classes/com/securegsi/SystemStatus.members...
[2026-08-24 02:51:23] [PROGRESS] resolve files> Scanning /mnt/c/Users/Sharof/AndroidStudioProjects/SecureGSI/codeql-db-kotlin/trap/java/classes/com/securegsi/SystemStatusKt.members...
[2026-08-24 02:51:23] [PROGRESS] resolve files> Scanning /mnt/c/Users/Sharof/AndroidStudioProjects/SecureGSI/codeql-db-kotlin/trap/java/classes/com/securegsi/SystemStatusReader.members...
[2026-08-24 02:51:23] [PROGRESS] resolve files> Scanning /mnt/c/Users/Sharof/AndroidStudioProjects/SecureGSI/codeql-db-kotlin/trap/java/classes/com/securegsi/ui...
[2026-08-24 02:51:23] [PROGRESS] resolve files> Scanning /mnt/c/Users/Sharof/AndroidStudioProjects/SecureGSI/codeql-db-kotlin/trap/java/classes/com/securegsi/ui/theme...
[2026-08-24 02:51:23] [PROGRESS] resolve files> Scanning /mnt/c/Users/Sharof/AndroidStudioProjects/SecureGSI/codeql-db-kotlin/trap/java/classes/com/securegsi/ui/theme/ColorKt$Pink40;property.members...
[2026-08-24 02:51:23] [PROGRESS] resolve files> Scanning /mnt/c/Users/Sharof/AndroidStudioProjects/SecureGSI/codeql-db-kotlin/trap/java/classes/com/securegsi/ui/theme/ColorKt$Pink80;property.members...
[2026-08-24 02:51:23] [PROGRESS] resolve files> Scanning /mnt/c/Users/Sharof/AndroidStudioProjects/SecureGSI/codeql-db-kotlin/trap/java/classes/com/securegsi/ui/theme/ColorKt$Purple40;property.members...
[2026-08-24 02:51:23] [PROGRESS] resolve files> Scanning /mnt/c/Users/Sharof/AndroidStudioProjects/SecureGSI/codeql-db-kotlin/trap/java/classes/com/securegsi/ui/theme/ColorKt$Purple80;property.members...
[2026-08-24 02:51:23] [PROGRESS] resolve files> Scanning /mnt/c/Users/Sharof/AndroidStudioProjects/SecureGSI/codeql-db-kotlin/trap/java/classes/com/securegsi/ui/theme/ColorKt$PurpleGrey40;property.members...
[2026-08-24 02:51:23] [PROGRESS] resolve files> Scanning /mnt/c/Users/Sharof/AndroidStudioProjects/SecureGSI/codeql-db-kotlin/trap/java/classes/com/securegsi/ui/theme/ColorKt$PurpleGrey80;property.members...
[2026-08-24 02:51:23] [PROGRESS] resolve files> Scanning /mnt/c/Users/Sharof/AndroidStudioProjects/SecureGSI/codeql-db-kotlin/trap/java/classes/com/securegsi/ui/theme/ColorKt.members...
[2026-08-24 02:51:23] [PROGRESS] resolve files> Scanning /mnt/c/Users/Sharof/AndroidStudioProjects/SecureGSI/codeql-db-kotlin/trap/java/classes/com/securegsi/ui/theme/ThemeKt$DarkColorScheme;property.members...
[2026-08-24 02:51:23] [PROGRESS] resolve files> Scanning /mnt/c/Users/Sharof/AndroidStudioProjects/SecureGSI/codeql-db-kotlin/trap/java/classes/com/securegsi/ui/theme/ThemeKt$LightColorScheme;property.members...
[2026-08-24 02:51:23] [PROGRESS] resolve files> Scanning /mnt/c/Users/Sharof/AndroidStudioProjects/SecureGSI/codeql-db-kotlin/trap/java/classes/com/securegsi/ui/theme/ThemeKt$SecureGSITheme(boolean,boolean,kotlin.jvm.functions.Function2,androidx.compose.runtime.Composer,int,int).members...
[2026-08-24 02:51:23] [PROGRESS] resolve files> Scanning /mnt/c/Users/Sharof/AndroidStudioProjects/SecureGSI/codeql-db-kotlin/trap/java/classes/com/securegsi/ui/theme/ThemeKt.members...
[2026-08-24 02:51:23] [PROGRESS] resolve files> Scanning /mnt/c/Users/Sharof/AndroidStudioProjects/SecureGSI/codeql-db-kotlin/trap/java/classes/com/securegsi/ui/theme/TypeKt$Typography;property.members...
[2026-08-24 02:51:23] [PROGRESS] resolve files> Scanning /mnt/c/Users/Sharof/AndroidStudioProjects/SecureGSI/codeql-db-kotlin/trap/java/classes/com/securegsi/ui/theme/TypeKt.members...
[2026-08-24 02:51:23] [PROGRESS] resolve files> Scanning /mnt/c/Users/Sharof/AndroidStudioProjects/SecureGSI/codeql-db-kotlin/trap/java/classes/java...
[2026-08-24 02:51:23] [PROGRESS] resolve files> Scanning /mnt/c/Users/Sharof/AndroidStudioProjects/SecureGSI/codeql-db-kotlin/trap/java/classes/java/io...
[2026-08-24 02:51:23] [PROGRESS] resolve files> Scanning /mnt/c/Users/Sharof/AndroidStudioProjects/SecureGSI/codeql-db-kotlin/trap/java/classes/java/io/Closeable.members...
[2026-08-24 02:51:23] [PROGRESS] resolve files> Scanning /mnt/c/Users/Sharof/AndroidStudioProjects/SecureGSI/codeql-db-kotlin/trap/java/classes/java/io/Console.members...
[2026-08-24 02:51:23] [PROGRESS] resolve files> Scanning /mnt/c/Users/Sharof/AndroidStudioProjects/SecureGSI/codeql-db-kotlin/trap/java/classes/java/io/File.members...
[2026-08-24 02:51:23] [PROGRESS] resolve files> Scanning /mnt/c/Users/Sharof/AndroidStudioProjects/SecureGSI/codeql-db-kotlin/trap/java/classes/java/io/FileDescriptor.members...
[2026-08-24 02:51:23] [PROGRESS] resolve files> Scanning /mnt/c/Users/Sharof/AndroidStudioProjects/SecureGSI/codeql-db-kotlin/trap/java/classes/java/io/FileFilter.members...
[2026-08-24 02:51:23] [PROGRESS] resolve files> Scanning /mnt/c/Users/Sharof/AndroidStudioProjects/SecureGSI/codeql-db-kotlin/trap/java/classes/java/io/FileInputStream.members...
[2026-08-24 02:51:23] [PROGRESS] resolve files> Scanning /mnt/c/Users/Sharof/AndroidStudioProjects/SecureGSI/codeql-db-kotlin/trap/java/classes/java/io/FilenameFilter.members...
[2026-08-24 02:51:23] [PROGRESS] resolve files> Scanning /mnt/c/Users/Sharof/AndroidStudioProjects/SecureGSI/codeql-db-kotlin/trap/java/classes/java/io/FileOutputStream.members...
[2026-08-24 02:51:23] [PROGRESS] resolve files> Scanning /mnt/c/Users/Sharof/AndroidStudioProjects/SecureGSI/codeql-db-kotlin/trap/java/classes/java/io/FilterOutputStream.members...
[2026-08-24 02:51:23] [PROGRESS] resolve files> Scanning /mnt/c/Users/Sharof/AndroidStudioProjects/SecureGSI/codeql-db-kotlin/trap/java/classes/java/io/Flushable.members...
[2026-08-24 02:51:23] [PROGRESS] resolve files> Scanning /mnt/c/Users/Sharof/AndroidStudioProjects/SecureGSI/codeql-db-kotlin/trap/java/classes/java/io/InputStream.members...
[2026-08-24 02:51:23] [PROGRESS] resolve files> Scanning /mnt/c/Users/Sharof/AndroidStudioProjects/SecureGSI/codeql-db-kotlin/trap/java/classes/java/io/IOException.members...
[2026-08-24 02:51:23] [PROGRESS] resolve files> Scanning /mnt/c/Users/Sharof/AndroidStudioProjects/SecureGSI/codeql-db-kotlin/trap/java/classes/java/io/OutputStream.members...
[2026-08-24 02:51:23] [PROGRESS] resolve files> Scanning /mnt/c/Users/Sharof/AndroidStudioProjects/SecureGSI/codeql-db-kotlin/trap/java/classes/java/io/PrintStream.members...
[2026-08-24 02:51:23] [PROGRESS] resolve files> Scanning /mnt/c/Users/Sharof/AndroidStudioProjects/SecureGSI/codeql-db-kotlin/trap/java/classes/java/io/PrintWriter.members...
[2026-08-24 02:51:23] [PROGRESS] resolve files> Scanning /mnt/c/Users/Sharof/AndroidStudioProjects/SecureGSI/codeql-db-kotlin/trap/java/classes/java/io/Reader.members...
[2026-08-24 02:51:23] [PROGRESS] resolve files> Scanning /mnt/c/Users/Sharof/AndroidStudioProjects/SecureGSI/codeql-db-kotlin/trap/java/classes/java/io/Serializable.members...
[2026-08-24 02:51:23] [PROGRESS] resolve files> Scanning /mnt/c/Users/Sharof/AndroidStudioProjects/SecureGSI/codeql-db-kotlin/trap/java/classes/java/io/Writer.members...
[2026-08-24 02:51:23] [PROGRESS] resolve files> Scanning /mnt/c/Users/Sharof/AndroidStudioProjects/SecureGSI/codeql-db-kotlin/trap/java/classes/java/lang...
[2026-08-24 02:51:23] [PROGRESS] resolve files> Scanning /mnt/c/Users/Sharof/AndroidStudioProjects/SecureGSI/codeql-db-kotlin/trap/java/classes/java/lang/annotation...
[2026-08-24 02:51:23] [PROGRESS] resolve files> Scanning /mnt/c/Users/Sharof/AndroidStudioProjects/SecureGSI/codeql-db-kotlin/trap/java/classes/java/lang/annotation/Annotation.members...
[2026-08-24 02:51:23] [PROGRESS] resolve files> Scanning /mnt/c/Users/Sharof/AndroidStudioProjects/SecureGSI/codeql-db-kotlin/trap/java/classes/java/lang/annotation/Documented.members...
[2026-08-24 02:51:23] [PROGRESS] resolve files> Scanning /mnt/c/Users/Sharof/AndroidStudioProjects/SecureGSI/codeql-db-kotlin/trap/java/classes/java/lang/annotation/ElementType.members...
[2026-08-24 02:51:23] [PROGRESS] resolve files> Scanning /mnt/c/Users/Sharof/AndroidStudioProjects/SecureGSI/codeql-db-kotlin/trap/java/classes/java/lang/annotation/Repeatable.members...
[2026-08-24 02:51:23] [PROGRESS] resolve files> Scanning /mnt/c/Users/Sharof/AndroidStudioProjects/SecureGSI/codeql-db-kotlin/trap/java/classes/java/lang/annotation/Retention.members...
[2026-08-24 02:51:23] [PROGRESS] resolve files> Scanning /mnt/c/Users/Sharof/AndroidStudioProjects/SecureGSI/codeql-db-kotlin/trap/java/classes/java/lang/annotation/RetentionPolicy.members...
[2026-08-24 02:51:23] [PROGRESS] resolve files> Scanning /mnt/c/Users/Sharof/AndroidStudioProjects/SecureGSI/codeql-db-kotlin/trap/java/classes/java/lang/annotation/Target.members...
[2026-08-24 02:51:23] [PROGRESS] resolve files> Scanning /mnt/c/Users/Sharof/AndroidStudioProjects/SecureGSI/codeql-db-kotlin/trap/java/classes/java/lang/Appendable.members...
[2026-08-24 02:51:23] [PROGRESS] resolve files> Scanning /mnt/c/Users/Sharof/AndroidStudioProjects/SecureGSI/codeql-db-kotlin/trap/java/classes/java/lang/AutoCloseable.members...
[2026-08-24 02:51:23] [PROGRESS] resolve files> Scanning /mnt/c/Users/Sharof/AndroidStudioProjects/SecureGSI/codeql-db-kotlin/trap/java/classes/java/lang/Boolean.members...
[2026-08-24 02:51:23] [PROGRESS] resolve files> Scanning /mnt/c/Users/Sharof/AndroidStudioProjects/SecureGSI/codeql-db-kotlin/trap/java/classes/java/lang/Byte.members...
[2026-08-24 02:51:23] [PROGRESS] resolve files> Scanning /mnt/c/Users/Sharof/AndroidStudioProjects/SecureGSI/codeql-db-kotlin/trap/java/classes/java/lang/Character$Subset.members...
[2026-08-24 02:51:23] [PROGRESS] resolve files> Scanning /mnt/c/Users/Sharof/AndroidStudioProjects/SecureGSI/codeql-db-kotlin/trap/java/classes/java/lang/Character$UnicodeBlock.members...
[2026-08-24 02:51:23] [PROGRESS] resolve files> Scanning /mnt/c/Users/Sharof/AndroidStudioProjects/SecureGSI/codeql-db-kotlin/trap/java/classes/java/lang/Character$UnicodeScript.members...
[2026-08-24 02:51:23] [PROGRESS] resolve files> Scanning /mnt/c/Users/Sharof/AndroidStudioProjects/SecureGSI/codeql-db-kotlin/trap/java/classes/java/lang/Character.members...
[2026-08-24 02:51:23] [PROGRESS] resolve files> Scanning /mnt/c/Users/Sharof/AndroidStudioProjects/SecureGSI/codeql-db-kotlin/trap/java/classes/java/lang/CharSequence.members...
[2026-08-24 02:51:23] [PROGRESS] resolve files> Scanning /mnt/c/Users/Sharof/AndroidStudioProjects/SecureGSI/codeql-db-kotlin/trap/java/classes/java/lang/Class.members...
[2026-08-24 02:51:23] [PROGRESS] resolve files> Scanning /mnt/c/Users/Sharof/AndroidStudioProjects/SecureGSI/codeql-db-kotlin/trap/java/classes/java/lang/ClassLoader.members...
[2026-08-24 02:51:23] [PROGRESS] resolve files> Scanning /mnt/c/Users/Sharof/AndroidStudioProjects/SecureGSI/codeql-db-kotlin/trap/java/classes/java/lang/Cloneable.members...
[2026-08-24 02:51:23] [PROGRESS] resolve files> Scanning /mnt/c/Users/Sharof/AndroidStudioProjects/SecureGSI/codeql-db-kotlin/trap/java/classes/java/lang/Comparable.members...
[2026-08-24 02:51:23] [PROGRESS] resolve files> Scanning /mnt/c/Users/Sharof/AndroidStudioProjects/SecureGSI/codeql-db-kotlin/trap/java/classes/java/lang/Deprecated.members...
[2026-08-24 02:51:23] [PROGRESS] resolve files> Scanning /mnt/c/Users/Sharof/AndroidStudioProjects/SecureGSI/codeql-db-kotlin/trap/java/classes/java/lang/Double.members...
[2026-08-24 02:51:23] [PROGRESS] resolve files> Scanning /mnt/c/Users/Sharof/AndroidStudioProjects/SecureGSI/codeql-db-kotlin/trap/java/classes/java/lang/Enum.members...
[2026-08-24 02:51:23] [PROGRESS] resolve files> Scanning /mnt/c/Users/Sharof/AndroidStudioProjects/SecureGSI/codeql-db-kotlin/trap/java/classes/java/lang/Exception.members...
[2026-08-24 02:51:23] [PROGRESS] resolve files> Scanning /mnt/c/Users/Sharof/AndroidStudioProjects/SecureGSI/codeql-db-kotlin/trap/java/classes/java/lang/Float.members...
[2026-08-24 02:51:23] [PROGRESS] resolve files> Scanning /mnt/c/Users/Sharof/AndroidStudioProjects/SecureGSI/codeql-db-kotlin/trap/java/classes/java/lang/FunctionalInterface.members...
[2026-08-24 02:51:23] [PROGRESS] resolve files> Scanning /mnt/c/Users/Sharof/AndroidStudioProjects/SecureGSI/codeql-db-kotlin/trap/java/classes/java/lang/IllegalStateException.members...
[2026-08-24 02:51:23] [PROGRESS] resolve files> Scanning /mnt/c/Users/Sharof/AndroidStudioProjects/SecureGSI/codeql-db-kotlin/trap/java/classes/java/lang/Integer.members...
[2026-08-24 02:51:23] [PROGRESS] resolve files> Scanning /mnt/c/Users/Sharof/AndroidStudioProjects/SecureGSI/codeql-db-kotlin/trap/java/classes/java/lang/invoke...
[2026-08-24 02:51:23] [PROGRESS] resolve files> Scanning /mnt/c/Users/Sharof/AndroidStudioProjects/SecureGSI/codeql-db-kotlin/trap/java/classes/java/lang/invoke/TypeDescriptor$OfField.members...
[2026-08-24 02:51:23] [PROGRESS] resolve files> Scanning /mnt/c/Users/Sharof/AndroidStudioProjects/SecureGSI/codeql-db-kotlin/trap/java/classes/java/lang/invoke/TypeDescriptor$OfMethod.members...
[2026-08-24 02:51:23] [PROGRESS] resolve files> Scanning /mnt/c/Users/Sharof/AndroidStudioProjects/SecureGSI/codeql-db-kotlin/trap/java/classes/java/lang/invoke/TypeDescriptor.members...
[2026-08-24 02:51:23] [PROGRESS] resolve files> Scanning /mnt/c/Users/Sharof/AndroidStudioProjects/SecureGSI/codeql-db-kotlin/trap/java/classes/java/lang/Iterable.members...
[2026-08-24 02:51:23] [PROGRESS] resolve files> Scanning /mnt/c/Users/Sharof/AndroidStudioProjects/SecureGSI/codeql-db-kotlin/trap/java/classes/java/lang/Long.members...
[2026-08-24 02:51:23] [PROGRESS] resolve files> Scanning /mnt/c/Users/Sharof/AndroidStudioProjects/SecureGSI/codeql-db-kotlin/trap/java/classes/java/lang/Number.members...
[2026-08-24 02:51:23] [PROGRESS] resolve files> Scanning /mnt/c/Users/Sharof/AndroidStudioProjects/SecureGSI/codeql-db-kotlin/trap/java/classes/java/lang/Object.members...
[2026-08-24 02:51:23] [PROGRESS] resolve files> Scanning /mnt/c/Users/Sharof/AndroidStudioProjects/SecureGSI/codeql-db-kotlin/trap/java/classes/java/lang/Package.members...
[2026-08-24 02:51:23] [PROGRESS] resolve files> Scanning /mnt/c/Users/Sharof/AndroidStudioProjects/SecureGSI/codeql-db-kotlin/trap/java/classes/java/lang/Readable.members...
[2026-08-24 02:51:23] [PROGRESS] resolve files> Scanning /mnt/c/Users/Sharof/AndroidStudioProjects/SecureGSI/codeql-db-kotlin/trap/java/classes/java/lang/reflect...
[2026-08-24 02:51:23] [PROGRESS] resolve files> Scanning /mnt/c/Users/Sharof/AndroidStudioProjects/SecureGSI/codeql-db-kotlin/trap/java/classes/java/lang/reflect/AccessibleObject.members...
[2026-08-24 02:51:23] [PROGRESS] resolve files> Scanning /mnt/c/Users/Sharof/AndroidStudioProjects/SecureGSI/codeql-db-kotlin/trap/java/classes/java/lang/reflect/AnnotatedElement.members...
[2026-08-24 02:51:23] [PROGRESS] resolve files> Scanning /mnt/c/Users/Sharof/AndroidStudioProjects/SecureGSI/codeql-db-kotlin/trap/java/classes/java/lang/reflect/Constructor.members...
[2026-08-24 02:51:23] [PROGRESS] resolve files> Scanning /mnt/c/Users/Sharof/AndroidStudioProjects/SecureGSI/codeql-db-kotlin/trap/java/classes/java/lang/reflect/Executable.members...
[2026-08-24 02:51:23] [PROGRESS] resolve files> Scanning /mnt/c/Users/Sharof/AndroidStudioProjects/SecureGSI/codeql-db-kotlin/trap/java/classes/java/lang/reflect/Field.members...
[2026-08-24 02:51:23] [PROGRESS] resolve files> Scanning /mnt/c/Users/Sharof/AndroidStudioProjects/SecureGSI/codeql-db-kotlin/trap/java/classes/java/lang/reflect/GenericDeclaration.members...
[2026-08-24 02:51:23] [PROGRESS] resolve files> Scanning /mnt/c/Users/Sharof/AndroidStudioProjects/SecureGSI/codeql-db-kotlin/trap/java/classes/java/lang/reflect/Member.members...
[2026-08-24 02:51:23] [PROGRESS] resolve files> Scanning /mnt/c/Users/Sharof/AndroidStudioProjects/SecureGSI/codeql-db-kotlin/trap/java/classes/java/lang/reflect/Method.members...
[2026-08-24 02:51:23] [PROGRESS] resolve files> Scanning /mnt/c/Users/Sharof/AndroidStudioProjects/SecureGSI/codeql-db-kotlin/trap/java/classes/java/lang/reflect/Parameter.members...
[2026-08-24 02:51:23] [PROGRESS] resolve files> Scanning /mnt/c/Users/Sharof/AndroidStudioProjects/SecureGSI/codeql-db-kotlin/trap/java/classes/java/lang/reflect/RecordComponent.members...
[2026-08-24 02:51:23] [PROGRESS] resolve files> Scanning /mnt/c/Users/Sharof/AndroidStudioProjects/SecureGSI/codeql-db-kotlin/trap/java/classes/java/lang/reflect/Type.members...
[2026-08-24 02:51:23] [PROGRESS] resolve files> Scanning /mnt/c/Users/Sharof/AndroidStudioProjects/SecureGSI/codeql-db-kotlin/trap/java/classes/java/lang/reflect/TypeVariable.members...
[2026-08-24 02:51:23] [PROGRESS] resolve files> Scanning /mnt/c/Users/Sharof/AndroidStudioProjects/SecureGSI/codeql-db-kotlin/trap/java/classes/java/lang/Runnable.members...
[2026-08-24 02:51:23] [PROGRESS] resolve files> Scanning /mnt/c/Users/Sharof/AndroidStudioProjects/SecureGSI/codeql-db-kotlin/trap/java/classes/java/lang/RuntimeException.members...
[2026-08-24 02:51:23] [PROGRESS] resolve files> Scanning /mnt/c/Users/Sharof/AndroidStudioProjects/SecureGSI/codeql-db-kotlin/trap/java/classes/java/lang/SafeVarargs.members...
[2026-08-24 02:51:23] [PROGRESS] resolve files> Scanning /mnt/c/Users/Sharof/AndroidStudioProjects/SecureGSI/codeql-db-kotlin/trap/java/classes/java/lang/SecurityException.members...
[2026-08-24 02:51:23] [PROGRESS] resolve files> Scanning /mnt/c/Users/Sharof/AndroidStudioProjects/SecureGSI/codeql-db-kotlin/trap/java/classes/java/lang/SecurityManager.members...
[2026-08-24 02:51:23] [PROGRESS] resolve files> Scanning /mnt/c/Users/Sharof/AndroidStudioProjects/SecureGSI/codeql-db-kotlin/trap/java/classes/java/lang/Short.members...
[2026-08-24 02:51:23] [PROGRESS] resolve files> Scanning /mnt/c/Users/Sharof/AndroidStudioProjects/SecureGSI/codeql-db-kotlin/trap/java/classes/java/lang/StackTraceElement.members...
[2026-08-24 02:51:23] [PROGRESS] resolve files> Scanning /mnt/c/Users/Sharof/AndroidStudioProjects/SecureGSI/codeql-db-kotlin/trap/java/classes/java/lang/String.members...
[2026-08-24 02:51:23] [PROGRESS] resolve files> Scanning /mnt/c/Users/Sharof/AndroidStudioProjects/SecureGSI/codeql-db-kotlin/trap/java/classes/java/lang/StringBuffer.members...
[2026-08-24 02:51:23] [PROGRESS] resolve files> Scanning /mnt/c/Users/Sharof/AndroidStudioProjects/SecureGSI/codeql-db-kotlin/trap/java/classes/java/lang/StringBuilder.members...
[2026-08-24 02:51:23] [PROGRESS] resolve files> Scanning /mnt/c/Users/Sharof/AndroidStudioProjects/SecureGSI/codeql-db-kotlin/trap/java/classes/java/lang/System.members...
[2026-08-24 02:51:23] [PROGRESS] resolve files> Scanning /mnt/c/Users/Sharof/AndroidStudioProjects/SecureGSI/codeql-db-kotlin/trap/java/classes/java/lang/Thread$State.members...
[2026-08-24 02:51:23] [PROGRESS] resolve files> Scanning /mnt/c/Users/Sharof/AndroidStudioProjects/SecureGSI/codeql-db-kotlin/trap/java/classes/java/lang/Thread$UncaughtExceptionHandler.members...
[2026-08-24 02:51:23] [PROGRESS] resolve files> Scanning /mnt/c/Users/Sharof/AndroidStudioProjects/SecureGSI/codeql-db-kotlin/trap/java/classes/java/lang/Thread.members...
[2026-08-24 02:51:23] [PROGRESS] resolve files> Scanning /mnt/c/Users/Sharof/AndroidStudioProjects/SecureGSI/codeql-db-kotlin/trap/java/classes/java/lang/ThreadGroup.members...
[2026-08-24 02:51:23] [PROGRESS] resolve files> Scanning /mnt/c/Users/Sharof/AndroidStudioProjects/SecureGSI/codeql-db-kotlin/trap/java/classes/java/lang/Throwable.members...
[2026-08-24 02:51:23] [PROGRESS] resolve files> Scanning /mnt/c/Users/Sharof/AndroidStudioProjects/SecureGSI/codeql-db-kotlin/trap/java/classes/java/lang/Void.members...
[2026-08-24 02:51:23] [PROGRESS] resolve files> Scanning /mnt/c/Users/Sharof/AndroidStudioProjects/SecureGSI/codeql-db-kotlin/trap/java/classes/java/net...
[2026-08-24 02:51:23] [PROGRESS] resolve files> Scanning /mnt/c/Users/Sharof/AndroidStudioProjects/SecureGSI/codeql-db-kotlin/trap/java/classes/java/net/ContentHandler.members...
[2026-08-24 02:51:23] [PROGRESS] resolve files> Scanning /mnt/c/Users/Sharof/AndroidStudioProjects/SecureGSI/codeql-db-kotlin/trap/java/classes/java/net/ContentHandlerFactory.members...
[2026-08-24 02:51:23] [PROGRESS] resolve files> Scanning /mnt/c/Users/Sharof/AndroidStudioProjects/SecureGSI/codeql-db-kotlin/trap/java/classes/java/net/DatagramPacket.members...
[2026-08-24 02:51:23] [PROGRESS] resolve files> Scanning /mnt/c/Users/Sharof/AndroidStudioProjects/SecureGSI/codeql-db-kotlin/trap/java/classes/java/net/DatagramSocket.members...
[2026-08-24 02:51:23] [PROGRESS] resolve files> Scanning /mnt/c/Users/Sharof/AndroidStudioProjects/SecureGSI/codeql-db-kotlin/trap/java/classes/java/net/DatagramSocketImpl.members...
[2026-08-24 02:51:23] [PROGRESS] resolve files> Scanning /mnt/c/Users/Sharof/AndroidStudioProjects/SecureGSI/codeql-db-kotlin/trap/java/classes/java/net/DatagramSocketImplFactory.members...
[2026-08-24 02:51:23] [PROGRESS] resolve files> Scanning /mnt/c/Users/Sharof/AndroidStudioProjects/SecureGSI/codeql-db-kotlin/trap/java/classes/java/net/FileNameMap.members...
[2026-08-24 02:51:23] [PROGRESS] resolve files> Scanning /mnt/c/Users/Sharof/AndroidStudioProjects/SecureGSI/codeql-db-kotlin/trap/java/classes/java/net/InetAddress.members...
[2026-08-24 02:51:23] [PROGRESS] resolve files> Scanning /mnt/c/Users/Sharof/AndroidStudioProjects/SecureGSI/codeql-db-kotlin/trap/java/classes/java/net/InetSocketAddress.members...
[2026-08-24 02:51:23] [PROGRESS] resolve files> Scanning /mnt/c/Users/Sharof/AndroidStudioProjects/SecureGSI/codeql-db-kotlin/trap/java/classes/java/net/InterfaceAddress.members...
[2026-08-24 02:51:23] [PROGRESS] resolve files> Scanning /mnt/c/Users/Sharof/AndroidStudioProjects/SecureGSI/codeql-db-kotlin/trap/java/classes/java/net/NetworkInterface.members...
[2026-08-24 02:51:23] [PROGRESS] resolve files> Scanning /mnt/c/Users/Sharof/AndroidStudioProjects/SecureGSI/codeql-db-kotlin/trap/java/classes/java/net/ProtocolFamily.members...
[2026-08-24 02:51:23] [PROGRESS] resolve files> Scanning /mnt/c/Users/Sharof/AndroidStudioProjects/SecureGSI/codeql-db-kotlin/trap/java/classes/java/net/Proxy$Type.members...
[2026-08-24 02:51:23] [PROGRESS] resolve files> Scanning /mnt/c/Users/Sharof/AndroidStudioProjects/SecureGSI/codeql-db-kotlin/trap/java/classes/java/net/Proxy.members...
[2026-08-24 02:51:23] [PROGRESS] resolve files> Scanning /mnt/c/Users/Sharof/AndroidStudioProjects/SecureGSI/codeql-db-kotlin/trap/java/classes/java/net/ServerSocket.members...
[2026-08-24 02:51:23] [PROGRESS] resolve files> Scanning /mnt/c/Users/Sharof/AndroidStudioProjects/SecureGSI/codeql-db-kotlin/trap/java/classes/java/net/Socket.members...
[2026-08-24 02:51:23] [PROGRESS] resolve files> Scanning /mnt/c/Users/Sharof/AndroidStudioProjects/SecureGSI/codeql-db-kotlin/trap/java/classes/java/net/SocketAddress.members...
[2026-08-24 02:51:23] [PROGRESS] resolve files> Scanning /mnt/c/Users/Sharof/AndroidStudioProjects/SecureGSI/codeql-db-kotlin/trap/java/classes/java/net/SocketImpl.members...
[2026-08-24 02:51:23] [PROGRESS] resolve files> Scanning /mnt/c/Users/Sharof/AndroidStudioProjects/SecureGSI/codeql-db-kotlin/trap/java/classes/java/net/SocketImplFactory.members...
[2026-08-24 02:51:23] [PROGRESS] resolve files> Scanning /mnt/c/Users/Sharof/AndroidStudioProjects/SecureGSI/codeql-db-kotlin/trap/java/classes/java/net/SocketOption.members...
[2026-08-24 02:51:23] [PROGRESS] resolve files> Scanning /mnt/c/Users/Sharof/AndroidStudioProjects/SecureGSI/codeql-db-kotlin/trap/java/classes/java/net/SocketOptions.members...
[2026-08-24 02:51:23] [PROGRESS] resolve files> Scanning /mnt/c/Users/Sharof/AndroidStudioProjects/SecureGSI/codeql-db-kotlin/trap/java/classes/java/net/URI.members...
[2026-08-24 02:51:23] [PROGRESS] resolve files> Scanning /mnt/c/Users/Sharof/AndroidStudioProjects/SecureGSI/codeql-db-kotlin/trap/java/classes/java/net/URL.members...
[2026-08-24 02:51:23] [PROGRESS] resolve files> Scanning /mnt/c/Users/Sharof/AndroidStudioProjects/SecureGSI/codeql-db-kotlin/trap/java/classes/java/net/URLConnection.members...
[2026-08-24 02:51:23] [PROGRESS] resolve files> Scanning /mnt/c/Users/Sharof/AndroidStudioProjects/SecureGSI/codeql-db-kotlin/trap/java/classes/java/net/URLStreamHandler.members...
[2026-08-24 02:51:23] [PROGRESS] resolve files> Scanning /mnt/c/Users/Sharof/AndroidStudioProjects/SecureGSI/codeql-db-kotlin/trap/java/classes/java/net/URLStreamHandlerFactory.members...
[2026-08-24 02:51:23] [PROGRESS] resolve files> Scanning /mnt/c/Users/Sharof/AndroidStudioProjects/SecureGSI/codeql-db-kotlin/trap/java/classes/java/nio...
[2026-08-24 02:51:23] [PROGRESS] resolve files> Scanning /mnt/c/Users/Sharof/AndroidStudioProjects/SecureGSI/codeql-db-kotlin/trap/java/classes/java/nio/Buffer.members...
[2026-08-24 02:51:23] [PROGRESS] resolve files> Scanning /mnt/c/Users/Sharof/AndroidStudioProjects/SecureGSI/codeql-db-kotlin/trap/java/classes/java/nio/ByteBuffer.members...
[2026-08-24 02:51:23] [PROGRESS] resolve files> Scanning /mnt/c/Users/Sharof/AndroidStudioProjects/SecureGSI/codeql-db-kotlin/trap/java/classes/java/nio/ByteOrder.members...
[2026-08-24 02:51:23] [PROGRESS] resolve files> Scanning /mnt/c/Users/Sharof/AndroidStudioProjects/SecureGSI/codeql-db-kotlin/trap/java/classes/java/nio/channels...
[2026-08-24 02:51:23] [PROGRESS] resolve files> Scanning /mnt/c/Users/Sharof/AndroidStudioProjects/SecureGSI/codeql-db-kotlin/trap/java/classes/java/nio/channels/AsynchronousChannel.members...
[2026-08-24 02:51:23] [PROGRESS] resolve files> Scanning /mnt/c/Users/Sharof/AndroidStudioProjects/SecureGSI/codeql-db-kotlin/trap/java/classes/java/nio/channels/AsynchronousFileChannel.members...
[2026-08-24 02:51:23] [PROGRESS] resolve files> Scanning /mnt/c/Users/Sharof/AndroidStudioProjects/SecureGSI/codeql-db-kotlin/trap/java/classes/java/nio/channels/ByteChannel.members...
[2026-08-24 02:51:23] [PROGRESS] resolve files> Scanning /mnt/c/Users/Sharof/AndroidStudioProjects/SecureGSI/codeql-db-kotlin/trap/java/classes/java/nio/channels/Channel.members...
[2026-08-24 02:51:23] [PROGRESS] resolve files> Scanning /mnt/c/Users/Sharof/AndroidStudioProjects/SecureGSI/codeql-db-kotlin/trap/java/classes/java/nio/channels/CompletionHandler.members...
[2026-08-24 02:51:23] [PROGRESS] resolve files> Scanning /mnt/c/Users/Sharof/AndroidStudioProjects/SecureGSI/codeql-db-kotlin/trap/java/classes/java/nio/channels/DatagramChannel.members...
[2026-08-24 02:51:23] [PROGRESS] resolve files> Scanning /mnt/c/Users/Sharof/AndroidStudioProjects/SecureGSI/codeql-db-kotlin/trap/java/classes/java/nio/channels/FileChannel$MapMode.members...
[2026-08-24 02:51:23] [PROGRESS] resolve files> Scanning /mnt/c/Users/Sharof/AndroidStudioProjects/SecureGSI/codeql-db-kotlin/trap/java/classes/java/nio/channels/FileChannel.members...
[2026-08-24 02:51:23] [PROGRESS] resolve files> Scanning /mnt/c/Users/Sharof/AndroidStudioProjects/SecureGSI/codeql-db-kotlin/trap/java/classes/java/nio/channels/FileLock.members...
[2026-08-24 02:51:23] [PROGRESS] resolve files> Scanning /mnt/c/Users/Sharof/AndroidStudioProjects/SecureGSI/codeql-db-kotlin/trap/java/classes/java/nio/channels/GatheringByteChannel.members...
[2026-08-24 02:51:23] [PROGRESS] resolve files> Scanning /mnt/c/Users/Sharof/AndroidStudioProjects/SecureGSI/codeql-db-kotlin/trap/java/classes/java/nio/channels/InterruptibleChannel.members...
[2026-08-24 02:51:23] [PROGRESS] resolve files> Scanning /mnt/c/Users/Sharof/AndroidStudioProjects/SecureGSI/codeql-db-kotlin/trap/java/classes/java/nio/channels/MembershipKey.members...
[2026-08-24 02:51:23] [PROGRESS] resolve files> Scanning /mnt/c/Users/Sharof/AndroidStudioProjects/SecureGSI/codeql-db-kotlin/trap/java/classes/java/nio/channels/MulticastChannel.members...
[2026-08-24 02:51:23] [PROGRESS] resolve files> Scanning /mnt/c/Users/Sharof/AndroidStudioProjects/SecureGSI/codeql-db-kotlin/trap/java/classes/java/nio/channels/NetworkChannel.members...
[2026-08-24 02:51:23] [PROGRESS] resolve files> Scanning /mnt/c/Users/Sharof/AndroidStudioProjects/SecureGSI/codeql-db-kotlin/trap/java/classes/java/nio/channels/Pipe$SinkChannel.members...
[2026-08-24 02:51:23] [PROGRESS] resolve files> Scanning /mnt/c/Users/Sharof/AndroidStudioProjects/SecureGSI/codeql-db-kotlin/trap/java/classes/java/nio/channels/Pipe$SourceChannel.members...
[2026-08-24 02:51:23] [PROGRESS] resolve files> Scanning /mnt/c/Users/Sharof/AndroidStudioProjects/SecureGSI/codeql-db-kotlin/trap/java/classes/java/nio/channels/Pipe.members...
[2026-08-24 02:51:23] [PROGRESS] resolve files> Scanning /mnt/c/Users/Sharof/AndroidStudioProjects/SecureGSI/codeql-db-kotlin/trap/java/classes/java/nio/channels/ReadableByteChannel.members...
[2026-08-24 02:51:23] [PROGRESS] resolve files> Scanning /mnt/c/Users/Sharof/AndroidStudioProjects/SecureGSI/codeql-db-kotlin/trap/java/classes/java/nio/channels/ScatteringByteChannel.members...
[2026-08-24 02:51:23] [PROGRESS] resolve files> Scanning /mnt/c/Users/Sharof/AndroidStudioProjects/SecureGSI/codeql-db-kotlin/trap/java/classes/java/nio/channels/SeekableByteChannel.members...
[2026-08-24 02:51:23] [PROGRESS] resolve files> Scanning /mnt/c/Users/Sharof/AndroidStudioProjects/SecureGSI/codeql-db-kotlin/trap/java/classes/java/nio/channels/SelectableChannel.members...
[2026-08-24 02:51:23] [PROGRESS] resolve files> Scanning /mnt/c/Users/Sharof/AndroidStudioProjects/SecureGSI/codeql-db-kotlin/trap/java/classes/java/nio/channels/SelectionKey.members...
[2026-08-24 02:51:23] [PROGRESS] resolve files> Scanning /mnt/c/Users/Sharof/AndroidStudioProjects/SecureGSI/codeql-db-kotlin/trap/java/classes/java/nio/channels/Selector.members...
[2026-08-24 02:51:23] [PROGRESS] resolve files> Scanning /mnt/c/Users/Sharof/AndroidStudioProjects/SecureGSI/codeql-db-kotlin/trap/java/classes/java/nio/channels/ServerSocketChannel.members...
[2026-08-24 02:51:23] [PROGRESS] resolve files> Scanning /mnt/c/Users/Sharof/AndroidStudioProjects/SecureGSI/codeql-db-kotlin/trap/java/classes/java/nio/channels/SocketChannel.members...
[2026-08-24 02:51:23] [PROGRESS] resolve files> Scanning /mnt/c/Users/Sharof/AndroidStudioProjects/SecureGSI/codeql-db-kotlin/trap/java/classes/java/nio/channels/spi...
[2026-08-24 02:51:23] [PROGRESS] resolve files> Scanning /mnt/c/Users/Sharof/AndroidStudioProjects/SecureGSI/codeql-db-kotlin/trap/java/classes/java/nio/channels/spi/AbstractInterruptibleChannel.members...
[2026-08-24 02:51:23] [PROGRESS] resolve files> Scanning /mnt/c/Users/Sharof/AndroidStudioProjects/SecureGSI/codeql-db-kotlin/trap/java/classes/java/nio/channels/spi/AbstractSelectableChannel.members...
[2026-08-24 02:51:23] [PROGRESS] resolve files> Scanning /mnt/c/Users/Sharof/AndroidStudioProjects/SecureGSI/codeql-db-kotlin/trap/java/classes/java/nio/channels/spi/AbstractSelectionKey.members...
[2026-08-24 02:51:23] [PROGRESS] resolve files> Scanning /mnt/c/Users/Sharof/AndroidStudioProjects/SecureGSI/codeql-db-kotlin/trap/java/classes/java/nio/channels/spi/AbstractSelector.members...
[2026-08-24 02:51:23] [PROGRESS] resolve files> Scanning /mnt/c/Users/Sharof/AndroidStudioProjects/SecureGSI/codeql-db-kotlin/trap/java/classes/java/nio/channels/spi/SelectorProvider.members...
[2026-08-24 02:51:23] [PROGRESS] resolve files> Scanning /mnt/c/Users/Sharof/AndroidStudioProjects/SecureGSI/codeql-db-kotlin/trap/java/classes/java/nio/channels/WritableByteChannel.members...
[2026-08-24 02:51:23] [PROGRESS] resolve files> Scanning /mnt/c/Users/Sharof/AndroidStudioProjects/SecureGSI/codeql-db-kotlin/trap/java/classes/java/nio/CharBuffer.members...
[2026-08-24 02:51:23] [PROGRESS] resolve files> Scanning /mnt/c/Users/Sharof/AndroidStudioProjects/SecureGSI/codeql-db-kotlin/trap/java/classes/java/nio/charset...
[2026-08-24 02:51:23] [PROGRESS] resolve files> Scanning /mnt/c/Users/Sharof/AndroidStudioProjects/SecureGSI/codeql-db-kotlin/trap/java/classes/java/nio/charset/Charset.members...
[2026-08-24 02:51:23] [PROGRESS] resolve files> Scanning /mnt/c/Users/Sharof/AndroidStudioProjects/SecureGSI/codeql-db-kotlin/trap/java/classes/java/nio/charset/CharsetDecoder.members...
[2026-08-24 02:51:23] [PROGRESS] resolve files> Scanning /mnt/c/Users/Sharof/AndroidStudioProjects/SecureGSI/codeql-db-kotlin/trap/java/classes/java/nio/charset/CharsetEncoder.members...
[2026-08-24 02:51:23] [PROGRESS] resolve files> Scanning /mnt/c/Users/Sharof/AndroidStudioProjects/SecureGSI/codeql-db-kotlin/trap/java/classes/java/nio/charset/CoderResult.members...
[2026-08-24 02:51:23] [PROGRESS] resolve files> Scanning /mnt/c/Users/Sharof/AndroidStudioProjects/SecureGSI/codeql-db-kotlin/trap/java/classes/java/nio/charset/CodingErrorAction.members...
[2026-08-24 02:51:23] [PROGRESS] resolve files> Scanning /mnt/c/Users/Sharof/AndroidStudioProjects/SecureGSI/codeql-db-kotlin/trap/java/classes/java/nio/DoubleBuffer.members...
[2026-08-24 02:51:23] [PROGRESS] resolve files> Scanning /mnt/c/Users/Sharof/AndroidStudioProjects/SecureGSI/codeql-db-kotlin/trap/java/classes/java/nio/file...
[2026-08-24 02:51:23] [PROGRESS] resolve files> Scanning /mnt/c/Users/Sharof/AndroidStudioProjects/SecureGSI/codeql-db-kotlin/trap/java/classes/java/nio/file/AccessMode.members...
[2026-08-24 02:51:23] [PROGRESS] resolve files> Scanning /mnt/c/Users/Sharof/AndroidStudioProjects/SecureGSI/codeql-db-kotlin/trap/java/classes/java/nio/file/attribute...
[2026-08-24 02:51:23] [PROGRESS] resolve files> Scanning /mnt/c/Users/Sharof/AndroidStudioProjects/SecureGSI/codeql-db-kotlin/trap/java/classes/java/nio/file/attribute/AttributeView.members...
[2026-08-24 02:51:23] [PROGRESS] resolve files> Scanning /mnt/c/Users/Sharof/AndroidStudioProjects/SecureGSI/codeql-db-kotlin/trap/java/classes/java/nio/file/attribute/BasicFileAttributes.members...
[2026-08-24 02:51:23] [PROGRESS] resolve files> Scanning /mnt/c/Users/Sharof/AndroidStudioProjects/SecureGSI/codeql-db-kotlin/trap/java/classes/java/nio/file/attribute/FileAttribute.members...
[2026-08-24 02:51:23] [PROGRESS] resolve files> Scanning /mnt/c/Users/Sharof/AndroidStudioProjects/SecureGSI/codeql-db-kotlin/trap/java/classes/java/nio/file/attribute/FileAttributeView.members...
[2026-08-24 02:51:23] [PROGRESS] resolve files> Scanning /mnt/c/Users/Sharof/AndroidStudioProjects/SecureGSI/codeql-db-kotlin/trap/java/classes/java/nio/file/attribute/FileStoreAttributeView.members...
[2026-08-24 02:51:23] [PROGRESS] resolve files> Scanning /mnt/c/Users/Sharof/AndroidStudioProjects/SecureGSI/codeql-db-kotlin/trap/java/classes/java/nio/file/attribute/FileTime.members...
[2026-08-24 02:51:23] [PROGRESS] resolve files> Scanning /mnt/c/Users/Sharof/AndroidStudioProjects/SecureGSI/codeql-db-kotlin/trap/java/classes/java/nio/file/attribute/GroupPrincipal.members...
[2026-08-24 02:51:23] [PROGRESS] resolve files> Scanning /mnt/c/Users/Sharof/AndroidStudioProjects/SecureGSI/codeql-db-kotlin/trap/java/classes/java/nio/file/attribute/UserPrincipal.members...
[2026-08-24 02:51:23] [PROGRESS] resolve files> Scanning /mnt/c/Users/Sharof/AndroidStudioProjects/SecureGSI/codeql-db-kotlin/trap/java/classes/java/nio/file/attribute/UserPrincipalLookupService.members...
[2026-08-24 02:51:23] [PROGRESS] resolve files> Scanning /mnt/c/Users/Sharof/AndroidStudioProjects/SecureGSI/codeql-db-kotlin/trap/java/classes/java/nio/file/CopyOption.members...
[2026-08-24 02:51:23] [PROGRESS] resolve files> Scanning /mnt/c/Users/Sharof/AndroidStudioProjects/SecureGSI/codeql-db-kotlin/trap/java/classes/java/nio/file/DirectoryStream$Filter.members...
[2026-08-24 02:51:23] [PROGRESS] resolve files> Scanning /mnt/c/Users/Sharof/AndroidStudioProjects/SecureGSI/codeql-db-kotlin/trap/java/classes/java/nio/file/DirectoryStream.members...
[2026-08-24 02:51:23] [PROGRESS] resolve files> Scanning /mnt/c/Users/Sharof/AndroidStudioProjects/SecureGSI/codeql-db-kotlin/trap/java/classes/java/nio/file/FileStore.members...
[2026-08-24 02:51:23] [PROGRESS] resolve files> Scanning /mnt/c/Users/Sharof/AndroidStudioProjects/SecureGSI/codeql-db-kotlin/trap/java/classes/java/nio/file/FileSystem.members...
[2026-08-24 02:51:23] [PROGRESS] resolve files> Scanning /mnt/c/Users/Sharof/AndroidStudioProjects/SecureGSI/codeql-db-kotlin/trap/java/classes/java/nio/file/LinkOption.members...
[2026-08-24 02:51:23] [PROGRESS] resolve files> Scanning /mnt/c/Users/Sharof/AndroidStudioProjects/SecureGSI/codeql-db-kotlin/trap/java/classes/java/nio/file/OpenOption.members...
[2026-08-24 02:51:23] [PROGRESS] resolve files> Scanning /mnt/c/Users/Sharof/AndroidStudioProjects/SecureGSI/codeql-db-kotlin/trap/java/classes/java/nio/file/Path.members...
[2026-08-24 02:51:23] [PROGRESS] resolve files> Scanning /mnt/c/Users/Sharof/AndroidStudioProjects/SecureGSI/codeql-db-kotlin/trap/java/classes/java/nio/file/PathMatcher.members...
[2026-08-24 02:51:23] [PROGRESS] resolve files> Scanning /mnt/c/Users/Sharof/AndroidStudioProjects/SecureGSI/codeql-db-kotlin/trap/java/classes/java/nio/file/spi...
[2026-08-24 02:51:23] [PROGRESS] resolve files> Scanning /mnt/c/Users/Sharof/AndroidStudioProjects/SecureGSI/codeql-db-kotlin/trap/java/classes/java/nio/file/spi/FileSystemProvider.members...
[2026-08-24 02:51:23] [PROGRESS] resolve files> Scanning /mnt/c/Users/Sharof/AndroidStudioProjects/SecureGSI/codeql-db-kotlin/trap/java/classes/java/nio/file/Watchable.members...
[2026-08-24 02:51:23] [PROGRESS] resolve files> Scanning /mnt/c/Users/Sharof/AndroidStudioProjects/SecureGSI/codeql-db-kotlin/trap/java/classes/java/nio/file/WatchEvent$Kind.members...
[2026-08-24 02:51:23] [PROGRESS] resolve files> Scanning /mnt/c/Users/Sharof/AndroidStudioProjects/SecureGSI/codeql-db-kotlin/trap/java/classes/java/nio/file/WatchEvent$Modifier.members...
[2026-08-24 02:51:23] [PROGRESS] resolve files> Scanning /mnt/c/Users/Sharof/AndroidStudioProjects/SecureGSI/codeql-db-kotlin/trap/java/classes/java/nio/file/WatchEvent.members...
[2026-08-24 02:51:23] [PROGRESS] resolve files> Scanning /mnt/c/Users/Sharof/AndroidStudioProjects/SecureGSI/codeql-db-kotlin/trap/java/classes/java/nio/file/WatchKey.members...
[2026-08-24 02:51:23] [PROGRESS] resolve files> Scanning /mnt/c/Users/Sharof/AndroidStudioProjects/SecureGSI/codeql-db-kotlin/trap/java/classes/java/nio/file/WatchService.members...
[2026-08-24 02:51:23] [PROGRESS] resolve files> Scanning /mnt/c/Users/Sharof/AndroidStudioProjects/SecureGSI/codeql-db-kotlin/trap/java/classes/java/nio/FloatBuffer.members...
[2026-08-24 02:51:23] [PROGRESS] resolve files> Scanning /mnt/c/Users/Sharof/AndroidStudioProjects/SecureGSI/codeql-db-kotlin/trap/java/classes/java/nio/IntBuffer.members...
[2026-08-24 02:51:24] [PROGRESS] resolve files> Scanning /mnt/c/Users/Sharof/AndroidStudioProjects/SecureGSI/codeql-db-kotlin/trap/java/classes/java/nio/LongBuffer.members...
[2026-08-24 02:51:24] [PROGRESS] resolve files> Scanning /mnt/c/Users/Sharof/AndroidStudioProjects/SecureGSI/codeql-db-kotlin/trap/java/classes/java/nio/MappedByteBuffer.members...
[2026-08-24 02:51:24] [PROGRESS] resolve files> Scanning /mnt/c/Users/Sharof/AndroidStudioProjects/SecureGSI/codeql-db-kotlin/trap/java/classes/java/nio/ShortBuffer.members...
[2026-08-24 02:51:24] [PROGRESS] resolve files> Scanning /mnt/c/Users/Sharof/AndroidStudioProjects/SecureGSI/codeql-db-kotlin/trap/java/classes/java/security...
[2026-08-24 02:51:24] [PROGRESS] resolve files> Scanning /mnt/c/Users/Sharof/AndroidStudioProjects/SecureGSI/codeql-db-kotlin/trap/java/classes/java/security/AccessControlContext.members...
[2026-08-24 02:51:24] [PROGRESS] resolve files> Scanning /mnt/c/Users/Sharof/AndroidStudioProjects/SecureGSI/codeql-db-kotlin/trap/java/classes/java/security/cert...
[2026-08-24 02:51:24] [PROGRESS] resolve files> Scanning /mnt/c/Users/Sharof/AndroidStudioProjects/SecureGSI/codeql-db-kotlin/trap/java/classes/java/security/cert/Certificate$CertificateRep.members...
[2026-08-24 02:51:24] [PROGRESS] resolve files> Scanning /mnt/c/Users/Sharof/AndroidStudioProjects/SecureGSI/codeql-db-kotlin/trap/java/classes/java/security/cert/Certificate.members...
[2026-08-24 02:51:24] [PROGRESS] resolve files> Scanning /mnt/c/Users/Sharof/AndroidStudioProjects/SecureGSI/codeql-db-kotlin/trap/java/classes/java/security/cert/CertPath$CertPathRep.members...
[2026-08-24 02:51:24] [PROGRESS] resolve files> Scanning /mnt/c/Users/Sharof/AndroidStudioProjects/SecureGSI/codeql-db-kotlin/trap/java/classes/java/security/cert/CertPath.members...
[2026-08-24 02:51:24] [PROGRESS] resolve files> Scanning /mnt/c/Users/Sharof/AndroidStudioProjects/SecureGSI/codeql-db-kotlin/trap/java/classes/java/security/CodeSigner.members...
[2026-08-24 02:51:24] [PROGRESS] resolve files> Scanning /mnt/c/Users/Sharof/AndroidStudioProjects/SecureGSI/codeql-db-kotlin/trap/java/classes/java/security/CodeSource.members...
[2026-08-24 02:51:24] [PROGRESS] resolve files> Scanning /mnt/c/Users/Sharof/AndroidStudioProjects/SecureGSI/codeql-db-kotlin/trap/java/classes/java/security/DomainCombiner.members...
[2026-08-24 02:51:24] [PROGRESS] resolve files> Scanning /mnt/c/Users/Sharof/AndroidStudioProjects/SecureGSI/codeql-db-kotlin/trap/java/classes/java/security/Guard.members...
[2026-08-24 02:51:24] [PROGRESS] resolve files> Scanning /mnt/c/Users/Sharof/AndroidStudioProjects/SecureGSI/codeql-db-kotlin/trap/java/classes/java/security/Key.members...
[2026-08-24 02:51:24] [PROGRESS] resolve files> Scanning /mnt/c/Users/Sharof/AndroidStudioProjects/SecureGSI/codeql-db-kotlin/trap/java/classes/java/security/Permission.members...
[2026-08-24 02:51:24] [PROGRESS] resolve files> Scanning /mnt/c/Users/Sharof/AndroidStudioProjects/SecureGSI/codeql-db-kotlin/trap/java/classes/java/security/PermissionCollection.members...
[2026-08-24 02:51:24] [PROGRESS] resolve files> Scanning /mnt/c/Users/Sharof/AndroidStudioProjects/SecureGSI/codeql-db-kotlin/trap/java/classes/java/security/Principal.members...
[2026-08-24 02:51:24] [PROGRESS] resolve files> Scanning /mnt/c/Users/Sharof/AndroidStudioProjects/SecureGSI/codeql-db-kotlin/trap/java/classes/java/security/PrivilegedAction.members...
[2026-08-24 02:51:24] [PROGRESS] resolve files> Scanning /mnt/c/Users/Sharof/AndroidStudioProjects/SecureGSI/codeql-db-kotlin/trap/java/classes/java/security/PrivilegedExceptionAction.members...
[2026-08-24 02:51:24] [PROGRESS] resolve files> Scanning /mnt/c/Users/Sharof/AndroidStudioProjects/SecureGSI/codeql-db-kotlin/trap/java/classes/java/security/ProtectionDomain.members...
[2026-08-24 02:51:24] [PROGRESS] resolve files> Scanning /mnt/c/Users/Sharof/AndroidStudioProjects/SecureGSI/codeql-db-kotlin/trap/java/classes/java/security/Provider$Service.members...
[2026-08-24 02:51:24] [PROGRESS] resolve files> Scanning /mnt/c/Users/Sharof/AndroidStudioProjects/SecureGSI/codeql-db-kotlin/trap/java/classes/java/security/Provider.members...
[2026-08-24 02:51:24] [PROGRESS] resolve files> Scanning /mnt/c/Users/Sharof/AndroidStudioProjects/SecureGSI/codeql-db-kotlin/trap/java/classes/java/security/PublicKey.members...
[2026-08-24 02:51:24] [PROGRESS] resolve files> Scanning /mnt/c/Users/Sharof/AndroidStudioProjects/SecureGSI/codeql-db-kotlin/trap/java/classes/java/security/Timestamp.members...
[2026-08-24 02:51:24] [PROGRESS] resolve files> Scanning /mnt/c/Users/Sharof/AndroidStudioProjects/SecureGSI/codeql-db-kotlin/trap/java/classes/java/text...
[2026-08-24 02:51:24] [PROGRESS] resolve files> Scanning /mnt/c/Users/Sharof/AndroidStudioProjects/SecureGSI/codeql-db-kotlin/trap/java/classes/java/text/AttributedCharacterIterator$Attribute.members...
[2026-08-24 02:51:24] [PROGRESS] resolve files> Scanning /mnt/c/Users/Sharof/AndroidStudioProjects/SecureGSI/codeql-db-kotlin/trap/java/classes/java/text/AttributedCharacterIterator.members...
[2026-08-24 02:51:24] [PROGRESS] resolve files> Scanning /mnt/c/Users/Sharof/AndroidStudioProjects/SecureGSI/codeql-db-kotlin/trap/java/classes/java/text/CharacterIterator.members...
[2026-08-24 02:51:24] [PROGRESS] resolve files> Scanning /mnt/c/Users/Sharof/AndroidStudioProjects/SecureGSI/codeql-db-kotlin/trap/java/classes/java/text/FieldPosition.members...
[2026-08-24 02:51:24] [PROGRESS] resolve files> Scanning /mnt/c/Users/Sharof/AndroidStudioProjects/SecureGSI/codeql-db-kotlin/trap/java/classes/java/text/Format$Field.members...
[2026-08-24 02:51:24] [PROGRESS] resolve files> Scanning /mnt/c/Users/Sharof/AndroidStudioProjects/SecureGSI/codeql-db-kotlin/trap/java/classes/java/text/Format.members...
[2026-08-24 02:51:24] [PROGRESS] resolve files> Scanning /mnt/c/Users/Sharof/AndroidStudioProjects/SecureGSI/codeql-db-kotlin/trap/java/classes/java/text/ParsePosition.members...
[2026-08-24 02:51:24] [PROGRESS] resolve files> Scanning /mnt/c/Users/Sharof/AndroidStudioProjects/SecureGSI/codeql-db-kotlin/trap/java/classes/java/time...
[2026-08-24 02:51:24] [PROGRESS] resolve files> Scanning /mnt/c/Users/Sharof/AndroidStudioProjects/SecureGSI/codeql-db-kotlin/trap/java/classes/java/time/chrono...
[2026-08-24 02:51:24] [PROGRESS] resolve files> Scanning /mnt/c/Users/Sharof/AndroidStudioProjects/SecureGSI/codeql-db-kotlin/trap/java/classes/java/time/chrono/AbstractChronology.members...
[2026-08-24 02:51:24] [PROGRESS] resolve files> Scanning /mnt/c/Users/Sharof/AndroidStudioProjects/SecureGSI/codeql-db-kotlin/trap/java/classes/java/time/chrono/ChronoLocalDate.members...
[2026-08-24 02:51:24] [PROGRESS] resolve files> Scanning /mnt/c/Users/Sharof/AndroidStudioProjects/SecureGSI/codeql-db-kotlin/trap/java/classes/java/time/chrono/ChronoLocalDateTime.members...
[2026-08-24 02:51:24] [PROGRESS] resolve files> Scanning /mnt/c/Users/Sharof/AndroidStudioProjects/SecureGSI/codeql-db-kotlin/trap/java/classes/java/time/chrono/Chronology.members...
[2026-08-24 02:51:24] [PROGRESS] resolve files> Scanning /mnt/c/Users/Sharof/AndroidStudioProjects/SecureGSI/codeql-db-kotlin/trap/java/classes/java/time/chrono/ChronoPeriod.members...
[2026-08-24 02:51:24] [PROGRESS] resolve files> Scanning /mnt/c/Users/Sharof/AndroidStudioProjects/SecureGSI/codeql-db-kotlin/trap/java/classes/java/time/chrono/ChronoZonedDateTime.members...
[2026-08-24 02:51:24] [PROGRESS] resolve files> Scanning /mnt/c/Users/Sharof/AndroidStudioProjects/SecureGSI/codeql-db-kotlin/trap/java/classes/java/time/chrono/Era.members...
[2026-08-24 02:51:24] [PROGRESS] resolve files> Scanning /mnt/c/Users/Sharof/AndroidStudioProjects/SecureGSI/codeql-db-kotlin/trap/java/classes/java/time/chrono/IsoChronology.members...
[2026-08-24 02:51:24] [PROGRESS] resolve files> Scanning /mnt/c/Users/Sharof/AndroidStudioProjects/SecureGSI/codeql-db-kotlin/trap/java/classes/java/time/chrono/IsoEra.members...
[2026-08-24 02:51:24] [PROGRESS] resolve files> Scanning /mnt/c/Users/Sharof/AndroidStudioProjects/SecureGSI/codeql-db-kotlin/trap/java/classes/java/time/Clock.members...
[2026-08-24 02:51:24] [PROGRESS] resolve files> Scanning /mnt/c/Users/Sharof/AndroidStudioProjects/SecureGSI/codeql-db-kotlin/trap/java/classes/java/time/DayOfWeek.members...
[2026-08-24 02:51:24] [PROGRESS] resolve files> Scanning /mnt/c/Users/Sharof/AndroidStudioProjects/SecureGSI/codeql-db-kotlin/trap/java/classes/java/time/Duration.members...
[2026-08-24 02:51:24] [PROGRESS] resolve files> Scanning /mnt/c/Users/Sharof/AndroidStudioProjects/SecureGSI/codeql-db-kotlin/trap/java/classes/java/time/format...
[2026-08-24 02:51:24] [PROGRESS] resolve files> Scanning /mnt/c/Users/Sharof/AndroidStudioProjects/SecureGSI/codeql-db-kotlin/trap/java/classes/java/time/format/DateTimeFormatter.members...
[2026-08-24 02:51:24] [PROGRESS] resolve files> Scanning /mnt/c/Users/Sharof/AndroidStudioProjects/SecureGSI/codeql-db-kotlin/trap/java/classes/java/time/format/DecimalStyle.members...
[2026-08-24 02:51:24] [PROGRESS] resolve files> Scanning /mnt/c/Users/Sharof/AndroidStudioProjects/SecureGSI/codeql-db-kotlin/trap/java/classes/java/time/format/FormatStyle.members...
[2026-08-24 02:51:24] [PROGRESS] resolve files> Scanning /mnt/c/Users/Sharof/AndroidStudioProjects/SecureGSI/codeql-db-kotlin/trap/java/classes/java/time/format/ResolverStyle.members...
[2026-08-24 02:51:24] [PROGRESS] resolve files> Scanning /mnt/c/Users/Sharof/AndroidStudioProjects/SecureGSI/codeql-db-kotlin/trap/java/classes/java/time/format/TextStyle.members...
[2026-08-24 02:51:24] [PROGRESS] resolve files> Scanning /mnt/c/Users/Sharof/AndroidStudioProjects/SecureGSI/codeql-db-kotlin/trap/java/classes/java/time/Instant.members...
[2026-08-24 02:51:24] [PROGRESS] resolve files> Scanning /mnt/c/Users/Sharof/AndroidStudioProjects/SecureGSI/codeql-db-kotlin/trap/java/classes/java/time/InstantSource.members...
[2026-08-24 02:51:24] [PROGRESS] resolve files> Scanning /mnt/c/Users/Sharof/AndroidStudioProjects/SecureGSI/codeql-db-kotlin/trap/java/classes/java/time/LocalDate.members...
[2026-08-24 02:51:24] [PROGRESS] resolve files> Scanning /mnt/c/Users/Sharof/AndroidStudioProjects/SecureGSI/codeql-db-kotlin/trap/java/classes/java/time/LocalDateTime.members...
[2026-08-24 02:51:24] [PROGRESS] resolve files> Scanning /mnt/c/Users/Sharof/AndroidStudioProjects/SecureGSI/codeql-db-kotlin/trap/java/classes/java/time/LocalTime.members...
[2026-08-24 02:51:24] [PROGRESS] resolve files> Scanning /mnt/c/Users/Sharof/AndroidStudioProjects/SecureGSI/codeql-db-kotlin/trap/java/classes/java/time/Month.members...
[2026-08-24 02:51:24] [PROGRESS] resolve files> Scanning /mnt/c/Users/Sharof/AndroidStudioProjects/SecureGSI/codeql-db-kotlin/trap/java/classes/java/time/OffsetDateTime.members...
[2026-08-24 02:51:24] [PROGRESS] resolve files> Scanning /mnt/c/Users/Sharof/AndroidStudioProjects/SecureGSI/codeql-db-kotlin/trap/java/classes/java/time/OffsetTime.members...
[2026-08-24 02:51:24] [PROGRESS] resolve files> Scanning /mnt/c/Users/Sharof/AndroidStudioProjects/SecureGSI/codeql-db-kotlin/trap/java/classes/java/time/Period.members...
[2026-08-24 02:51:24] [PROGRESS] resolve files> Scanning /mnt/c/Users/Sharof/AndroidStudioProjects/SecureGSI/codeql-db-kotlin/trap/java/classes/java/time/temporal...
[2026-08-24 02:51:24] [PROGRESS] resolve files> Scanning /mnt/c/Users/Sharof/AndroidStudioProjects/SecureGSI/codeql-db-kotlin/trap/java/classes/java/time/temporal/ChronoField.members...
[2026-08-24 02:51:24] [PROGRESS] resolve files> Scanning /mnt/c/Users/Sharof/AndroidStudioProjects/SecureGSI/codeql-db-kotlin/trap/java/classes/java/time/temporal/ChronoUnit.members...
[2026-08-24 02:51:24] [PROGRESS] resolve files> Scanning /mnt/c/Users/Sharof/AndroidStudioProjects/SecureGSI/codeql-db-kotlin/trap/java/classes/java/time/temporal/Temporal.members...
[2026-08-24 02:51:24] [PROGRESS] resolve files> Scanning /mnt/c/Users/Sharof/AndroidStudioProjects/SecureGSI/codeql-db-kotlin/trap/java/classes/java/time/temporal/TemporalAccessor.members...
[2026-08-24 02:51:24] [PROGRESS] resolve files> Scanning /mnt/c/Users/Sharof/AndroidStudioProjects/SecureGSI/codeql-db-kotlin/trap/java/classes/java/time/temporal/TemporalAdjuster.members...
[2026-08-24 02:51:24] [PROGRESS] resolve files> Scanning /mnt/c/Users/Sharof/AndroidStudioProjects/SecureGSI/codeql-db-kotlin/trap/java/classes/java/time/temporal/TemporalAmount.members...
[2026-08-24 02:51:24] [PROGRESS] resolve files> Scanning /mnt/c/Users/Sharof/AndroidStudioProjects/SecureGSI/codeql-db-kotlin/trap/java/classes/java/time/temporal/TemporalField.members...
[2026-08-24 02:51:24] [PROGRESS] resolve files> Scanning /mnt/c/Users/Sharof/AndroidStudioProjects/SecureGSI/codeql-db-kotlin/trap/java/classes/java/time/temporal/TemporalQuery.members...
[2026-08-24 02:51:24] [PROGRESS] resolve files> Scanning /mnt/c/Users/Sharof/AndroidStudioProjects/SecureGSI/codeql-db-kotlin/trap/java/classes/java/time/temporal/TemporalUnit.members...
[2026-08-24 02:51:24] [PROGRESS] resolve files> Scanning /mnt/c/Users/Sharof/AndroidStudioProjects/SecureGSI/codeql-db-kotlin/trap/java/classes/java/time/temporal/ValueRange.members...
[2026-08-24 02:51:24] [PROGRESS] resolve files> Scanning /mnt/c/Users/Sharof/AndroidStudioProjects/SecureGSI/codeql-db-kotlin/trap/java/classes/java/time/zone...
[2026-08-24 02:51:24] [PROGRESS] resolve files> Scanning /mnt/c/Users/Sharof/AndroidStudioProjects/SecureGSI/codeql-db-kotlin/trap/java/classes/java/time/zone/ZoneOffsetTransition.members...
[2026-08-24 02:51:24] [PROGRESS] resolve files> Scanning /mnt/c/Users/Sharof/AndroidStudioProjects/SecureGSI/codeql-db-kotlin/trap/java/classes/java/time/zone/ZoneOffsetTransitionRule$TimeDefinition.members...
[2026-08-24 02:51:24] [PROGRESS] resolve files> Scanning /mnt/c/Users/Sharof/AndroidStudioProjects/SecureGSI/codeql-db-kotlin/trap/java/classes/java/time/zone/ZoneOffsetTransitionRule.members...
[2026-08-24 02:51:24] [PROGRESS] resolve files> Scanning /mnt/c/Users/Sharof/AndroidStudioProjects/SecureGSI/codeql-db-kotlin/trap/java/classes/java/time/zone/ZoneRules.members...
[2026-08-24 02:51:24] [PROGRESS] resolve files> Scanning /mnt/c/Users/Sharof/AndroidStudioProjects/SecureGSI/codeql-db-kotlin/trap/java/classes/java/time/ZonedDateTime.members...
[2026-08-24 02:51:24] [PROGRESS] resolve files> Scanning /mnt/c/Users/Sharof/AndroidStudioProjects/SecureGSI/codeql-db-kotlin/trap/java/classes/java/time/ZoneId.members...
[2026-08-24 02:51:24] [PROGRESS] resolve files> Scanning /mnt/c/Users/Sharof/AndroidStudioProjects/SecureGSI/codeql-db-kotlin/trap/java/classes/java/time/ZoneOffset.members...
[2026-08-24 02:51:24] [PROGRESS] resolve files> Scanning /mnt/c/Users/Sharof/AndroidStudioProjects/SecureGSI/codeql-db-kotlin/trap/java/classes/java/util...
[2026-08-24 02:51:24] [PROGRESS] resolve files> Scanning /mnt/c/Users/Sharof/AndroidStudioProjects/SecureGSI/codeql-db-kotlin/trap/java/classes/java/util/AbstractCollection.members...
[2026-08-24 02:51:24] [PROGRESS] resolve files> Scanning /mnt/c/Users/Sharof/AndroidStudioProjects/SecureGSI/codeql-db-kotlin/trap/java/classes/java/util/AbstractList.members...
[2026-08-24 02:51:24] [PROGRESS] resolve files> Scanning /mnt/c/Users/Sharof/AndroidStudioProjects/SecureGSI/codeql-db-kotlin/trap/java/classes/java/util/AbstractMap$SimpleEntry.members...
[2026-08-24 02:51:24] [PROGRESS] resolve files> Scanning /mnt/c/Users/Sharof/AndroidStudioProjects/SecureGSI/codeql-db-kotlin/trap/java/classes/java/util/AbstractMap$SimpleImmutableEntry.members...
[2026-08-24 02:51:24] [PROGRESS] resolve files> Scanning /mnt/c/Users/Sharof/AndroidStudioProjects/SecureGSI/codeql-db-kotlin/trap/java/classes/java/util/AbstractMap.members...
[2026-08-24 02:51:24] [PROGRESS] resolve files> Scanning /mnt/c/Users/Sharof/AndroidStudioProjects/SecureGSI/codeql-db-kotlin/trap/java/classes/java/util/AbstractSet.members...
[2026-08-24 02:51:24] [PROGRESS] resolve files> Scanning /mnt/c/Users/Sharof/AndroidStudioProjects/SecureGSI/codeql-db-kotlin/trap/java/classes/java/util/ArrayList.members...
[2026-08-24 02:51:24] [PROGRESS] resolve files> Scanning /mnt/c/Users/Sharof/AndroidStudioProjects/SecureGSI/codeql-db-kotlin/trap/java/classes/java/util/Collection.members...
[2026-08-24 02:51:24] [PROGRESS] resolve files> Scanning /mnt/c/Users/Sharof/AndroidStudioProjects/SecureGSI/codeql-db-kotlin/trap/java/classes/java/util/Comparator.members...
[2026-08-24 02:51:24] [PROGRESS] resolve files> Scanning /mnt/c/Users/Sharof/AndroidStudioProjects/SecureGSI/codeql-db-kotlin/trap/java/classes/java/util/concurrent...
[2026-08-24 02:51:24] [PROGRESS] resolve files> Scanning /mnt/c/Users/Sharof/AndroidStudioProjects/SecureGSI/codeql-db-kotlin/trap/java/classes/java/util/concurrent/Callable.members...
[2026-08-24 02:51:24] [PROGRESS] resolve files> Scanning /mnt/c/Users/Sharof/AndroidStudioProjects/SecureGSI/codeql-db-kotlin/trap/java/classes/java/util/concurrent/Executor.members...
[2026-08-24 02:51:24] [PROGRESS] resolve files> Scanning /mnt/c/Users/Sharof/AndroidStudioProjects/SecureGSI/codeql-db-kotlin/trap/java/classes/java/util/concurrent/ExecutorService.members...
[2026-08-24 02:51:24] [PROGRESS] resolve files> Scanning /mnt/c/Users/Sharof/AndroidStudioProjects/SecureGSI/codeql-db-kotlin/trap/java/classes/java/util/concurrent/Future$State.members...
[2026-08-24 02:51:24] [PROGRESS] resolve files> Scanning /mnt/c/Users/Sharof/AndroidStudioProjects/SecureGSI/codeql-db-kotlin/trap/java/classes/java/util/concurrent/Future.members...
[2026-08-24 02:51:24] [PROGRESS] resolve files> Scanning /mnt/c/Users/Sharof/AndroidStudioProjects/SecureGSI/codeql-db-kotlin/trap/java/classes/java/util/concurrent/TimeUnit.members...
[2026-08-24 02:51:24] [PROGRESS] resolve files> Scanning /mnt/c/Users/Sharof/AndroidStudioProjects/SecureGSI/codeql-db-kotlin/trap/java/classes/java/util/Date.members...
[2026-08-24 02:51:24] [PROGRESS] resolve files> Scanning /mnt/c/Users/Sharof/AndroidStudioProjects/SecureGSI/codeql-db-kotlin/trap/java/classes/java/util/Dictionary.members...
[2026-08-24 02:51:24] [PROGRESS] resolve files> Scanning /mnt/c/Users/Sharof/AndroidStudioProjects/SecureGSI/codeql-db-kotlin/trap/java/classes/java/util/DoubleSummaryStatistics.members...
[2026-08-24 02:51:24] [PROGRESS] resolve files> Scanning /mnt/c/Users/Sharof/AndroidStudioProjects/SecureGSI/codeql-db-kotlin/trap/java/classes/java/util/Enumeration.members...
[2026-08-24 02:51:24] [PROGRESS] resolve files> Scanning /mnt/c/Users/Sharof/AndroidStudioProjects/SecureGSI/codeql-db-kotlin/trap/java/classes/java/util/function...
[2026-08-24 02:51:24] [PROGRESS] resolve files> Scanning /mnt/c/Users/Sharof/AndroidStudioProjects/SecureGSI/codeql-db-kotlin/trap/java/classes/java/util/function/BiConsumer.members...
[2026-08-24 02:51:24] [PROGRESS] resolve files> Scanning /mnt/c/Users/Sharof/AndroidStudioProjects/SecureGSI/codeql-db-kotlin/trap/java/classes/java/util/function/BiFunction.members...
[2026-08-24 02:51:24] [PROGRESS] resolve files> Scanning /mnt/c/Users/Sharof/AndroidStudioProjects/SecureGSI/codeql-db-kotlin/trap/java/classes/java/util/function/BinaryOperator.members...
[2026-08-24 02:51:24] [PROGRESS] resolve files> Scanning /mnt/c/Users/Sharof/AndroidStudioProjects/SecureGSI/codeql-db-kotlin/trap/java/classes/java/util/function/Consumer.members...
[2026-08-24 02:51:24] [PROGRESS] resolve files> Scanning /mnt/c/Users/Sharof/AndroidStudioProjects/SecureGSI/codeql-db-kotlin/trap/java/classes/java/util/function/DoubleBinaryOperator.members...
[2026-08-24 02:51:24] [PROGRESS] resolve files> Scanning /mnt/c/Users/Sharof/AndroidStudioProjects/SecureGSI/codeql-db-kotlin/trap/java/classes/java/util/function/DoubleConsumer.members...
[2026-08-24 02:51:24] [PROGRESS] resolve files> Scanning /mnt/c/Users/Sharof/AndroidStudioProjects/SecureGSI/codeql-db-kotlin/trap/java/classes/java/util/function/DoubleFunction.members...
[2026-08-24 02:51:24] [PROGRESS] resolve files> Scanning /mnt/c/Users/Sharof/AndroidStudioProjects/SecureGSI/codeql-db-kotlin/trap/java/classes/java/util/function/DoublePredicate.members...
[2026-08-24 02:51:24] [PROGRESS] resolve files> Scanning /mnt/c/Users/Sharof/AndroidStudioProjects/SecureGSI/codeql-db-kotlin/trap/java/classes/java/util/function/DoubleSupplier.members...
[2026-08-24 02:51:24] [PROGRESS] resolve files> Scanning /mnt/c/Users/Sharof/AndroidStudioProjects/SecureGSI/codeql-db-kotlin/trap/java/classes/java/util/function/DoubleToIntFunction.members...
[2026-08-24 02:51:24] [PROGRESS] resolve files> Scanning /mnt/c/Users/Sharof/AndroidStudioProjects/SecureGSI/codeql-db-kotlin/trap/java/classes/java/util/function/DoubleToLongFunction.members...
[2026-08-24 02:51:24] [PROGRESS] resolve files> Scanning /mnt/c/Users/Sharof/AndroidStudioProjects/SecureGSI/codeql-db-kotlin/trap/java/classes/java/util/function/DoubleUnaryOperator.members...
[2026-08-24 02:51:24] [PROGRESS] resolve files> Scanning /mnt/c/Users/Sharof/AndroidStudioProjects/SecureGSI/codeql-db-kotlin/trap/java/classes/java/util/function/Function.members...
[2026-08-24 02:51:24] [PROGRESS] resolve files> Scanning /mnt/c/Users/Sharof/AndroidStudioProjects/SecureGSI/codeql-db-kotlin/trap/java/classes/java/util/function/IntBinaryOperator.members...
[2026-08-24 02:51:24] [PROGRESS] resolve files> Scanning /mnt/c/Users/Sharof/AndroidStudioProjects/SecureGSI/codeql-db-kotlin/trap/java/classes/java/util/function/IntConsumer.members...
[2026-08-24 02:51:24] [PROGRESS] resolve files> Scanning /mnt/c/Users/Sharof/AndroidStudioProjects/SecureGSI/codeql-db-kotlin/trap/java/classes/java/util/function/IntFunction.members...
[2026-08-24 02:51:24] [PROGRESS] resolve files> Scanning /mnt/c/Users/Sharof/AndroidStudioProjects/SecureGSI/codeql-db-kotlin/trap/java/classes/java/util/function/IntPredicate.members...
[2026-08-24 02:51:24] [PROGRESS] resolve files> Scanning /mnt/c/Users/Sharof/AndroidStudioProjects/SecureGSI/codeql-db-kotlin/trap/java/classes/java/util/function/IntSupplier.members...
[2026-08-24 02:51:24] [PROGRESS] resolve files> Scanning /mnt/c/Users/Sharof/AndroidStudioProjects/SecureGSI/codeql-db-kotlin/trap/java/classes/java/util/function/IntToDoubleFunction.members...
[2026-08-24 02:51:24] [PROGRESS] resolve files> Scanning /mnt/c/Users/Sharof/AndroidStudioProjects/SecureGSI/codeql-db-kotlin/trap/java/classes/java/util/function/IntToLongFunction.members...
[2026-08-24 02:51:24] [PROGRESS] resolve files> Scanning /mnt/c/Users/Sharof/AndroidStudioProjects/SecureGSI/codeql-db-kotlin/trap/java/classes/java/util/function/IntUnaryOperator.members...
[2026-08-24 02:51:24] [PROGRESS] resolve files> Scanning /mnt/c/Users/Sharof/AndroidStudioProjects/SecureGSI/codeql-db-kotlin/trap/java/classes/java/util/function/LongBinaryOperator.members...
[2026-08-24 02:51:24] [PROGRESS] resolve files> Scanning /mnt/c/Users/Sharof/AndroidStudioProjects/SecureGSI/codeql-db-kotlin/trap/java/classes/java/util/function/LongConsumer.members...
[2026-08-24 02:51:24] [PROGRESS] resolve files> Scanning /mnt/c/Users/Sharof/AndroidStudioProjects/SecureGSI/codeql-db-kotlin/trap/java/classes/java/util/function/LongFunction.members...
[2026-08-24 02:51:24] [PROGRESS] resolve files> Scanning /mnt/c/Users/Sharof/AndroidStudioProjects/SecureGSI/codeql-db-kotlin/trap/java/classes/java/util/function/LongPredicate.members...
[2026-08-24 02:51:24] [PROGRESS] resolve files> Scanning /mnt/c/Users/Sharof/AndroidStudioProjects/SecureGSI/codeql-db-kotlin/trap/java/classes/java/util/function/LongSupplier.members...
[2026-08-24 02:51:24] [PROGRESS] resolve files> Scanning /mnt/c/Users/Sharof/AndroidStudioProjects/SecureGSI/codeql-db-kotlin/trap/java/classes/java/util/function/LongToDoubleFunction.members...
[2026-08-24 02:51:24] [PROGRESS] resolve files> Scanning /mnt/c/Users/Sharof/AndroidStudioProjects/SecureGSI/codeql-db-kotlin/trap/java/classes/java/util/function/LongToIntFunction.members...
[2026-08-24 02:51:24] [PROGRESS] resolve files> Scanning /mnt/c/Users/Sharof/AndroidStudioProjects/SecureGSI/codeql-db-kotlin/trap/java/classes/java/util/function/LongUnaryOperator.members...
[2026-08-24 02:51:24] [PROGRESS] resolve files> Scanning /mnt/c/Users/Sharof/AndroidStudioProjects/SecureGSI/codeql-db-kotlin/trap/java/classes/java/util/function/ObjDoubleConsumer.members...
[2026-08-24 02:51:24] [PROGRESS] resolve files> Scanning /mnt/c/Users/Sharof/AndroidStudioProjects/SecureGSI/codeql-db-kotlin/trap/java/classes/java/util/function/ObjIntConsumer.members...
[2026-08-24 02:51:24] [PROGRESS] resolve files> Scanning /mnt/c/Users/Sharof/AndroidStudioProjects/SecureGSI/codeql-db-kotlin/trap/java/classes/java/util/function/ObjLongConsumer.members...
[2026-08-24 02:51:24] [PROGRESS] resolve files> Scanning /mnt/c/Users/Sharof/AndroidStudioProjects/SecureGSI/codeql-db-kotlin/trap/java/classes/java/util/function/Predicate.members...
[2026-08-24 02:51:24] [PROGRESS] resolve files> Scanning /mnt/c/Users/Sharof/AndroidStudioProjects/SecureGSI/codeql-db-kotlin/trap/java/classes/java/util/function/Supplier.members...
[2026-08-24 02:51:24] [PROGRESS] resolve files> Scanning /mnt/c/Users/Sharof/AndroidStudioProjects/SecureGSI/codeql-db-kotlin/trap/java/classes/java/util/function/ToDoubleFunction.members...
[2026-08-24 02:51:24] [PROGRESS] resolve files> Scanning /mnt/c/Users/Sharof/AndroidStudioProjects/SecureGSI/codeql-db-kotlin/trap/java/classes/java/util/function/ToIntFunction.members...
[2026-08-24 02:51:24] [PROGRESS] resolve files> Scanning /mnt/c/Users/Sharof/AndroidStudioProjects/SecureGSI/codeql-db-kotlin/trap/java/classes/java/util/function/ToLongFunction.members...
[2026-08-24 02:51:24] [PROGRESS] resolve files> Scanning /mnt/c/Users/Sharof/AndroidStudioProjects/SecureGSI/codeql-db-kotlin/trap/java/classes/java/util/function/UnaryOperator.members...
[2026-08-24 02:51:24] [PROGRESS] resolve files> Scanning /mnt/c/Users/Sharof/AndroidStudioProjects/SecureGSI/codeql-db-kotlin/trap/java/classes/java/util/HashMap.members...
[2026-08-24 02:51:24] [PROGRESS] resolve files> Scanning /mnt/c/Users/Sharof/AndroidStudioProjects/SecureGSI/codeql-db-kotlin/trap/java/classes/java/util/HashSet.members...
[2026-08-24 02:51:24] [PROGRESS] resolve files> Scanning /mnt/c/Users/Sharof/AndroidStudioProjects/SecureGSI/codeql-db-kotlin/trap/java/classes/java/util/Hashtable.members...
[2026-08-24 02:51:24] [PROGRESS] resolve files> Scanning /mnt/c/Users/Sharof/AndroidStudioProjects/SecureGSI/codeql-db-kotlin/trap/java/classes/java/util/IntSummaryStatistics.members...
[2026-08-24 02:51:24] [PROGRESS] resolve files> Scanning /mnt/c/Users/Sharof/AndroidStudioProjects/SecureGSI/codeql-db-kotlin/trap/java/classes/java/util/Iterator.members...
[2026-08-24 02:51:24] [PROGRESS] resolve files> Scanning /mnt/c/Users/Sharof/AndroidStudioProjects/SecureGSI/codeql-db-kotlin/trap/java/classes/java/util/List.members...
[2026-08-24 02:51:24] [PROGRESS] resolve files> Scanning /mnt/c/Users/Sharof/AndroidStudioProjects/SecureGSI/codeql-db-kotlin/trap/java/classes/java/util/ListIterator.members...
[2026-08-24 02:51:24] [PROGRESS] resolve files> Scanning /mnt/c/Users/Sharof/AndroidStudioProjects/SecureGSI/codeql-db-kotlin/trap/java/classes/java/util/Locale$Builder.members...
[2026-08-24 02:51:24] [PROGRESS] resolve files> Scanning /mnt/c/Users/Sharof/AndroidStudioProjects/SecureGSI/codeql-db-kotlin/trap/java/classes/java/util/Locale$Category.members...
[2026-08-24 02:51:24] [PROGRESS] resolve files> Scanning /mnt/c/Users/Sharof/AndroidStudioProjects/SecureGSI/codeql-db-kotlin/trap/java/classes/java/util/Locale$FilteringMode.members...
[2026-08-24 02:51:24] [PROGRESS] resolve files> Scanning /mnt/c/Users/Sharof/AndroidStudioProjects/SecureGSI/codeql-db-kotlin/trap/java/classes/java/util/Locale$IsoCountryCode.members...
[2026-08-24 02:51:24] [PROGRESS] resolve files> Scanning /mnt/c/Users/Sharof/AndroidStudioProjects/SecureGSI/codeql-db-kotlin/trap/java/classes/java/util/Locale$LanguageRange.members...
[2026-08-24 02:51:24] [PROGRESS] resolve files> Scanning /mnt/c/Users/Sharof/AndroidStudioProjects/SecureGSI/codeql-db-kotlin/trap/java/classes/java/util/Locale.members...
[2026-08-24 02:51:24] [PROGRESS] resolve files> Scanning /mnt/c/Users/Sharof/AndroidStudioProjects/SecureGSI/codeql-db-kotlin/trap/java/classes/java/util/LongSummaryStatistics.members...
[2026-08-24 02:51:24] [PROGRESS] resolve files> Scanning /mnt/c/Users/Sharof/AndroidStudioProjects/SecureGSI/codeql-db-kotlin/trap/java/classes/java/util/Map$Entry.members...
[2026-08-24 02:51:24] [PROGRESS] resolve files> Scanning /mnt/c/Users/Sharof/AndroidStudioProjects/SecureGSI/codeql-db-kotlin/trap/java/classes/java/util/Map.members...
[2026-08-24 02:51:24] [PROGRESS] resolve files> Scanning /mnt/c/Users/Sharof/AndroidStudioProjects/SecureGSI/codeql-db-kotlin/trap/java/classes/java/util/Optional.members...
[2026-08-24 02:51:24] [PROGRESS] resolve files> Scanning /mnt/c/Users/Sharof/AndroidStudioProjects/SecureGSI/codeql-db-kotlin/trap/java/classes/java/util/OptionalDouble.members...
[2026-08-24 02:51:24] [PROGRESS] resolve files> Scanning /mnt/c/Users/Sharof/AndroidStudioProjects/SecureGSI/codeql-db-kotlin/trap/java/classes/java/util/OptionalInt.members...
[2026-08-24 02:53:21] [PROGRESS] resolve files> Scanning /mnt/c/Users/Sharof/AndroidStudioProjects/SecureGSI/codeql-db-kotlin/trap/java/classes/java/util/OptionalLong.members...
[2026-08-24 02:53:21] [PROGRESS] resolve files> Scanning /mnt/c/Users/Sharof/AndroidStudioProjects/SecureGSI/codeql-db-kotlin/trap/java/classes/java/util/PrimitiveIterator$OfDouble.members...
[2026-08-24 02:53:21] [PROGRESS] resolve files> Scanning /mnt/c/Users/Sharof/AndroidStudioProjects/SecureGSI/codeql-db-kotlin/trap/java/classes/java/util/PrimitiveIterator$OfInt.members...
[2026-08-24 02:53:21] [PROGRESS] resolve files> Scanning /mnt/c/Users/Sharof/AndroidStudioProjects/SecureGSI/codeql-db-kotlin/trap/java/classes/java/util/PrimitiveIterator$OfLong.members...
[2026-08-24 02:53:21] [PROGRESS] resolve files> Scanning /mnt/c/Users/Sharof/AndroidStudioProjects/SecureGSI/codeql-db-kotlin/trap/java/classes/java/util/PrimitiveIterator.members...
[2026-08-24 02:53:21] [PROGRESS] resolve files> Scanning /mnt/c/Users/Sharof/AndroidStudioProjects/SecureGSI/codeql-db-kotlin/trap/java/classes/java/util/Properties.members...
[2026-08-24 02:53:21] [PROGRESS] resolve files> Scanning /mnt/c/Users/Sharof/AndroidStudioProjects/SecureGSI/codeql-db-kotlin/trap/java/classes/java/util/random...
[2026-08-24 02:53:21] [PROGRESS] resolve files> Scanning /mnt/c/Users/Sharof/AndroidStudioProjects/SecureGSI/codeql-db-kotlin/trap/java/classes/java/util/random/RandomGenerator$ArbitrarilyJumpableGenerator.members...
[2026-08-24 02:53:21] [PROGRESS] resolve files> Scanning /mnt/c/Users/Sharof/AndroidStudioProjects/SecureGSI/codeql-db-kotlin/trap/java/classes/java/util/random/RandomGenerator$JumpableGenerator.members...
[2026-08-24 02:53:21] [PROGRESS] resolve files> Scanning /mnt/c/Users/Sharof/AndroidStudioProjects/SecureGSI/codeql-db-kotlin/trap/java/classes/java/util/random/RandomGenerator$LeapableGenerator.members...
[2026-08-24 02:53:21] [PROGRESS] resolve files> Scanning /mnt/c/Users/Sharof/AndroidStudioProjects/SecureGSI/codeql-db-kotlin/trap/java/classes/java/util/random/RandomGenerator$SplittableGenerator.members...
[2026-08-24 02:53:21] [PROGRESS] resolve files> Scanning /mnt/c/Users/Sharof/AndroidStudioProjects/SecureGSI/codeql-db-kotlin/trap/java/classes/java/util/random/RandomGenerator$StreamableGenerator.members...
[2026-08-24 02:53:21] [PROGRESS] resolve files> Scanning /mnt/c/Users/Sharof/AndroidStudioProjects/SecureGSI/codeql-db-kotlin/trap/java/classes/java/util/random/RandomGenerator.members...
[2026-08-24 02:53:21] [PROGRESS] resolve files> Scanning /mnt/c/Users/Sharof/AndroidStudioProjects/SecureGSI/codeql-db-kotlin/trap/java/classes/java/util/Random.members...
[2026-08-24 02:53:21] [PROGRESS] resolve files> Scanning /mnt/c/Users/Sharof/AndroidStudioProjects/SecureGSI/codeql-db-kotlin/trap/java/classes/java/util/RandomAccess.members...
[2026-08-24 02:53:21] [PROGRESS] resolve files> Scanning /mnt/c/Users/Sharof/AndroidStudioProjects/SecureGSI/codeql-db-kotlin/trap/java/classes/java/util/regex...
[2026-08-24 02:53:21] [PROGRESS] resolve files> Scanning /mnt/c/Users/Sharof/AndroidStudioProjects/SecureGSI/codeql-db-kotlin/trap/java/classes/java/util/regex/Matcher.members...
[2026-08-24 02:53:21] [PROGRESS] resolve files> Scanning /mnt/c/Users/Sharof/AndroidStudioProjects/SecureGSI/codeql-db-kotlin/trap/java/classes/java/util/regex/MatchResult.members...
[2026-08-24 02:53:21] [PROGRESS] resolve files> Scanning /mnt/c/Users/Sharof/AndroidStudioProjects/SecureGSI/codeql-db-kotlin/trap/java/classes/java/util/regex/Pattern.members...
[2026-08-24 02:53:21] [PROGRESS] resolve files> Scanning /mnt/c/Users/Sharof/AndroidStudioProjects/SecureGSI/codeql-db-kotlin/trap/java/classes/java/util/SequencedCollection.members...
[2026-08-24 02:53:21] [PROGRESS] resolve files> Scanning /mnt/c/Users/Sharof/AndroidStudioProjects/SecureGSI/codeql-db-kotlin/trap/java/classes/java/util/SequencedMap.members...
[2026-08-24 02:53:21] [PROGRESS] resolve files> Scanning /mnt/c/Users/Sharof/AndroidStudioProjects/SecureGSI/codeql-db-kotlin/trap/java/classes/java/util/SequencedSet.members...
[2026-08-24 02:53:21] [PROGRESS] resolve files> Scanning /mnt/c/Users/Sharof/AndroidStudioProjects/SecureGSI/codeql-db-kotlin/trap/java/classes/java/util/Set.members...
[2026-08-24 02:53:21] [PROGRESS] resolve files> Scanning /mnt/c/Users/Sharof/AndroidStudioProjects/SecureGSI/codeql-db-kotlin/trap/java/classes/java/util/SortedMap.members...
[2026-08-24 02:51:24] [PROGRESS] resolve files> Scanning /mnt/c/Users/Sharof/AndroidStudioProjects/SecureGSI/codeql-db-kotlin/trap/java/classes/java/util/Spliterator$OfDouble.members...
[2026-08-24 02:51:24] [PROGRESS] resolve files> Scanning /mnt/c/Users/Sharof/AndroidStudioProjects/SecureGSI/codeql-db-kotlin/trap/java/classes/java/util/Spliterator$OfInt.members...
[2026-08-24 02:51:24] [PROGRESS] resolve files> Scanning /mnt/c/Users/Sharof/AndroidStudioProjects/SecureGSI/codeql-db-kotlin/trap/java/classes/java/util/Spliterator$OfLong.members...
[2026-08-24 02:51:24] [PROGRESS] resolve files> Scanning /mnt/c/Users/Sharof/AndroidStudioProjects/SecureGSI/codeql-db-kotlin/trap/java/classes/java/util/Spliterator$OfPrimitive.members...
[2026-08-24 02:51:24] [PROGRESS] resolve files> Scanning /mnt/c/Users/Sharof/AndroidStudioProjects/SecureGSI/codeql-db-kotlin/trap/java/classes/java/util/Spliterator.members...
[2026-08-24 02:51:24] [PROGRESS] resolve files> Scanning /mnt/c/Users/Sharof/AndroidStudioProjects/SecureGSI/codeql-db-kotlin/trap/java/classes/java/util/stream...
[2026-08-24 02:51:24] [PROGRESS] resolve files> Scanning /mnt/c/Users/Sharof/AndroidStudioProjects/SecureGSI/codeql-db-kotlin/trap/java/classes/java/util/stream/BaseStream.members...
[2026-08-24 02:51:24] [PROGRESS] resolve files> Scanning /mnt/c/Users/Sharof/AndroidStudioProjects/SecureGSI/codeql-db-kotlin/trap/java/classes/java/util/stream/Collector$Characteristics.members...
[2026-08-24 02:51:24] [PROGRESS] resolve files> Scanning /mnt/c/Users/Sharof/AndroidStudioProjects/SecureGSI/codeql-db-kotlin/trap/java/classes/java/util/stream/Collector.members...
[2026-08-24 02:51:24] [PROGRESS] resolve files> Scanning /mnt/c/Users/Sharof/AndroidStudioProjects/SecureGSI/codeql-db-kotlin/trap/java/classes/java/util/stream/DoubleStream$Builder.members...
[2026-08-24 02:51:24] [PROGRESS] resolve files> Scanning /mnt/c/Users/Sharof/AndroidStudioProjects/SecureGSI/codeql-db-kotlin/trap/java/classes/java/util/stream/DoubleStream$DoubleMapMultiConsumer.members...
[2026-08-24 02:51:24] [PROGRESS] resolve files> Scanning /mnt/c/Users/Sharof/AndroidStudioProjects/SecureGSI/codeql-db-kotlin/trap/java/classes/java/util/stream/DoubleStream.members...
[2026-08-24 02:51:24] [PROGRESS] resolve files> Scanning /mnt/c/Users/Sharof/AndroidStudioProjects/SecureGSI/codeql-db-kotlin/trap/java/classes/java/util/stream/Gatherer$Downstream.members...
[2026-08-24 02:51:24] [PROGRESS] resolve files> Scanning /mnt/c/Users/Sharof/AndroidStudioProjects/SecureGSI/codeql-db-kotlin/trap/java/classes/java/util/stream/Gatherer$Integrator$Greedy.members...
[2026-08-24 02:51:24] [PROGRESS] resolve files> Scanning /mnt/c/Users/Sharof/AndroidStudioProjects/SecureGSI/codeql-db-kotlin/trap/java/classes/java/util/stream/Gatherer$Integrator.members...
[2026-08-24 02:51:24] [PROGRESS] resolve files> Scanning /mnt/c/Users/Sharof/AndroidStudioProjects/SecureGSI/codeql-db-kotlin/trap/java/classes/java/util/stream/Gatherer.members...
[2026-08-24 02:51:24] [PROGRESS] resolve files> Scanning /mnt/c/Users/Sharof/AndroidStudioProjects/SecureGSI/codeql-db-kotlin/trap/java/classes/java/util/stream/IntStream$Builder.members...
[2026-08-24 02:51:24] [PROGRESS] resolve files> Scanning /mnt/c/Users/Sharof/AndroidStudioProjects/SecureGSI/codeql-db-kotlin/trap/java/classes/java/util/stream/IntStream$IntMapMultiConsumer.members...
[2026-08-24 02:51:24] [PROGRESS] resolve files> Scanning /mnt/c/Users/Sharof/AndroidStudioProjects/SecureGSI/codeql-db-kotlin/trap/java/classes/java/util/stream/IntStream.members...
[2026-08-24 02:51:24] [PROGRESS] resolve files> Scanning /mnt/c/Users/Sharof/AndroidStudioProjects/SecureGSI/codeql-db-kotlin/trap/java/classes/java/util/stream/LongStream$Builder.members...
[2026-08-24 02:51:24] [PROGRESS] resolve files> Scanning /mnt/c/Users/Sharof/AndroidStudioProjects/SecureGSI/codeql-db-kotlin/trap/java/classes/java/util/stream/LongStream$LongMapMultiConsumer.members...
[2026-08-24 02:51:24] [PROGRESS] resolve files> Scanning /mnt/c/Users/Sharof/AndroidStudioProjects/SecureGSI/codeql-db-kotlin/trap/java/classes/java/util/stream/LongStream.members...
[2026-08-24 02:51:24] [PROGRESS] resolve files> Scanning /mnt/c/Users/Sharof/AndroidStudioProjects/SecureGSI/codeql-db-kotlin/trap/java/classes/java/util/stream/Stream$Builder.members...
[2026-08-24 02:51:24] [PROGRESS] resolve files> Scanning /mnt/c/Users/Sharof/AndroidStudioProjects/SecureGSI/codeql-db-kotlin/trap/java/classes/java/util/stream/Stream.members...
[2026-08-24 02:51:24] [PROGRESS] resolve files> Scanning /mnt/c/Users/Sharof/AndroidStudioProjects/SecureGSI/codeql-db-kotlin/trap/java/classes/java/util/UUID.members...
[2026-08-24 02:51:24] [PROGRESS] resolve files> Scanning /mnt/c/Users/Sharof/AndroidStudioProjects/SecureGSI/codeql-db-kotlin/trap/java/classes/javax...
[2026-08-24 02:51:24] [PROGRESS] resolve files> Scanning /mnt/c/Users/Sharof/AndroidStudioProjects/SecureGSI/codeql-db-kotlin/trap/java/classes/javax/security...
[2026-08-24 02:51:24] [PROGRESS] resolve files> Scanning /mnt/c/Users/Sharof/AndroidStudioProjects/SecureGSI/codeql-db-kotlin/trap/java/classes/javax/security/auth...
[2026-08-24 02:51:24] [PROGRESS] resolve files> Scanning /mnt/c/Users/Sharof/AndroidStudioProjects/SecureGSI/codeql-db-kotlin/trap/java/classes/javax/security/auth/Subject.members...
[2026-08-24 02:51:24] [PROGRESS] resolve files> Scanning /mnt/c/Users/Sharof/AndroidStudioProjects/SecureGSI/codeql-db-kotlin/trap/java/classes/kotlin...
[2026-08-24 02:51:24] [PROGRESS] resolve files> Scanning /mnt/c/Users/Sharof/AndroidStudioProjects/SecureGSI/codeql-db-kotlin/trap/java/classes/kotlin/annotation...
[2026-08-24 02:51:24] [PROGRESS] resolve files> Scanning /mnt/c/Users/Sharof/AndroidStudioProjects/SecureGSI/codeql-db-kotlin/trap/java/classes/kotlin/annotation/AnnotationRetention.members...
[2026-08-24 02:51:24] [PROGRESS] resolve files> Scanning /mnt/c/Users/Sharof/AndroidStudioProjects/SecureGSI/codeql-db-kotlin/trap/java/classes/kotlin/annotation/AnnotationTarget.members...
[2026-08-24 02:51:24] [PROGRESS] resolve files> Scanning /mnt/c/Users/Sharof/AndroidStudioProjects/SecureGSI/codeql-db-kotlin/trap/java/classes/kotlin/annotation/MustBeDocumented.members...
[2026-08-24 02:51:24] [PROGRESS] resolve files> Scanning /mnt/c/Users/Sharof/AndroidStudioProjects/SecureGSI/codeql-db-kotlin/trap/java/classes/kotlin/annotation/Repeatable.members...
[2026-08-24 02:51:24] [PROGRESS] resolve files> Scanning /mnt/c/Users/Sharof/AndroidStudioProjects/SecureGSI/codeql-db-kotlin/trap/java/classes/kotlin/annotation/Retention.members...
[2026-08-24 02:51:24] [PROGRESS] resolve files> Scanning /mnt/c/Users/Sharof/AndroidStudioProjects/SecureGSI/codeql-db-kotlin/trap/java/classes/kotlin/annotation/Target.members...
[2026-08-24 02:51:24] [PROGRESS] resolve files> Scanning /mnt/c/Users/Sharof/AndroidStudioProjects/SecureGSI/codeql-db-kotlin/trap/java/classes/kotlin/Annotation.members...
[2026-08-24 02:51:24] [PROGRESS] resolve files> Scanning /mnt/c/Users/Sharof/AndroidStudioProjects/SecureGSI/codeql-db-kotlin/trap/java/classes/kotlin/Any.members...
[2026-08-24 02:51:24] [PROGRESS] resolve files> Scanning /mnt/c/Users/Sharof/AndroidStudioProjects/SecureGSI/codeql-db-kotlin/trap/java/classes/kotlin/Boolean$Companion.members...
[2026-08-24 02:51:24] [PROGRESS] resolve files> Scanning /mnt/c/Users/Sharof/AndroidStudioProjects/SecureGSI/codeql-db-kotlin/trap/java/classes/kotlin/Boolean.members...
[2026-08-24 02:51:24] [PROGRESS] resolve files> Scanning /mnt/c/Users/Sharof/AndroidStudioProjects/SecureGSI/codeql-db-kotlin/trap/java/classes/kotlin/Byte$Companion.members...
[2026-08-24 02:51:24] [PROGRESS] resolve files> Scanning /mnt/c/Users/Sharof/AndroidStudioProjects/SecureGSI/codeql-db-kotlin/trap/java/classes/kotlin/Byte.members...
[2026-08-24 02:51:24] [PROGRESS] resolve files> Scanning /mnt/c/Users/Sharof/AndroidStudioProjects/SecureGSI/codeql-db-kotlin/trap/java/classes/kotlin/Char$Companion.members...
[2026-08-24 02:51:24] [PROGRESS] resolve files> Scanning /mnt/c/Users/Sharof/AndroidStudioProjects/SecureGSI/codeql-db-kotlin/trap/java/classes/kotlin/Char.members...
[2026-08-24 02:51:25] [PROGRESS] resolve files> Scanning /mnt/c/Users/Sharof/AndroidStudioProjects/SecureGSI/codeql-db-kotlin/trap/java/classes/kotlin/CharSequence.members...
[2026-08-24 02:51:25] [PROGRESS] resolve files> Scanning /mnt/c/Users/Sharof/AndroidStudioProjects/SecureGSI/codeql-db-kotlin/trap/java/classes/kotlin/check(boolean,kotlin.jvm.functions.Function0).members...
[2026-08-24 02:51:25] [PROGRESS] resolve files> Scanning /mnt/c/Users/Sharof/AndroidStudioProjects/SecureGSI/codeql-db-kotlin/trap/java/classes/kotlin/Cloneable.members...
[2026-08-24 02:51:25] [PROGRESS] resolve files> Scanning /mnt/c/Users/Sharof/AndroidStudioProjects/SecureGSI/codeql-db-kotlin/trap/java/classes/kotlin/collections...
[2026-08-24 02:51:25] [PROGRESS] resolve files> Scanning /mnt/c/Users/Sharof/AndroidStudioProjects/SecureGSI/codeql-db-kotlin/trap/java/classes/kotlin/collections/any(java.lang.Object[],kotlin.jvm.functions.Function1).members...
[2026-08-24 02:51:25] [PROGRESS] resolve files> Scanning /mnt/c/Users/Sharof/AndroidStudioProjects/SecureGSI/codeql-db-kotlin/trap/java/classes/kotlin/collections/CharIterator.members...
[2026-08-24 02:51:25] [PROGRESS] resolve files> Scanning /mnt/c/Users/Sharof/AndroidStudioProjects/SecureGSI/codeql-db-kotlin/trap/java/classes/kotlin/collections/Collection.members...
[2026-08-24 02:51:25] [PROGRESS] resolve files> Scanning /mnt/c/Users/Sharof/AndroidStudioProjects/SecureGSI/codeql-db-kotlin/trap/java/classes/kotlin/collections/filter(java.lang.Iterable,kotlin.jvm.functions.Function1).members...
[2026-08-24 02:51:25] [PROGRESS] resolve files> Scanning /mnt/c/Users/Sharof/AndroidStudioProjects/SecureGSI/codeql-db-kotlin/trap/java/classes/kotlin/collections/firstOrNull(java.lang.Object[]).members...
[2026-08-24 02:51:25] [PROGRESS] resolve files> Scanning /mnt/c/Users/Sharof/AndroidStudioProjects/SecureGSI/codeql-db-kotlin/trap/java/classes/kotlin/collections/IntIterator.members...
[2026-08-24 02:51:25] [PROGRESS] resolve files> Scanning /mnt/c/Users/Sharof/AndroidStudioProjects/SecureGSI/codeql-db-kotlin/trap/java/classes/kotlin/collections/Iterable.members...
[2026-08-24 02:51:25] [PROGRESS] resolve files> Scanning /mnt/c/Users/Sharof/AndroidStudioProjects/SecureGSI/codeql-db-kotlin/trap/java/classes/kotlin/collections/Iterator.members...
[2026-08-24 02:51:25] [PROGRESS] resolve files> Scanning /mnt/c/Users/Sharof/AndroidStudioProjects/SecureGSI/codeql-db-kotlin/trap/java/classes/kotlin/collections/joinToString(java.lang.Iterable,java.lang.CharSequence,java.lang.CharSequence,java.lang.CharSequence,int#037a03af.members...
[2026-08-24 02:51:25] [PROGRESS] resolve files> Scanning /mnt/c/Users/Sharof/AndroidStudioProjects/SecureGSI/codeql-db-kotlin/trap/java/classes/kotlin/collections/lastIndexjava.lang.Object[];field.members...
[2026-08-24 02:51:25] [PROGRESS] resolve files> Scanning /mnt/c/Users/Sharof/AndroidStudioProjects/SecureGSI/codeql-db-kotlin/trap/java/classes/kotlin/collections/lastIndexjava.lang.Object[];property.members...
[2026-08-24 02:51:25] [PROGRESS] resolve files> Scanning /mnt/c/Users/Sharof/AndroidStudioProjects/SecureGSI/codeql-db-kotlin/trap/java/classes/kotlin/collections/List.members...
[2026-08-24 02:51:25] [PROGRESS] resolve files> Scanning /mnt/c/Users/Sharof/AndroidStudioProjects/SecureGSI/codeql-db-kotlin/trap/java/classes/kotlin/collections/ListIterator.members...
[2026-08-24 02:51:25] [PROGRESS] resolve files> Scanning /mnt/c/Users/Sharof/AndroidStudioProjects/SecureGSI/codeql-db-kotlin/trap/java/classes/kotlin/collections/listOf(java.lang.Object[]).members...
[2026-08-24 02:51:25] [PROGRESS] resolve files> Scanning /mnt/c/Users/Sharof/AndroidStudioProjects/SecureGSI/codeql-db-kotlin/trap/java/classes/kotlin/collections/LongIterator.members...
[2026-08-24 02:51:25] [PROGRESS] resolve files> Scanning /mnt/c/Users/Sharof/AndroidStudioProjects/SecureGSI/codeql-db-kotlin/trap/java/classes/kotlin/collections/Map$Entry.members...
[2026-08-24 02:51:25] [PROGRESS] resolve files> Scanning /mnt/c/Users/Sharof/AndroidStudioProjects/SecureGSI/codeql-db-kotlin/trap/java/classes/kotlin/collections/Map.members...
[2026-08-24 02:51:25] [PROGRESS] resolve files> Scanning /mnt/c/Users/Sharof/AndroidStudioProjects/SecureGSI/codeql-db-kotlin/trap/java/classes/kotlin/collections/MutableCollection.members...
[2026-08-24 02:51:25] [PROGRESS] resolve files> Scanning /mnt/c/Users/Sharof/AndroidStudioProjects/SecureGSI/codeql-db-kotlin/trap/java/classes/kotlin/collections/MutableIterable.members...
[2026-08-24 02:51:25] [PROGRESS] resolve files> Scanning /mnt/c/Users/Sharof/AndroidStudioProjects/SecureGSI/codeql-db-kotlin/trap/java/classes/kotlin/collections/MutableIterator.members...
[2026-08-24 02:51:25] [PROGRESS] resolve files> Scanning /mnt/c/Users/Sharof/AndroidStudioProjects/SecureGSI/codeql-db-kotlin/trap/java/classes/kotlin/collections/MutableList.members...
[2026-08-24 02:51:25] [PROGRESS] resolve files> Scanning /mnt/c/Users/Sharof/AndroidStudioProjects/SecureGSI/codeql-db-kotlin/trap/java/classes/kotlin/collections/MutableListIterator.members...
[2026-08-24 02:51:25] [PROGRESS] resolve files> Scanning /mnt/c/Users/Sharof/AndroidStudioProjects/SecureGSI/codeql-db-kotlin/trap/java/classes/kotlin/collections/MutableMap$MutableEntry.members...
[2026-08-24 02:51:25] [PROGRESS] resolve files> Scanning /mnt/c/Users/Sharof/AndroidStudioProjects/SecureGSI/codeql-db-kotlin/trap/java/classes/kotlin/collections/MutableMap.members...
[2026-08-24 02:51:25] [PROGRESS] resolve files> Scanning /mnt/c/Users/Sharof/AndroidStudioProjects/SecureGSI/codeql-db-kotlin/trap/java/classes/kotlin/collections/MutableSet.members...
[2026-08-24 02:51:25] [PROGRESS] resolve files> Scanning /mnt/c/Users/Sharof/AndroidStudioProjects/SecureGSI/codeql-db-kotlin/trap/java/classes/kotlin/collections/Set.members...
[2026-08-24 02:51:25] [PROGRESS] resolve files> Scanning /mnt/c/Users/Sharof/AndroidStudioProjects/SecureGSI/codeql-db-kotlin/trap/java/classes/kotlin/Comparable.members...
[2026-08-24 02:51:25] [PROGRESS] resolve files> Scanning /mnt/c/Users/Sharof/AndroidStudioProjects/SecureGSI/codeql-db-kotlin/trap/java/classes/kotlin/coroutines...
[2026-08-24 02:51:25] [PROGRESS] resolve files> Scanning /mnt/c/Users/Sharof/AndroidStudioProjects/SecureGSI/codeql-db-kotlin/trap/java/classes/kotlin/coroutines/CoroutineContext$Element.members...
[2026-08-24 02:51:25] [PROGRESS] resolve files> Scanning /mnt/c/Users/Sharof/AndroidStudioProjects/SecureGSI/codeql-db-kotlin/trap/java/classes/kotlin/coroutines/CoroutineContext$Key.members...
[2026-08-24 02:51:25] [PROGRESS] resolve files> Scanning /mnt/c/Users/Sharof/AndroidStudioProjects/SecureGSI/codeql-db-kotlin/trap/java/classes/kotlin/coroutines/CoroutineContext.members...
[2026-08-24 02:51:25] [PROGRESS] resolve files> Scanning /mnt/c/Users/Sharof/AndroidStudioProjects/SecureGSI/codeql-db-kotlin/trap/java/classes/kotlin/coroutines/SuspendFunction1.members...
[2026-08-24 02:51:25] [PROGRESS] resolve files> Scanning /mnt/c/Users/Sharof/AndroidStudioProjects/SecureGSI/codeql-db-kotlin/trap/java/classes/kotlin/Deprecated.members...
[2026-08-24 02:51:25] [PROGRESS] resolve files> Scanning /mnt/c/Users/Sharof/AndroidStudioProjects/SecureGSI/codeql-db-kotlin/trap/java/classes/kotlin/DeprecatedSinceKotlin.members...
[2026-08-24 02:51:25] [PROGRESS] resolve files> Scanning /mnt/c/Users/Sharof/AndroidStudioProjects/SecureGSI/codeql-db-kotlin/trap/java/classes/kotlin/DeprecationLevel.members...
[2026-08-24 02:51:25] [PROGRESS] resolve files> Scanning /mnt/c/Users/Sharof/AndroidStudioProjects/SecureGSI/codeql-db-kotlin/trap/java/classes/kotlin/Double$Companion.members...
[2026-08-24 02:51:25] [PROGRESS] resolve files> Scanning /mnt/c/Users/Sharof/AndroidStudioProjects/SecureGSI/codeql-db-kotlin/trap/java/classes/kotlin/Double.members...
[2026-08-24 02:51:25] [PROGRESS] resolve files> Scanning /mnt/c/Users/Sharof/AndroidStudioProjects/SecureGSI/codeql-db-kotlin/trap/java/classes/kotlin/DslMarker.members...
[2026-08-24 02:51:25] [PROGRESS] resolve files> Scanning /mnt/c/Users/Sharof/AndroidStudioProjects/SecureGSI/codeql-db-kotlin/trap/java/classes/kotlin/Enum$Companion.members...
[2026-08-24 02:51:25] [PROGRESS] resolve files> Scanning /mnt/c/Users/Sharof/AndroidStudioProjects/SecureGSI/codeql-db-kotlin/trap/java/classes/kotlin/Enum.members...
[2026-08-24 02:51:25] [PROGRESS] resolve files> Scanning /mnt/c/Users/Sharof/AndroidStudioProjects/SecureGSI/codeql-db-kotlin/trap/java/classes/kotlin/enums...
[2026-08-24 02:51:25] [PROGRESS] resolve files> Scanning /mnt/c/Users/Sharof/AndroidStudioProjects/SecureGSI/codeql-db-kotlin/trap/java/classes/kotlin/enums/EnumEntries.members...
[2026-08-24 02:51:25] [PROGRESS] resolve files> Scanning /mnt/c/Users/Sharof/AndroidStudioProjects/SecureGSI/codeql-db-kotlin/trap/java/classes/kotlin/ExperimentalStdlibApi.members...
[2026-08-24 02:51:25] [PROGRESS] resolve files> Scanning /mnt/c/Users/Sharof/AndroidStudioProjects/SecureGSI/codeql-db-kotlin/trap/java/classes/kotlin/ExperimentalSubclassOptIn.members...
[2026-08-24 02:51:25] [PROGRESS] resolve files> Scanning /mnt/c/Users/Sharof/AndroidStudioProjects/SecureGSI/codeql-db-kotlin/trap/java/classes/kotlin/Float$Companion.members...
[2026-08-24 02:51:25] [PROGRESS] resolve files> Scanning /mnt/c/Users/Sharof/AndroidStudioProjects/SecureGSI/codeql-db-kotlin/trap/java/classes/kotlin/Float.members...
[2026-08-24 02:51:25] [PROGRESS] resolve files> Scanning /mnt/c/Users/Sharof/AndroidStudioProjects/SecureGSI/codeql-db-kotlin/trap/java/classes/kotlin/Function.members...
[2026-08-24 02:51:25] [PROGRESS] resolve files> Scanning /mnt/c/Users/Sharof/AndroidStudioProjects/SecureGSI/codeql-db-kotlin/trap/java/classes/kotlin/Function0.members...
[2026-08-24 02:51:25] [PROGRESS] resolve files> Scanning /mnt/c/Users/Sharof/AndroidStudioProjects/SecureGSI/codeql-db-kotlin/trap/java/classes/kotlin/Function1.members...
[2026-08-24 02:51:25] [PROGRESS] resolve files> Scanning /mnt/c/Users/Sharof/AndroidStudioProjects/SecureGSI/codeql-db-kotlin/trap/java/classes/kotlin/Function10.members...
[2026-08-24 02:51:25] [PROGRESS] resolve files> Scanning /mnt/c/Users/Sharof/AndroidStudioProjects/SecureGSI/codeql-db-kotlin/trap/java/classes/kotlin/Function11.members...
[2026-08-24 02:51:25] [PROGRESS] resolve files> Scanning /mnt/c/Users/Sharof/AndroidStudioProjects/SecureGSI/codeql-db-kotlin/trap/java/classes/kotlin/Function13.members...
[2026-08-24 02:51:25] [PROGRESS] resolve files> Scanning /mnt/c/Users/Sharof/AndroidStudioProjects/SecureGSI/codeql-db-kotlin/trap/java/classes/kotlin/Function14.members...
[2026-08-24 02:51:25] [PROGRESS] resolve files> Scanning /mnt/c/Users/Sharof/AndroidStudioProjects/SecureGSI/codeql-db-kotlin/trap/java/classes/kotlin/Function15.members...
[2026-08-24 02:51:25] [PROGRESS] resolve files> Scanning /mnt/c/Users/Sharof/AndroidStudioProjects/SecureGSI/codeql-db-kotlin/trap/java/classes/kotlin/Function16.members...
[2026-08-24 02:51:25] [PROGRESS] resolve files> Scanning /mnt/c/Users/Sharof/AndroidStudioProjects/SecureGSI/codeql-db-kotlin/trap/java/classes/kotlin/Function17.members...
[2026-08-24 02:51:25] [PROGRESS] resolve files> Scanning /mnt/c/Users/Sharof/AndroidStudioProjects/SecureGSI/codeql-db-kotlin/trap/java/classes/kotlin/Function18.members...
[2026-08-24 02:51:25] [PROGRESS] resolve files> Scanning /mnt/c/Users/Sharof/AndroidStudioProjects/SecureGSI/codeql-db-kotlin/trap/java/classes/kotlin/Function19.members...
[2026-08-24 02:51:25] [PROGRESS] resolve files> Scanning /mnt/c/Users/Sharof/AndroidStudioProjects/SecureGSI/codeql-db-kotlin/trap/java/classes/kotlin/Function2.members...
[2026-08-24 02:51:25] [PROGRESS] resolve files> Scanning /mnt/c/Users/Sharof/AndroidStudioProjects/SecureGSI/codeql-db-kotlin/trap/java/classes/kotlin/Function20.members...
[2026-08-24 02:51:25] [PROGRESS] resolve files> Scanning /mnt/c/Users/Sharof/AndroidStudioProjects/SecureGSI/codeql-db-kotlin/trap/java/classes/kotlin/Function21.members...
[2026-08-24 02:51:25] [PROGRESS] resolve files> Scanning /mnt/c/Users/Sharof/AndroidStudioProjects/SecureGSI/codeql-db-kotlin/trap/java/classes/kotlin/Function3.members...
[2026-08-24 02:51:25] [PROGRESS] resolve files> Scanning /mnt/c/Users/Sharof/AndroidStudioProjects/SecureGSI/codeql-db-kotlin/trap/java/classes/kotlin/Function4.members...
[2026-08-24 02:51:25] [PROGRESS] resolve files> Scanning /mnt/c/Users/Sharof/AndroidStudioProjects/SecureGSI/codeql-db-kotlin/trap/java/classes/kotlin/Function5.members...
[2026-08-24 02:51:25] [PROGRESS] resolve files> Scanning /mnt/c/Users/Sharof/AndroidStudioProjects/SecureGSI/codeql-db-kotlin/trap/java/classes/kotlin/Function6.members...
[2026-08-24 02:51:25] [PROGRESS] resolve files> Scanning /mnt/c/Users/Sharof/AndroidStudioProjects/SecureGSI/codeql-db-kotlin/trap/java/classes/kotlin/Function7.members...
[2026-08-24 02:51:25] [PROGRESS] resolve files> Scanning /mnt/c/Users/Sharof/AndroidStudioProjects/SecureGSI/codeql-db-kotlin/trap/java/classes/kotlin/Function8.members...
[2026-08-24 02:51:25] [PROGRESS] resolve files> Scanning /mnt/c/Users/Sharof/AndroidStudioProjects/SecureGSI/codeql-db-kotlin/trap/java/classes/kotlin/Function9.members...
[2026-08-24 02:51:25] [PROGRESS] resolve files> Scanning /mnt/c/Users/Sharof/AndroidStudioProjects/SecureGSI/codeql-db-kotlin/trap/java/classes/kotlin/Int$Companion.members...
[2026-08-24 02:51:25] [PROGRESS] resolve files> Scanning /mnt/c/Users/Sharof/AndroidStudioProjects/SecureGSI/codeql-db-kotlin/trap/java/classes/kotlin/Int.members...
[2026-08-24 02:51:25] [PROGRESS] resolve files> Scanning /mnt/c/Users/Sharof/AndroidStudioProjects/SecureGSI/codeql-db-kotlin/trap/java/classes/kotlin/internal...
[2026-08-24 02:51:25] [PROGRESS] resolve files> Scanning /mnt/c/Users/Sharof/AndroidStudioProjects/SecureGSI/codeql-db-kotlin/trap/java/classes/kotlin/internal/InlineOnly.members...
[2026-08-24 02:51:25] [PROGRESS] resolve files> Scanning /mnt/c/Users/Sharof/AndroidStudioProjects/SecureGSI/codeql-db-kotlin/trap/java/classes/kotlin/internal/IntrinsicConstEvaluation.members...
[2026-08-24 02:51:25] [PROGRESS] resolve files> Scanning /mnt/c/Users/Sharof/AndroidStudioProjects/SecureGSI/codeql-db-kotlin/trap/java/classes/kotlin/internal/PlatformDependent.members...
[2026-08-24 02:51:25] [PROGRESS] resolve files> Scanning /mnt/c/Users/Sharof/AndroidStudioProjects/SecureGSI/codeql-db-kotlin/trap/java/classes/kotlin/io...
[2026-08-24 02:51:25] [PROGRESS] resolve files> Scanning /mnt/c/Users/Sharof/AndroidStudioProjects/SecureGSI/codeql-db-kotlin/trap/java/classes/kotlin/io/copyTo(java.io.InputStream,java.io.OutputStream,int).members...
[2026-08-24 02:51:25] [PROGRESS] resolve files> Scanning /mnt/c/Users/Sharof/AndroidStudioProjects/SecureGSI/codeql-db-kotlin/trap/java/classes/kotlin/io/readLines(java.io.File,java.nio.charset.Charset).members...
[2026-08-24 02:51:25] [PROGRESS] resolve files> Scanning /mnt/c/Users/Sharof/AndroidStudioProjects/SecureGSI/codeql-db-kotlin/trap/java/classes/kotlin/io/readText(java.io.File,java.nio.charset.Charset).members...
[2026-08-24 02:51:25] [PROGRESS] resolve files> Scanning /mnt/c/Users/Sharof/AndroidStudioProjects/SecureGSI/codeql-db-kotlin/trap/java/classes/kotlin/io/use(java.io.Closeable,kotlin.jvm.functions.Function1).members...
[2026-08-24 02:51:25] [PROGRESS] resolve files> Scanning /mnt/c/Users/Sharof/AndroidStudioProjects/SecureGSI/codeql-db-kotlin/trap/java/classes/kotlin/jvm...
[2026-08-24 02:51:25] [PROGRESS] resolve files> Scanning /mnt/c/Users/Sharof/AndroidStudioProjects/SecureGSI/codeql-db-kotlin/trap/java/classes/kotlin/jvm/functions...
[2026-08-24 02:51:25] [PROGRESS] resolve files> Scanning /mnt/c/Users/Sharof/AndroidStudioProjects/SecureGSI/codeql-db-kotlin/trap/java/classes/kotlin/jvm/functions/Function0.members...
[2026-08-24 02:51:25] [PROGRESS] resolve files> Scanning /mnt/c/Users/Sharof/AndroidStudioProjects/SecureGSI/codeql-db-kotlin/trap/java/classes/kotlin/jvm/functions/Function1.members...
[2026-08-24 02:51:25] [PROGRESS] resolve files> Scanning /mnt/c/Users/Sharof/AndroidStudioProjects/SecureGSI/codeql-db-kotlin/trap/java/classes/kotlin/jvm/functions/Function10.members...
[2026-08-24 02:51:25] [PROGRESS] resolve files> Scanning /mnt/c/Users/Sharof/AndroidStudioProjects/SecureGSI/codeql-db-kotlin/trap/java/classes/kotlin/jvm/functions/Function11.members...
[2026-08-24 02:51:25] [PROGRESS] resolve files> Scanning /mnt/c/Users/Sharof/AndroidStudioProjects/SecureGSI/codeql-db-kotlin/trap/java/classes/kotlin/jvm/functions/Function13.members...
[2026-08-24 02:51:25] [PROGRESS] resolve files> Scanning /mnt/c/Users/Sharof/AndroidStudioProjects/SecureGSI/codeql-db-kotlin/trap/java/classes/kotlin/jvm/functions/Function14.members...
[2026-08-24 02:51:25] [PROGRESS] resolve files> Scanning /mnt/c/Users/Sharof/AndroidStudioProjects/SecureGSI/codeql-db-kotlin/trap/java/classes/kotlin/jvm/functions/Function15.members...
[2026-08-24 02:51:25] [PROGRESS] resolve files> Scanning /mnt/c/Users/Sharof/AndroidStudioProjects/SecureGSI/codeql-db-kotlin/trap/java/classes/kotlin/jvm/functions/Function16.members...
[2026-08-24 02:51:25] [PROGRESS] resolve files> Scanning /mnt/c/Users/Sharof/AndroidStudioProjects/SecureGSI/codeql-db-kotlin/trap/java/classes/kotlin/jvm/functions/Function17.members...
[2026-08-24 02:51:25] [PROGRESS] resolve files> Scanning /mnt/c/Users/Sharof/AndroidStudioProjects/SecureGSI/codeql-db-kotlin/trap/java/classes/kotlin/jvm/functions/Function18.members...
[2026-08-24 02:51:25] [PROGRESS] resolve files> Scanning /mnt/c/Users/Sharof/AndroidStudioProjects/SecureGSI/codeql-db-kotlin/trap/java/classes/kotlin/jvm/functions/Function19.members...
[2026-08-24 02:51:25] [PROGRESS] resolve files> Scanning /mnt/c/Users/Sharof/AndroidStudioProjects/SecureGSI/codeql-db-kotlin/trap/java/classes/kotlin/jvm/functions/Function2.members...
[2026-08-24 02:51:25] [PROGRESS] resolve files> Scanning /mnt/c/Users/Sharof/AndroidStudioProjects/SecureGSI/codeql-db-kotlin/trap/java/classes/kotlin/jvm/functions/Function20.members...
[2026-08-24 02:51:25] [PROGRESS] resolve files> Scanning /mnt/c/Users/Sharof/AndroidStudioProjects/SecureGSI/codeql-db-kotlin/trap/java/classes/kotlin/jvm/functions/Function21.members...
[2026-08-24 02:51:25] [PROGRESS] resolve files> Scanning /mnt/c/Users/Sharof/AndroidStudioProjects/SecureGSI/codeql-db-kotlin/trap/java/classes/kotlin/jvm/functions/Function3.members...
[2026-08-24 02:51:25] [PROGRESS] resolve files> Scanning /mnt/c/Users/Sharof/AndroidStudioProjects/SecureGSI/codeql-db-kotlin/trap/java/classes/kotlin/jvm/functions/Function4.members...
[2026-08-24 02:51:25] [PROGRESS] resolve files> Scanning /mnt/c/Users/Sharof/AndroidStudioProjects/SecureGSI/codeql-db-kotlin/trap/java/classes/kotlin/jvm/functions/Function5.members...
[2026-08-24 02:51:25] [PROGRESS] resolve files> Scanning /mnt/c/Users/Sharof/AndroidStudioProjects/SecureGSI/codeql-db-kotlin/trap/java/classes/kotlin/jvm/functions/Function6.members...
[2026-08-24 02:51:25] [PROGRESS] resolve files> Scanning /mnt/c/Users/Sharof/AndroidStudioProjects/SecureGSI/codeql-db-kotlin/trap/java/classes/kotlin/jvm/functions/Function7.members...
[2026-08-24 02:51:25] [PROGRESS] resolve files> Scanning /mnt/c/Users/Sharof/AndroidStudioProjects/SecureGSI/codeql-db-kotlin/trap/java/classes/kotlin/jvm/functions/Function8.members...
[2026-08-24 02:51:25] [PROGRESS] resolve files> Scanning /mnt/c/Users/Sharof/AndroidStudioProjects/SecureGSI/codeql-db-kotlin/trap/java/classes/kotlin/jvm/functions/Function9.members...
[2026-08-24 02:51:25] [PROGRESS] resolve files> Scanning /mnt/c/Users/Sharof/AndroidStudioProjects/SecureGSI/codeql-db-kotlin/trap/java/classes/kotlin/jvm/internal...
[2026-08-24 02:51:25] [PROGRESS] resolve files> Scanning /mnt/c/Users/Sharof/AndroidStudioProjects/SecureGSI/codeql-db-kotlin/trap/java/classes/kotlin/jvm/internal/BooleanCompanionObject.members...
[2026-08-24 02:51:25] [PROGRESS] resolve files> Scanning /mnt/c/Users/Sharof/AndroidStudioProjects/SecureGSI/codeql-db-kotlin/trap/java/classes/kotlin/jvm/internal/ByteCompanionObject.members...
[2026-08-24 02:51:25] [PROGRESS] resolve files> Scanning /mnt/c/Users/Sharof/AndroidStudioProjects/SecureGSI/codeql-db-kotlin/trap/java/classes/kotlin/jvm/internal/CallableReference.members...
[2026-08-24 02:51:25] [PROGRESS] resolve files> Scanning /mnt/c/Users/Sharof/AndroidStudioProjects/SecureGSI/codeql-db-kotlin/trap/java/classes/kotlin/jvm/internal/CharCompanionObject.members...
[2026-08-24 02:51:25] [PROGRESS] resolve files> Scanning /mnt/c/Users/Sharof/AndroidStudioProjects/SecureGSI/codeql-db-kotlin/trap/java/classes/kotlin/jvm/internal/DefaultConstructorMarker.members...
[2026-08-24 02:51:25] [PROGRESS] resolve files> Scanning /mnt/c/Users/Sharof/AndroidStudioProjects/SecureGSI/codeql-db-kotlin/trap/java/classes/kotlin/jvm/internal/DoubleCompanionObject.members...
[2026-08-24 02:51:25] [PROGRESS] resolve files> Scanning /mnt/c/Users/Sharof/AndroidStudioProjects/SecureGSI/codeql-db-kotlin/trap/java/classes/kotlin/jvm/internal/EnumCompanionObject.members...
[2026-08-24 02:51:25] [PROGRESS] resolve files> Scanning /mnt/c/Users/Sharof/AndroidStudioProjects/SecureGSI/codeql-db-kotlin/trap/java/classes/kotlin/jvm/internal/FloatCompanionObject.members...
[2026-08-24 02:51:25] [PROGRESS] resolve files> Scanning /mnt/c/Users/Sharof/AndroidStudioProjects/SecureGSI/codeql-db-kotlin/trap/java/classes/kotlin/jvm/internal/IntCompanionObject.members...
[2026-08-24 02:51:25] [PROGRESS] resolve files> Scanning /mnt/c/Users/Sharof/AndroidStudioProjects/SecureGSI/codeql-db-kotlin/trap/java/classes/kotlin/jvm/internal/LongCompanionObject.members...
[2026-08-24 02:51:25] [PROGRESS] resolve files> Scanning /mnt/c/Users/Sharof/AndroidStudioProjects/SecureGSI/codeql-db-kotlin/trap/java/classes/kotlin/jvm/internal/PropertyReference.members...
[2026-08-24 02:51:25] [PROGRESS] resolve files> Scanning /mnt/c/Users/Sharof/AndroidStudioProjects/SecureGSI/codeql-db-kotlin/trap/java/classes/kotlin/jvm/internal/RepeatableContainer.members...
[2026-08-24 02:51:25] [PROGRESS] resolve files> Scanning /mnt/c/Users/Sharof/AndroidStudioProjects/SecureGSI/codeql-db-kotlin/trap/java/classes/kotlin/jvm/internal/ShortCompanionObject.members...
[2026-08-24 02:51:25] [PROGRESS] resolve files> Scanning /mnt/c/Users/Sharof/AndroidStudioProjects/SecureGSI/codeql-db-kotlin/trap/java/classes/kotlin/jvm/internal/SourceDebugExtension.members...
[2026-08-24 02:51:25] [PROGRESS] resolve files> Scanning /mnt/c/Users/Sharof/AndroidStudioProjects/SecureGSI/codeql-db-kotlin/trap/java/classes/kotlin/jvm/internal/StringCompanionObject.members...
[2026-08-24 02:51:25] [PROGRESS] resolve files> Scanning /mnt/c/Users/Sharof/AndroidStudioProjects/SecureGSI/codeql-db-kotlin/trap/java/classes/kotlin/jvm/javaClassjava.lang.Object;field.members...
[2026-08-24 02:51:25] [PROGRESS] resolve files> Scanning /mnt/c/Users/Sharof/AndroidStudioProjects/SecureGSI/codeql-db-kotlin/trap/java/classes/kotlin/jvm/javaClassjava.lang.Object;property.members...
[2026-08-24 02:51:25] [PROGRESS] resolve files> Scanning /mnt/c/Users/Sharof/AndroidStudioProjects/SecureGSI/codeql-db-kotlin/trap/java/classes/kotlin/jvm/JvmField.members...
[2026-08-24 02:51:25] [PROGRESS] resolve files> Scanning /mnt/c/Users/Sharof/AndroidStudioProjects/SecureGSI/codeql-db-kotlin/trap/java/classes/kotlin/jvm/JvmInline.members...
[2026-08-24 02:51:25] [PROGRESS] resolve files> Scanning /mnt/c/Users/Sharof/AndroidStudioProjects/SecureGSI/codeql-db-kotlin/trap/java/classes/kotlin/jvm/JvmName.members...
[2026-08-24 02:51:25] [PROGRESS] resolve files> Scanning /mnt/c/Users/Sharof/AndroidStudioProjects/SecureGSI/codeql-db-kotlin/trap/java/classes/kotlin/jvm/JvmOverloads.members...
[2026-08-24 02:51:25] [PROGRESS] resolve files> Scanning /mnt/c/Users/Sharof/AndroidStudioProjects/SecureGSI/codeql-db-kotlin/trap/java/classes/kotlin/jvm/JvmStatic.members...
[2026-08-24 02:51:25] [PROGRESS] resolve files> Scanning /mnt/c/Users/Sharof/AndroidStudioProjects/SecureGSI/codeql-db-kotlin/trap/java/classes/kotlin/let(java.lang.Object,kotlin.jvm.functions.Function1).members...
[2026-08-24 02:51:25] [PROGRESS] resolve files> Scanning /mnt/c/Users/Sharof/AndroidStudioProjects/SecureGSI/codeql-db-kotlin/trap/java/classes/kotlin/Long$Companion.members...
[2026-08-24 02:51:25] [PROGRESS] resolve files> Scanning /mnt/c/Users/Sharof/AndroidStudioProjects/SecureGSI/codeql-db-kotlin/trap/java/classes/kotlin/Long.members...
[2026-08-24 02:51:25] [PROGRESS] resolve files> Scanning /mnt/c/Users/Sharof/AndroidStudioProjects/SecureGSI/codeql-db-kotlin/trap/java/classes/kotlin/Nothing.members...
[2026-08-24 02:51:25] [PROGRESS] resolve files> Scanning /mnt/c/Users/Sharof/AndroidStudioProjects/SecureGSI/codeql-db-kotlin/trap/java/classes/kotlin/Number.members...
[2026-08-24 02:51:25] [PROGRESS] resolve files> Scanning /mnt/c/Users/Sharof/AndroidStudioProjects/SecureGSI/codeql-db-kotlin/trap/java/classes/kotlin/Pair.members...
[2026-08-24 02:51:25] [PROGRESS] resolve files> Scanning /mnt/c/Users/Sharof/AndroidStudioProjects/SecureGSI/codeql-db-kotlin/trap/java/classes/kotlin/PublishedApi.members...
[2026-08-24 02:51:25] [PROGRESS] resolve files> Scanning /mnt/c/Users/Sharof/AndroidStudioProjects/SecureGSI/codeql-db-kotlin/trap/java/classes/kotlin/ranges...
[2026-08-24 02:51:25] [PROGRESS] resolve files> Scanning /mnt/c/Users/Sharof/AndroidStudioProjects/SecureGSI/codeql-db-kotlin/trap/java/classes/kotlin/ranges/CharProgression$Companion.members...
[2026-08-24 02:51:25] [PROGRESS] resolve files> Scanning /mnt/c/Users/Sharof/AndroidStudioProjects/SecureGSI/codeql-db-kotlin/trap/java/classes/kotlin/ranges/CharProgression.members...
[2026-08-24 02:51:25] [PROGRESS] resolve files> Scanning /mnt/c/Users/Sharof/AndroidStudioProjects/SecureGSI/codeql-db-kotlin/trap/java/classes/kotlin/ranges/CharRange$Companion.members...
[2026-08-24 02:51:25] [PROGRESS] resolve files> Scanning /mnt/c/Users/Sharof/AndroidStudioProjects/SecureGSI/codeql-db-kotlin/trap/java/classes/kotlin/ranges/CharRange.members...
[2026-08-24 02:51:25] [PROGRESS] resolve files> Scanning /mnt/c/Users/Sharof/AndroidStudioProjects/SecureGSI/codeql-db-kotlin/trap/java/classes/kotlin/ranges/ClosedRange.members...
[2026-08-24 02:51:25] [PROGRESS] resolve files> Scanning /mnt/c/Users/Sharof/AndroidStudioProjects/SecureGSI/codeql-db-kotlin/trap/java/classes/kotlin/ranges/IntProgression$Companion.members...
[2026-08-24 02:51:25] [PROGRESS] resolve files> Scanning /mnt/c/Users/Sharof/AndroidStudioProjects/SecureGSI/codeql-db-kotlin/trap/java/classes/kotlin/ranges/IntProgression.members...
[2026-08-24 02:51:25] [PROGRESS] resolve files> Scanning /mnt/c/Users/Sharof/AndroidStudioProjects/SecureGSI/codeql-db-kotlin/trap/java/classes/kotlin/ranges/IntRange$Companion.members...
[2026-08-24 02:51:25] [PROGRESS] resolve files> Scanning /mnt/c/Users/Sharof/AndroidStudioProjects/SecureGSI/codeql-db-kotlin/trap/java/classes/kotlin/ranges/IntRange.members...
[2026-08-24 02:51:25] [PROGRESS] resolve files> Scanning /mnt/c/Users/Sharof/AndroidStudioProjects/SecureGSI/codeql-db-kotlin/trap/java/classes/kotlin/ranges/LongProgression$Companion.members...
[2026-08-24 02:51:25] [PROGRESS] resolve files> Scanning /mnt/c/Users/Sharof/AndroidStudioProjects/SecureGSI/codeql-db-kotlin/trap/java/classes/kotlin/ranges/LongProgression.members...
[2026-08-24 02:51:25] [PROGRESS] resolve files> Scanning /mnt/c/Users/Sharof/AndroidStudioProjects/SecureGSI/codeql-db-kotlin/trap/java/classes/kotlin/ranges/LongRange$Companion.members...
[2026-08-24 02:51:25] [PROGRESS] resolve files> Scanning /mnt/c/Users/Sharof/AndroidStudioProjects/SecureGSI/codeql-db-kotlin/trap/java/classes/kotlin/ranges/LongRange.members...
[2026-08-24 02:51:25] [PROGRESS] resolve files> Scanning /mnt/c/Users/Sharof/AndroidStudioProjects/SecureGSI/codeql-db-kotlin/trap/java/classes/kotlin/ranges/OpenEndRange.members...
[2026-08-24 02:51:25] [PROGRESS] resolve files> Scanning /mnt/c/Users/Sharof/AndroidStudioProjects/SecureGSI/codeql-db-kotlin/trap/java/classes/kotlin/ranges/UIntProgression$Companion.members...
[2026-08-24 02:51:25] [PROGRESS] resolve files> Scanning /mnt/c/Users/Sharof/AndroidStudioProjects/SecureGSI/codeql-db-kotlin/trap/java/classes/kotlin/ranges/UIntProgression.members...
[2026-08-24 02:51:25] [PROGRESS] resolve files> Scanning /mnt/c/Users/Sharof/AndroidStudioProjects/SecureGSI/codeql-db-kotlin/trap/java/classes/kotlin/ranges/UIntRange$Companion.members...
[2026-08-24 02:51:25] [PROGRESS] resolve files> Scanning /mnt/c/Users/Sharof/AndroidStudioProjects/SecureGSI/codeql-db-kotlin/trap/java/classes/kotlin/ranges/UIntRange.members...
[2026-08-24 02:51:25] [PROGRESS] resolve files> Scanning /mnt/c/Users/Sharof/AndroidStudioProjects/SecureGSI/codeql-db-kotlin/trap/java/classes/kotlin/ranges/ULongProgression$Companion.members...
[2026-08-24 02:51:25] [PROGRESS] resolve files> Scanning /mnt/c/Users/Sharof/AndroidStudioProjects/SecureGSI/codeql-db-kotlin/trap/java/classes/kotlin/ranges/ULongProgression.members...
[2026-08-24 02:51:25] [PROGRESS] resolve files> Scanning /mnt/c/Users/Sharof/AndroidStudioProjects/SecureGSI/codeql-db-kotlin/trap/java/classes/kotlin/ranges/ULongRange$Companion.members...
[2026-08-24 02:51:25] [PROGRESS] resolve files> Scanning /mnt/c/Users/Sharof/AndroidStudioProjects/SecureGSI/codeql-db-kotlin/trap/java/classes/kotlin/ranges/ULongRange.members...
[2026-08-24 02:51:25] [PROGRESS] resolve files> Scanning /mnt/c/Users/Sharof/AndroidStudioProjects/SecureGSI/codeql-db-kotlin/trap/java/classes/kotlin/reflect...
[2026-08-24 02:51:25] [PROGRESS] resolve files> Scanning /mnt/c/Users/Sharof/AndroidStudioProjects/SecureGSI/codeql-db-kotlin/trap/java/classes/kotlin/reflect/KAnnotatedElement.members...
[2026-08-24 02:51:25] [PROGRESS] resolve files> Scanning /mnt/c/Users/Sharof/AndroidStudioProjects/SecureGSI/codeql-db-kotlin/trap/java/classes/kotlin/reflect/KCallable.members...
[2026-08-24 02:51:25] [PROGRESS] resolve files> Scanning /mnt/c/Users/Sharof/AndroidStudioProjects/SecureGSI/codeql-db-kotlin/trap/java/classes/kotlin/reflect/KClass.members...
[2026-08-24 02:51:25] [PROGRESS] resolve files> Scanning /mnt/c/Users/Sharof/AndroidStudioProjects/SecureGSI/codeql-db-kotlin/trap/java/classes/kotlin/reflect/KClassifier.members...
[2026-08-24 02:51:25] [PROGRESS] resolve files> Scanning /mnt/c/Users/Sharof/AndroidStudioProjects/SecureGSI/codeql-db-kotlin/trap/java/classes/kotlin/reflect/KDeclarationContainer.members...
[2026-08-24 02:51:25] [PROGRESS] resolve files> Scanning /mnt/c/Users/Sharof/AndroidStudioProjects/SecureGSI/codeql-db-kotlin/trap/java/classes/kotlin/reflect/KFunction.members...
[2026-08-24 02:51:25] [PROGRESS] resolve files> Scanning /mnt/c/Users/Sharof/AndroidStudioProjects/SecureGSI/codeql-db-kotlin/trap/java/classes/kotlin/reflect/KMutableProperty$Setter.members...
[2026-08-24 02:51:25] [PROGRESS] resolve files> Scanning /mnt/c/Users/Sharof/AndroidStudioProjects/SecureGSI/codeql-db-kotlin/trap/java/classes/kotlin/reflect/KMutableProperty.members...
[2026-08-24 02:51:25] [PROGRESS] resolve files> Scanning /mnt/c/Users/Sharof/AndroidStudioProjects/SecureGSI/codeql-db-kotlin/trap/java/classes/kotlin/reflect/KMutableProperty0$Setter.members...
[2026-08-24 02:51:25] [PROGRESS] resolve files> Scanning /mnt/c/Users/Sharof/AndroidStudioProjects/SecureGSI/codeql-db-kotlin/trap/java/classes/kotlin/reflect/KMutableProperty0.members...
[2026-08-24 02:51:25] [PROGRESS] resolve files> Scanning /mnt/c/Users/Sharof/AndroidStudioProjects/SecureGSI/codeql-db-kotlin/trap/java/classes/kotlin/reflect/KParameter$Kind.members...
[2026-08-24 02:51:25] [PROGRESS] resolve files> Scanning /mnt/c/Users/Sharof/AndroidStudioProjects/SecureGSI/codeql-db-kotlin/trap/java/classes/kotlin/reflect/KParameter.members...
[2026-08-24 02:51:25] [PROGRESS] resolve files> Scanning /mnt/c/Users/Sharof/AndroidStudioProjects/SecureGSI/codeql-db-kotlin/trap/java/classes/kotlin/reflect/KProperty$Accessor.members...
[2026-08-24 02:51:25] [PROGRESS] resolve files> Scanning /mnt/c/Users/Sharof/AndroidStudioProjects/SecureGSI/codeql-db-kotlin/trap/java/classes/kotlin/reflect/KProperty$Getter.members...
[2026-08-24 02:51:25] [PROGRESS] resolve files> Scanning /mnt/c/Users/Sharof/AndroidStudioProjects/SecureGSI/codeql-db-kotlin/trap/java/classes/kotlin/reflect/KProperty.members...
[2026-08-24 02:51:25] [PROGRESS] resolve files> Scanning /mnt/c/Users/Sharof/AndroidStudioProjects/SecureGSI/codeql-db-kotlin/trap/java/classes/kotlin/reflect/KProperty0$Getter.members...
[2026-08-24 02:51:25] [PROGRESS] resolve files> Scanning /mnt/c/Users/Sharof/AndroidStudioProjects/SecureGSI/codeql-db-kotlin/trap/java/classes/kotlin/reflect/KProperty0.members...
[2026-08-24 02:51:25] [PROGRESS] resolve files> Scanning /mnt/c/Users/Sharof/AndroidStudioProjects/SecureGSI/codeql-db-kotlin/trap/java/classes/kotlin/reflect/KType.members...
[2026-08-24 02:51:25] [PROGRESS] resolve files> Scanning /mnt/c/Users/Sharof/AndroidStudioProjects/SecureGSI/codeql-db-kotlin/trap/java/classes/kotlin/reflect/KTypeParameter.members...
[2026-08-24 02:51:25] [PROGRESS] resolve files> Scanning /mnt/c/Users/Sharof/AndroidStudioProjects/SecureGSI/codeql-db-kotlin/trap/java/classes/kotlin/reflect/KTypeProjection$Companion.members...
[2026-08-24 02:51:25] [PROGRESS] resolve files> Scanning /mnt/c/Users/Sharof/AndroidStudioProjects/SecureGSI/codeql-db-kotlin/trap/java/classes/kotlin/reflect/KTypeProjection.members...
[2026-08-24 02:51:25] [PROGRESS] resolve files> Scanning /mnt/c/Users/Sharof/AndroidStudioProjects/SecureGSI/codeql-db-kotlin/trap/java/classes/kotlin/reflect/KVariance.members...
[2026-08-24 02:51:25] [PROGRESS] resolve files> Scanning /mnt/c/Users/Sharof/AndroidStudioProjects/SecureGSI/codeql-db-kotlin/trap/java/classes/kotlin/reflect/KVisibility.members...
[2026-08-24 02:51:25] [PROGRESS] resolve files> Scanning /mnt/c/Users/Sharof/AndroidStudioProjects/SecureGSI/codeql-db-kotlin/trap/java/classes/kotlin/ReplaceWith.members...
[2026-08-24 02:51:25] [PROGRESS] resolve files> Scanning /mnt/c/Users/Sharof/AndroidStudioProjects/SecureGSI/codeql-db-kotlin/trap/java/classes/kotlin/RequiresOptIn$Level.members...
[2026-08-24 02:51:25] [PROGRESS] resolve files> Scanning /mnt/c/Users/Sharof/AndroidStudioProjects/SecureGSI/codeql-db-kotlin/trap/java/classes/kotlin/RequiresOptIn.members...
[2026-08-24 02:51:25] [PROGRESS] resolve files> Scanning /mnt/c/Users/Sharof/AndroidStudioProjects/SecureGSI/codeql-db-kotlin/trap/java/classes/kotlin/sequences...
[2026-08-24 02:51:25] [PROGRESS] resolve files> Scanning /mnt/c/Users/Sharof/AndroidStudioProjects/SecureGSI/codeql-db-kotlin/trap/java/classes/kotlin/sequences/Sequence.members...
[2026-08-24 02:51:25] [PROGRESS] resolve files> Scanning /mnt/c/Users/Sharof/AndroidStudioProjects/SecureGSI/codeql-db-kotlin/trap/java/classes/kotlin/Short$Companion.members...
[2026-08-24 02:51:25] [PROGRESS] resolve files> Scanning /mnt/c/Users/Sharof/AndroidStudioProjects/SecureGSI/codeql-db-kotlin/trap/java/classes/kotlin/Short.members...
[2026-08-24 02:51:25] [PROGRESS] resolve files> Scanning /mnt/c/Users/Sharof/AndroidStudioProjects/SecureGSI/codeql-db-kotlin/trap/java/classes/kotlin/SinceKotlin.members...
[2026-08-24 02:51:25] [PROGRESS] resolve files> Scanning /mnt/c/Users/Sharof/AndroidStudioProjects/SecureGSI/codeql-db-kotlin/trap/java/classes/kotlin/String$Companion.members...
[2026-08-24 02:51:25] [PROGRESS] resolve files> Scanning /mnt/c/Users/Sharof/AndroidStudioProjects/SecureGSI/codeql-db-kotlin/trap/java/classes/kotlin/String.members...
[2026-08-24 02:51:25] [PROGRESS] resolve files> Scanning /mnt/c/Users/Sharof/AndroidStudioProjects/SecureGSI/codeql-db-kotlin/trap/java/classes/kotlin/SubclassOptInRequired.members...
[2026-08-24 02:51:25] [PROGRESS] resolve files> Scanning /mnt/c/Users/Sharof/AndroidStudioProjects/SecureGSI/codeql-db-kotlin/trap/java/classes/kotlin/text...
[2026-08-24 02:51:25] [PROGRESS] resolve files> Scanning /mnt/c/Users/Sharof/AndroidStudioProjects/SecureGSI/codeql-db-kotlin/trap/java/classes/kotlin/text/contains(java.lang.CharSequence,java.lang.CharSequence,boolean).members...
[2026-08-24 02:51:25] [PROGRESS] resolve files> Scanning /mnt/c/Users/Sharof/AndroidStudioProjects/SecureGSI/codeql-db-kotlin/trap/java/classes/kotlin/text/format(kotlin.jvm.internal.StringCompanionObject,java.lang.String,java.lang.Object[]).members...
[2026-08-24 02:51:25] [PROGRESS] resolve files> Scanning /mnt/c/Users/Sharof/AndroidStudioProjects/SecureGSI/codeql-db-kotlin/trap/java/classes/kotlin/text/startsWith(java.lang.String,java.lang.String,boolean).members...
[2026-08-24 02:51:25] [PROGRESS] resolve files> Scanning /mnt/c/Users/Sharof/AndroidStudioProjects/SecureGSI/codeql-db-kotlin/trap/java/classes/kotlin/text/trim(java.lang.String).members...
[2026-08-24 02:51:25] [PROGRESS] resolve files> Scanning /mnt/c/Users/Sharof/AndroidStudioProjects/SecureGSI/codeql-db-kotlin/trap/java/classes/kotlin/Throwable.members...
[2026-08-24 02:51:25] [PROGRESS] resolve files> Scanning /mnt/c/Users/Sharof/AndroidStudioProjects/SecureGSI/codeql-db-kotlin/trap/java/classes/kotlin/to(java.lang.Object,java.lang.Object).members...
[2026-08-24 02:51:25] [PROGRESS] resolve files> Scanning /mnt/c/Users/Sharof/AndroidStudioProjects/SecureGSI/codeql-db-kotlin/trap/java/classes/kotlin/UByte$Companion.members...
[2026-08-24 02:51:25] [PROGRESS] resolve files> Scanning /mnt/c/Users/Sharof/AndroidStudioProjects/SecureGSI/codeql-db-kotlin/trap/java/classes/kotlin/UByte.members...
[2026-08-24 02:51:25] [PROGRESS] resolve files> Scanning /mnt/c/Users/Sharof/AndroidStudioProjects/SecureGSI/codeql-db-kotlin/trap/java/classes/kotlin/UInt$Companion.members...
[2026-08-24 02:51:25] [PROGRESS] resolve files> Scanning /mnt/c/Users/Sharof/AndroidStudioProjects/SecureGSI/codeql-db-kotlin/trap/java/classes/kotlin/UInt.members...
[2026-08-24 02:51:25] [PROGRESS] resolve files> Scanning /mnt/c/Users/Sharof/AndroidStudioProjects/SecureGSI/codeql-db-kotlin/trap/java/classes/kotlin/ULong$Companion.members...
[2026-08-24 02:51:25] [PROGRESS] resolve files> Scanning /mnt/c/Users/Sharof/AndroidStudioProjects/SecureGSI/codeql-db-kotlin/trap/java/classes/kotlin/ULong.members...
[2026-08-24 02:51:25] [PROGRESS] resolve files> Scanning /mnt/c/Users/Sharof/AndroidStudioProjects/SecureGSI/codeql-db-kotlin/trap/java/classes/kotlin/Unit.members...
[2026-08-24 02:51:25] [PROGRESS] resolve files> Scanning /mnt/c/Users/Sharof/AndroidStudioProjects/SecureGSI/codeql-db-kotlin/trap/java/classes/kotlin/UShort$Companion.members...
[2026-08-24 02:51:25] [PROGRESS] resolve files> Scanning /mnt/c/Users/Sharof/AndroidStudioProjects/SecureGSI/codeql-db-kotlin/trap/java/classes/kotlin/UShort.members...
[2026-08-24 02:51:25] [PROGRESS] resolve files> Scanning /mnt/c/Users/Sharof/AndroidStudioProjects/SecureGSI/codeql-db-kotlin/trap/java/classes/kotlin/WasExperimental.members...
[2026-08-24 02:51:25] [PROGRESS] resolve files> Scanning /mnt/c/Users/Sharof/AndroidStudioProjects/SecureGSI/codeql-db-kotlin/trap/java/classes/kotlinx...
[2026-08-24 02:51:25] [PROGRESS] resolve files> Scanning /mnt/c/Users/Sharof/AndroidStudioProjects/SecureGSI/codeql-db-kotlin/trap/java/classes/kotlinx/coroutines...
[2026-08-24 02:51:25] [PROGRESS] resolve files> Scanning /mnt/c/Users/Sharof/AndroidStudioProjects/SecureGSI/codeql-db-kotlin/trap/java/classes/kotlinx/coroutines/CoroutineScope.members...
[2026-08-24 02:51:25] [PROGRESS] resolve files> Scanning /mnt/c/Users/Sharof/AndroidStudioProjects/SecureGSI/codeql-db-kotlin/trap/java/classes/kotlinx/coroutines/ExperimentalForInheritanceCoroutinesApi.members...
[2026-08-24 02:51:25] [PROGRESS] resolve files> Scanning /mnt/c/Users/Sharof/AndroidStudioProjects/SecureGSI/codeql-db-kotlin/trap/java/classes/kotlinx/coroutines/flow...
[2026-08-24 02:51:25] [PROGRESS] resolve files> Scanning /mnt/c/Users/Sharof/AndroidStudioProjects/SecureGSI/codeql-db-kotlin/trap/java/classes/kotlinx/coroutines/flow/Flow.members...
[2026-08-24 02:51:25] [PROGRESS] resolve files> Scanning /mnt/c/Users/Sharof/AndroidStudioProjects/SecureGSI/codeql-db-kotlin/trap/java/classes/kotlinx/coroutines/flow/FlowCollector.members...
[2026-08-24 02:51:25] [PROGRESS] resolve files> Scanning /mnt/c/Users/Sharof/AndroidStudioProjects/SecureGSI/codeql-db-kotlin/trap/java/classes/kotlinx/coroutines/flow/SharedFlow.members...
[2026-08-24 02:51:25] [PROGRESS] resolve files> Scanning /mnt/c/Users/Sharof/AndroidStudioProjects/SecureGSI/codeql-db-kotlin/trap/java/classes/kotlinx/coroutines/flow/StateFlow.members...
[2026-08-24 02:51:25] [PROGRESS] resolve files> Scanning /mnt/c/Users/Sharof/AndroidStudioProjects/SecureGSI/codeql-db-kotlin/trap/java/classes/org...
[2026-08-24 02:51:25] [PROGRESS] resolve files> Scanning /mnt/c/Users/Sharof/AndroidStudioProjects/SecureGSI/codeql-db-kotlin/trap/java/classes/org/jetbrains...
[2026-08-24 02:51:25] [PROGRESS] resolve files> Scanning /mnt/c/Users/Sharof/AndroidStudioProjects/SecureGSI/codeql-db-kotlin/trap/java/classes/org/jetbrains/annotations...
[2026-08-24 02:51:25] [PROGRESS] resolve files> Scanning /mnt/c/Users/Sharof/AndroidStudioProjects/SecureGSI/codeql-db-kotlin/trap/java/classes/org/jetbrains/annotations/NotNull.members...
[2026-08-24 02:51:25] [PROGRESS] resolve files> Scanning /mnt/c/Users/Sharof/AndroidStudioProjects/SecureGSI/codeql-db-kotlin/trap/java/classes/org/jetbrains/annotations/TestOnly.members...
[2026-08-24 02:51:25] [PROGRESS] resolve files> Scanning /mnt/c/Users/Sharof/AndroidStudioProjects/SecureGSI/codeql-db-kotlin/trap/java/classes/org/xmlpull...
[2026-08-24 02:51:25] [PROGRESS] resolve files> Scanning /mnt/c/Users/Sharof/AndroidStudioProjects/SecureGSI/codeql-db-kotlin/trap/java/classes/org/xmlpull/v1...
[2026-08-24 02:51:25] [PROGRESS] resolve files> Scanning /mnt/c/Users/Sharof/AndroidStudioProjects/SecureGSI/codeql-db-kotlin/trap/java/classes/org/xmlpull/v1/XmlPullParser.members...
[2026-08-24 02:51:25] [PROGRESS] resolve files> Scanning /mnt/c/Users/Sharof/AndroidStudioProjects/SecureGSI/codeql-db-kotlin/trap/java/classes/org/xmlpull/v1/XmlSerializer.members...
[2026-08-24 02:51:25] [PROGRESS] resolve files> Scanning /mnt/c/Users/Sharof/AndroidStudioProjects/SecureGSI/codeql-db-kotlin/trap/java/invocations...
[2026-08-24 02:51:25] [PROGRESS] resolve files> Scanning /mnt/c/Users/Sharof/AndroidStudioProjects/SecureGSI/codeql-db-kotlin/trap/java/mnt...
[2026-08-24 02:51:25] [PROGRESS] resolve files> Scanning /mnt/c/Users/Sharof/AndroidStudioProjects/SecureGSI/codeql-db-kotlin/trap/java/mnt/c...
[2026-08-24 02:51:25] [PROGRESS] resolve files> Scanning /mnt/c/Users/Sharof/AndroidStudioProjects/SecureGSI/codeql-db-kotlin/trap/java/mnt/c/Users...
[2026-08-24 02:51:25] [PROGRESS] resolve files> Scanning /mnt/c/Users/Sharof/AndroidStudioProjects/SecureGSI/codeql-db-kotlin/trap/java/mnt/c/Users/Sharof...
[2026-08-24 02:51:25] [PROGRESS] resolve files> Scanning /mnt/c/Users/Sharof/AndroidStudioProjects/SecureGSI/codeql-db-kotlin/trap/java/mnt/c/Users/Sharof/AndroidStudioProjects...
[2026-08-24 02:51:25] [PROGRESS] resolve files> Scanning /mnt/c/Users/Sharof/AndroidStudioProjects/SecureGSI/codeql-db-kotlin/trap/java/mnt/c/Users/Sharof/AndroidStudioProjects/SecureGSI...
[2026-08-24 02:51:25] [PROGRESS] resolve files> Scanning /mnt/c/Users/Sharof/AndroidStudioProjects/SecureGSI/codeql-db-kotlin/trap/java/mnt/c/Users/Sharof/AndroidStudioProjects/SecureGSI/.idea...
[2026-08-24 02:51:25] [PROGRESS] resolve files> Scanning /mnt/c/Users/Sharof/AndroidStudioProjects/SecureGSI/codeql-db-kotlin/trap/java/mnt/c/Users/Sharof/AndroidStudioProjects/SecureGSI/.idea/caches...
[2026-08-24 02:51:25] [PROGRESS] resolve files> Scanning /mnt/c/Users/Sharof/AndroidStudioProjects/SecureGSI/codeql-db-kotlin/trap/java/mnt/c/Users/Sharof/AndroidStudioProjects/SecureGSI/.idea/inspectionProfiles...
[2026-08-24 02:51:25] [PROGRESS] resolve files> Scanning /mnt/c/Users/Sharof/AndroidStudioProjects/SecureGSI/codeql-db-kotlin/trap/java/mnt/c/Users/Sharof/AndroidStudioProjects/SecureGSI/app...
[2026-08-24 02:51:25] [PROGRESS] resolve files> Scanning /mnt/c/Users/Sharof/AndroidStudioProjects/SecureGSI/codeql-db-kotlin/trap/java/mnt/c/Users/Sharof/AndroidStudioProjects/SecureGSI/app/.idea...
[2026-08-24 02:51:25] [PROGRESS] resolve files> Scanning /mnt/c/Users/Sharof/AndroidStudioProjects/SecureGSI/codeql-db-kotlin/trap/java/mnt/c/Users/Sharof/AndroidStudioProjects/SecureGSI/app/.idea/caches...
[2026-08-24 02:51:25] [PROGRESS] resolve files> Scanning /mnt/c/Users/Sharof/AndroidStudioProjects/SecureGSI/codeql-db-kotlin/trap/java/mnt/c/Users/Sharof/AndroidStudioProjects/SecureGSI/app/build...
[2026-08-24 02:51:25] [PROGRESS] resolve files> Scanning /mnt/c/Users/Sharof/AndroidStudioProjects/SecureGSI/codeql-db-kotlin/trap/java/mnt/c/Users/Sharof/AndroidStudioProjects/SecureGSI/app/build/intermediates...
[2026-08-24 02:51:25] [PROGRESS] resolve files> Scanning /mnt/c/Users/Sharof/AndroidStudioProjects/SecureGSI/codeql-db-kotlin/trap/java/mnt/c/Users/Sharof/AndroidStudioProjects/SecureGSI/app/build/intermediates/incremental...
[2026-08-24 02:51:25] [PROGRESS] resolve files> Scanning /mnt/c/Users/Sharof/AndroidStudioProjects/SecureGSI/codeql-db-kotlin/trap/java/mnt/c/Users/Sharof/AndroidStudioProjects/SecureGSI/app/build/intermediates/incremental/debug...
[2026-08-24 02:51:25] [PROGRESS] resolve files> Scanning /mnt/c/Users/Sharof/AndroidStudioProjects/SecureGSI/codeql-db-kotlin/trap/java/mnt/c/Users/Sharof/AndroidStudioProjects/SecureGSI/app/build/intermediates/incremental/debug/packageDebugResources...
[2026-08-24 02:51:25] [PROGRESS] resolve files> Scanning /mnt/c/Users/Sharof/AndroidStudioProjects/SecureGSI/codeql-db-kotlin/trap/java/mnt/c/Users/Sharof/AndroidStudioProjects/SecureGSI/app/build/intermediates/incremental/debug/packageDebugResources/merged.dir...
[2026-08-24 02:51:25] [PROGRESS] resolve files> Scanning /mnt/c/Users/Sharof/AndroidStudioProjects/SecureGSI/codeql-db-kotlin/trap/java/mnt/c/Users/Sharof/AndroidStudioProjects/SecureGSI/app/build/intermediates/incremental/debug/packageDebugResources/merged.dir/values...
[2026-08-24 02:51:25] [PROGRESS] resolve files> Scanning /mnt/c/Users/Sharof/AndroidStudioProjects/SecureGSI/codeql-db-kotlin/trap/java/mnt/c/Users/Sharof/AndroidStudioProjects/SecureGSI/app/build/intermediates/packaged_res...
[2026-08-24 02:51:25] [PROGRESS] resolve files> Scanning /mnt/c/Users/Sharof/AndroidStudioProjects/SecureGSI/codeql-db-kotlin/trap/java/mnt/c/Users/Sharof/AndroidStudioProjects/SecureGSI/app/build/intermediates/packaged_res/debug...
[2026-08-24 02:51:25] [PROGRESS] resolve files> Scanning /mnt/c/Users/Sharof/AndroidStudioProjects/SecureGSI/codeql-db-kotlin/trap/java/mnt/c/Users/Sharof/AndroidStudioProjects/SecureGSI/app/build/intermediates/packaged_res/debug/packageDebugResources...
[2026-08-24 02:51:25] [PROGRESS] resolve files> Scanning /mnt/c/Users/Sharof/AndroidStudioProjects/SecureGSI/codeql-db-kotlin/trap/java/mnt/c/Users/Sharof/AndroidStudioProjects/SecureGSI/app/build/intermediates/packaged_res/debug/packageDebugResources/drawable...
[2026-08-24 02:51:26] [PROGRESS] resolve files> Scanning /mnt/c/Users/Sharof/AndroidStudioProjects/SecureGSI/codeql-db-kotlin/trap/java/mnt/c/Users/Sharof/AndroidStudioProjects/SecureGSI/app/build/intermediates/packaged_res/debug/packageDebugResources/mipmap-anydpi-v4...
[2026-08-24 02:51:26] [PROGRESS] resolve files> Scanning /mnt/c/Users/Sharof/AndroidStudioProjects/SecureGSI/codeql-db-kotlin/trap/java/mnt/c/Users/Sharof/AndroidStudioProjects/SecureGSI/app/build/intermediates/packaged_res/debug/packageDebugResources/values...
[2026-08-24 02:51:26] [PROGRESS] resolve files> Scanning /mnt/c/Users/Sharof/AndroidStudioProjects/SecureGSI/codeql-db-kotlin/trap/java/mnt/c/Users/Sharof/AndroidStudioProjects/SecureGSI/app/build/intermediates/packaged_res/debug/packageDebugResources/xml...
[2026-08-24 02:51:26] [PROGRESS] resolve files> Scanning /mnt/c/Users/Sharof/AndroidStudioProjects/SecureGSI/codeql-db-kotlin/trap/java/mnt/c/Users/Sharof/AndroidStudioProjects/SecureGSI/app/src...
[2026-08-24 02:51:26] [PROGRESS] resolve files> Scanning /mnt/c/Users/Sharof/AndroidStudioProjects/SecureGSI/codeql-db-kotlin/trap/java/mnt/c/Users/Sharof/AndroidStudioProjects/SecureGSI/app/src/main...
[2026-08-24 02:51:26] [PROGRESS] resolve files> Scanning /mnt/c/Users/Sharof/AndroidStudioProjects/SecureGSI/codeql-db-kotlin/trap/java/mnt/c/Users/Sharof/AndroidStudioProjects/SecureGSI/app/src/main/java...
[2026-08-24 02:51:26] [PROGRESS] resolve files> Scanning /mnt/c/Users/Sharof/AndroidStudioProjects/SecureGSI/codeql-db-kotlin/trap/java/mnt/c/Users/Sharof/AndroidStudioProjects/SecureGSI/app/src/main/java/com...
[2026-08-24 02:51:26] [PROGRESS] resolve files> Scanning /mnt/c/Users/Sharof/AndroidStudioProjects/SecureGSI/codeql-db-kotlin/trap/java/mnt/c/Users/Sharof/AndroidStudioProjects/SecureGSI/app/src/main/java/com/securegsi...
[2026-08-24 02:51:26] [PROGRESS] resolve files> Scanning /mnt/c/Users/Sharof/AndroidStudioProjects/SecureGSI/codeql-db-kotlin/trap/java/mnt/c/Users/Sharof/AndroidStudioProjects/SecureGSI/app/src/main/java/com/securegsi/.idea...
[2026-08-24 02:51:26] [PROGRESS] resolve files> Scanning /mnt/c/Users/Sharof/AndroidStudioProjects/SecureGSI/codeql-db-kotlin/trap/java/mnt/c/Users/Sharof/AndroidStudioProjects/SecureGSI/app/src/main/java/com/securegsi/.idea/caches...
[2026-08-24 02:51:26] [PROGRESS] resolve files> Scanning /mnt/c/Users/Sharof/AndroidStudioProjects/SecureGSI/codeql-db-kotlin/trap/java/mnt/c/Users/Sharof/AndroidStudioProjects/SecureGSI/app/src/main/java/com/securegsi/ui...
[2026-08-24 02:51:26] [PROGRESS] resolve files> Scanning /mnt/c/Users/Sharof/AndroidStudioProjects/SecureGSI/codeql-db-kotlin/trap/java/mnt/c/Users/Sharof/AndroidStudioProjects/SecureGSI/app/src/main/java/com/securegsi/ui/theme...
[2026-08-24 02:51:26] [PROGRESS] resolve files> Scanning /mnt/c/Users/Sharof/AndroidStudioProjects/SecureGSI/codeql-db-kotlin/trap/java/mnt/c/Users/Sharof/AndroidStudioProjects/SecureGSI/app/src/main/res...
[2026-08-24 02:51:26] [PROGRESS] resolve files> Scanning /mnt/c/Users/Sharof/AndroidStudioProjects/SecureGSI/codeql-db-kotlin/trap/java/mnt/c/Users/Sharof/AndroidStudioProjects/SecureGSI/app/src/main/res/drawable...
[2026-08-24 02:51:26] [PROGRESS] resolve files> Scanning /mnt/c/Users/Sharof/AndroidStudioProjects/SecureGSI/codeql-db-kotlin/trap/java/mnt/c/Users/Sharof/AndroidStudioProjects/SecureGSI/app/src/main/res/mipmap-anydpi...
[2026-08-24 02:51:26] [PROGRESS] resolve files> Scanning /mnt/c/Users/Sharof/AndroidStudioProjects/SecureGSI/codeql-db-kotlin/trap/java/mnt/c/Users/Sharof/AndroidStudioProjects/SecureGSI/app/src/main/res/values...
[2026-08-24 02:51:26] [PROGRESS] resolve files> Scanning /mnt/c/Users/Sharof/AndroidStudioProjects/SecureGSI/codeql-db-kotlin/trap/java/mnt/c/Users/Sharof/AndroidStudioProjects/SecureGSI/app/src/main/res/xml...
[2026-08-24 02:51:26] [PROGRESS] resolve files> Scanning /mnt/c/Users/Sharof/AndroidStudioProjects/SecureGSI/codeql-db-kotlin/working...
[2026-08-24 02:51:26] [PROGRESS] resolve files> Scanning /mnt/c/Users/Sharof/AndroidStudioProjects/SecureGSI/gradle...
[2026-08-24 02:51:26] [PROGRESS] resolve files> Scanning /mnt/c/Users/Sharof/AndroidStudioProjects/SecureGSI/gradle/wrapper...
[2026-08-24 02:51:26] [PROGRESS] resolve files> Scanning /mnt/c/Users/Sharof/AndroidStudioProjects/SecureGSI/rust...
[2026-08-24 02:51:26] [PROGRESS] resolve files> Scanning /mnt/c/Users/Sharof/AndroidStudioProjects/SecureGSI/rust/.cargo...
[2026-08-24 02:51:26] [PROGRESS] resolve files> Scanning /mnt/c/Users/Sharof/AndroidStudioProjects/SecureGSI/rust/src...
[2026-08-24 02:51:26] [PROGRESS] resolve files> Scanning /mnt/c/Users/Sharof/AndroidStudioProjects/SecureGSI/rust/target...
[2026-08-24 02:51:26] [PROGRESS] resolve files> Scanning /mnt/c/Users/Sharof/AndroidStudioProjects/SecureGSI/rust/target/aarch64-linux-android...
[2026-08-24 02:51:26] [PROGRESS] resolve files> Scanning /mnt/c/Users/Sharof/AndroidStudioProjects/SecureGSI/rust/target/aarch64-linux-android/debug...
[2026-08-24 02:51:26] [PROGRESS] resolve files> Scanning /mnt/c/Users/Sharof/AndroidStudioProjects/SecureGSI/rust/target/aarch64-linux-android/debug/.fingerprint...
[2026-08-24 02:51:26] [PROGRESS] resolve files> Scanning /mnt/c/Users/Sharof/AndroidStudioProjects/SecureGSI/rust/target/aarch64-linux-android/debug/.fingerprint/block-buffer-25ac048ce20798ba...
[2026-08-24 02:51:26] [PROGRESS] resolve files> Scanning /mnt/c/Users/Sharof/AndroidStudioProjects/SecureGSI/rust/target/aarch64-linux-android/debug/.fingerprint/block-buffer-25d4b52422cb1656...
[2026-08-24 02:51:26] [PROGRESS] resolve files> Scanning /mnt/c/Users/Sharof/AndroidStudioProjects/SecureGSI/rust/target/aarch64-linux-android/debug/.fingerprint/block-buffer-6026d11c6b730629...
[2026-08-24 02:51:26] [PROGRESS] resolve files> Scanning /mnt/c/Users/Sharof/AndroidStudioProjects/SecureGSI/rust/target/aarch64-linux-android/debug/.fingerprint/block-buffer-b59672cc6ecf0d73...
[2026-08-24 02:51:26] [PROGRESS] resolve files> Scanning /mnt/c/Users/Sharof/AndroidStudioProjects/SecureGSI/rust/target/aarch64-linux-android/debug/.fingerprint/bytes-09bc3d94371547b5...
[2026-08-24 02:51:26] [PROGRESS] resolve files> Scanning /mnt/c/Users/Sharof/AndroidStudioProjects/SecureGSI/rust/target/aarch64-linux-android/debug/.fingerprint/bytes-2d5c913abe7d74cf...
[2026-08-24 02:51:26] [PROGRESS] resolve files> Scanning /mnt/c/Users/Sharof/AndroidStudioProjects/SecureGSI/rust/target/aarch64-linux-android/debug/.fingerprint/bytes-3c8df7231cb25b8e...
[2026-08-24 02:51:26] [PROGRESS] resolve files> Scanning /mnt/c/Users/Sharof/AndroidStudioProjects/SecureGSI/rust/target/aarch64-linux-android/debug/.fingerprint/bytes-9568161126d7cb13...
[2026-08-24 02:51:26] [PROGRESS] resolve files> Scanning /mnt/c/Users/Sharof/AndroidStudioProjects/SecureGSI/rust/target/aarch64-linux-android/debug/.fingerprint/cesu8-292dba16cc113da4...
[2026-08-24 02:51:26] [PROGRESS] resolve files> Scanning /mnt/c/Users/Sharof/AndroidStudioProjects/SecureGSI/rust/target/aarch64-linux-android/debug/.fingerprint/cesu8-2dc847c7b9e3258e...
[2026-08-24 02:51:26] [PROGRESS] resolve files> Scanning /mnt/c/Users/Sharof/AndroidStudioProjects/SecureGSI/rust/target/aarch64-linux-android/debug/.fingerprint/cesu8-97c75fdb4af67672...
[2026-08-24 02:51:26] [PROGRESS] resolve files> Scanning /mnt/c/Users/Sharof/AndroidStudioProjects/SecureGSI/rust/target/aarch64-linux-android/debug/.fingerprint/cesu8-c1e9909bcc36281f...
[2026-08-24 02:51:26] [PROGRESS] resolve files> Scanning /mnt/c/Users/Sharof/AndroidStudioProjects/SecureGSI/rust/target/aarch64-linux-android/debug/.fingerprint/cfg-if-408a133a5521f708...
[2026-08-24 02:51:26] [PROGRESS] resolve files> Scanning /mnt/c/Users/Sharof/AndroidStudioProjects/SecureGSI/rust/target/aarch64-linux-android/debug/.fingerprint/cfg-if-910ecb2217ce6782...
[2026-08-24 02:51:26] [PROGRESS] resolve files> Scanning /mnt/c/Users/Sharof/AndroidStudioProjects/SecureGSI/rust/target/aarch64-linux-android/debug/.fingerprint/cfg-if-ce01de5f661c88be...
[2026-08-24 02:51:26] [PROGRESS] resolve files> Scanning /mnt/c/Users/Sharof/AndroidStudioProjects/SecureGSI/rust/target/aarch64-linux-android/debug/.fingerprint/cfg-if-d6b8b674fe1b24a2...
[2026-08-24 02:51:26] [PROGRESS] resolve files> Scanning /mnt/c/Users/Sharof/AndroidStudioProjects/SecureGSI/rust/target/aarch64-linux-android/debug/.fingerprint/combine-2edaf3f57e0c1b95...
[2026-08-24 02:51:26] [PROGRESS] resolve files> Scanning /mnt/c/Users/Sharof/AndroidStudioProjects/SecureGSI/rust/target/aarch64-linux-android/debug/.fingerprint/combine-8785f4c701c8da64...
[2026-08-24 02:51:26] [PROGRESS] resolve files> Scanning /mnt/c/Users/Sharof/AndroidStudioProjects/SecureGSI/rust/target/aarch64-linux-android/debug/.fingerprint/combine-9e8fca8e95ff67fe...
[2026-08-24 02:51:26] [PROGRESS] resolve files> Scanning /mnt/c/Users/Sharof/AndroidStudioProjects/SecureGSI/rust/target/aarch64-linux-android/debug/.fingerprint/combine-ffa7639dcd6d536b...
[2026-08-24 02:51:26] [PROGRESS] resolve files> Scanning /mnt/c/Users/Sharof/AndroidStudioProjects/SecureGSI/rust/target/aarch64-linux-android/debug/.fingerprint/cpufeatures-1a30ebc7b4e662a0...
[2026-08-24 02:51:26] [PROGRESS] resolve files> Scanning /mnt/c/Users/Sharof/AndroidStudioProjects/SecureGSI/rust/target/aarch64-linux-android/debug/.fingerprint/cpufeatures-256e08d5d8de8877...
[2026-08-24 02:51:26] [PROGRESS] resolve files> Scanning /mnt/c/Users/Sharof/AndroidStudioProjects/SecureGSI/rust/target/aarch64-linux-android/debug/.fingerprint/cpufeatures-26a5b9b45e4b26d6...
[2026-08-24 02:51:26] [PROGRESS] resolve files> Scanning /mnt/c/Users/Sharof/AndroidStudioProjects/SecureGSI/rust/target/aarch64-linux-android/debug/.fingerprint/cpufeatures-8042d7cf1e99b2c4...
[2026-08-24 02:51:26] [PROGRESS] resolve files> Scanning /mnt/c/Users/Sharof/AndroidStudioProjects/SecureGSI/rust/target/aarch64-linux-android/debug/.fingerprint/cpufeatures-cbb14933c2d72f37...
[2026-08-24 02:51:26] [PROGRESS] resolve files> Scanning /mnt/c/Users/Sharof/AndroidStudioProjects/SecureGSI/rust/target/aarch64-linux-android/debug/.fingerprint/crypto-common-3adecc90de98eb9b...
[2026-08-24 02:51:26] [PROGRESS] resolve files> Scanning /mnt/c/Users/Sharof/AndroidStudioProjects/SecureGSI/rust/target/aarch64-linux-android/debug/.fingerprint/crypto-common-44c2a5b7ba18f1d3...
[2026-08-24 02:51:26] [PROGRESS] resolve files> Scanning /mnt/c/Users/Sharof/AndroidStudioProjects/SecureGSI/rust/target/aarch64-linux-android/debug/.fingerprint/crypto-common-878b135272fa006b...
[2026-08-24 02:51:26] [PROGRESS] resolve files> Scanning /mnt/c/Users/Sharof/AndroidStudioProjects/SecureGSI/rust/target/aarch64-linux-android/debug/.fingerprint/crypto-common-e74febac2de05624...
[2026-08-24 02:51:26] [PROGRESS] resolve files> Scanning /mnt/c/Users/Sharof/AndroidStudioProjects/SecureGSI/rust/target/aarch64-linux-android/debug/.fingerprint/digest-0c302e5793ccbd14...
[2026-08-24 02:51:26] [PROGRESS] resolve files> Scanning /mnt/c/Users/Sharof/AndroidStudioProjects/SecureGSI/rust/target/aarch64-linux-android/debug/.fingerprint/digest-a5eefc49dc747681...
[2026-08-24 02:51:26] [PROGRESS] resolve files> Scanning /mnt/c/Users/Sharof/AndroidStudioProjects/SecureGSI/rust/target/aarch64-linux-android/debug/.fingerprint/digest-aa7471e1e0b21feb...
[2026-08-24 02:51:26] [PROGRESS] resolve files> Scanning /mnt/c/Users/Sharof/AndroidStudioProjects/SecureGSI/rust/target/aarch64-linux-android/debug/.fingerprint/digest-f34d055e836bf08f...
[2026-08-24 02:51:26] [PROGRESS] resolve files> Scanning /mnt/c/Users/Sharof/AndroidStudioProjects/SecureGSI/rust/target/aarch64-linux-android/debug/.fingerprint/generic-array-13034a57be66278e...
[2026-08-24 02:51:26] [PROGRESS] resolve files> Scanning /mnt/c/Users/Sharof/AndroidStudioProjects/SecureGSI/rust/target/aarch64-linux-android/debug/.fingerprint/generic-array-1d532a17d2583ba3...
[2026-08-24 02:51:26] [PROGRESS] resolve files> Scanning /mnt/c/Users/Sharof/AndroidStudioProjects/SecureGSI/rust/target/aarch64-linux-android/debug/.fingerprint/generic-array-54f1e675d4c5f7c1...
[2026-08-24 02:51:26] [PROGRESS] resolve files> Scanning /mnt/c/Users/Sharof/AndroidStudioProjects/SecureGSI/rust/target/aarch64-linux-android/debug/.fingerprint/generic-array-5b746dbf86cdfe24...
[2026-08-24 02:51:26] [PROGRESS] resolve files> Scanning /mnt/c/Users/Sharof/AndroidStudioProjects/SecureGSI/rust/target/aarch64-linux-android/debug/.fingerprint/generic-array-892a301f00acd6d0...
[2026-08-24 02:51:26] [PROGRESS] resolve files> Scanning /mnt/c/Users/Sharof/AndroidStudioProjects/SecureGSI/rust/target/aarch64-linux-android/debug/.fingerprint/generic-array-9b12b74a2f0db19c...
[2026-08-24 02:51:26] [PROGRESS] resolve files> Scanning /mnt/c/Users/Sharof/AndroidStudioProjects/SecureGSI/rust/target/aarch64-linux-android/debug/.fingerprint/jni-2a120d0aba3a547b...
[2026-08-24 02:51:26] [PROGRESS] resolve files> Scanning /mnt/c/Users/Sharof/AndroidStudioProjects/SecureGSI/rust/target/aarch64-linux-android/debug/.fingerprint/jni-4c379a71c32257ef...
[2026-08-24 02:51:26] [PROGRESS] resolve files> Scanning /mnt/c/Users/Sharof/AndroidStudioProjects/SecureGSI/rust/target/aarch64-linux-android/debug/.fingerprint/jni-bbf0bbaccd5d60b2...
[2026-08-24 02:51:26] [PROGRESS] resolve files> Scanning /mnt/c/Users/Sharof/AndroidStudioProjects/SecureGSI/rust/target/aarch64-linux-android/debug/.fingerprint/jni-fd28d4842e1a1fc7...
[2026-08-24 02:51:26] [PROGRESS] resolve files> Scanning /mnt/c/Users/Sharof/AndroidStudioProjects/SecureGSI/rust/target/aarch64-linux-android/debug/.fingerprint/jni-sys-334db3f494e31403...
[2026-08-24 02:51:26] [PROGRESS] resolve files> Scanning /mnt/c/Users/Sharof/AndroidStudioProjects/SecureGSI/rust/target/aarch64-linux-android/debug/.fingerprint/jni-sys-48dc41bec1b7cc10...
[2026-08-24 02:51:26] [PROGRESS] resolve files> Scanning /mnt/c/Users/Sharof/AndroidStudioProjects/SecureGSI/rust/target/aarch64-linux-android/debug/.fingerprint/jni-sys-4d27791ec06c29ae...
[2026-08-24 02:51:26] [PROGRESS] resolve files> Scanning /mnt/c/Users/Sharof/AndroidStudioProjects/SecureGSI/rust/target/aarch64-linux-android/debug/.fingerprint/jni-sys-6707e7963574ca35...
[2026-08-24 02:51:26] [PROGRESS] resolve files> Scanning /mnt/c/Users/Sharof/AndroidStudioProjects/SecureGSI/rust/target/aarch64-linux-android/debug/.fingerprint/jni-sys-72003804890e1f79...
[2026-08-24 02:51:26] [PROGRESS] resolve files> Scanning /mnt/c/Users/Sharof/AndroidStudioProjects/SecureGSI/rust/target/aarch64-linux-android/debug/.fingerprint/jni-sys-7993c71dfb526d0a...
[2026-08-24 02:51:26] [PROGRESS] resolve files> Scanning /mnt/c/Users/Sharof/AndroidStudioProjects/SecureGSI/rust/target/aarch64-linux-android/debug/.fingerprint/jni-sys-7f79ff7d0246e065...
[2026-08-24 02:51:26] [PROGRESS] resolve files> Scanning /mnt/c/Users/Sharof/AndroidStudioProjects/SecureGSI/rust/target/aarch64-linux-android/debug/.fingerprint/jni-sys-8c3ea6601aee3feb...
[2026-08-24 02:51:26] [PROGRESS] resolve files> Scanning /mnt/c/Users/Sharof/AndroidStudioProjects/SecureGSI/rust/target/aarch64-linux-android/debug/.fingerprint/jni-sys-a1b02cee75ef1d85...
[2026-08-24 02:51:26] [PROGRESS] resolve files> Scanning /mnt/c/Users/Sharof/AndroidStudioProjects/SecureGSI/rust/target/aarch64-linux-android/debug/.fingerprint/jni-sys-c8a4cae43f900de0...
[2026-08-24 02:51:26] [PROGRESS] resolve files> Scanning /mnt/c/Users/Sharof/AndroidStudioProjects/SecureGSI/rust/target/aarch64-linux-android/debug/.fingerprint/libc-04a90b0c72635d1e...
[2026-08-24 02:51:26] [PROGRESS] resolve files> Scanning /mnt/c/Users/Sharof/AndroidStudioProjects/SecureGSI/rust/target/aarch64-linux-android/debug/.fingerprint/libc-45dbf0a3067e0691...
[2026-08-24 02:51:26] [PROGRESS] resolve files> Scanning /mnt/c/Users/Sharof/AndroidStudioProjects/SecureGSI/rust/target/aarch64-linux-android/debug/.fingerprint/libc-7083521f1d702a3b...
[2026-08-24 02:51:26] [PROGRESS] resolve files> Scanning /mnt/c/Users/Sharof/AndroidStudioProjects/SecureGSI/rust/target/aarch64-linux-android/debug/.fingerprint/libc-7dedda917d559184...
[2026-08-24 02:51:26] [PROGRESS] resolve files> Scanning /mnt/c/Users/Sharof/AndroidStudioProjects/SecureGSI/rust/target/aarch64-linux-android/debug/.fingerprint/libc-8c1dbb315cc41510...
[2026-08-24 02:51:26] [PROGRESS] resolve files> Scanning /mnt/c/Users/Sharof/AndroidStudioProjects/SecureGSI/rust/target/aarch64-linux-android/debug/.fingerprint/libc-921abcab8f5525fd...
[2026-08-24 02:51:26] [PROGRESS] resolve files> Scanning /mnt/c/Users/Sharof/AndroidStudioProjects/SecureGSI/rust/target/aarch64-linux-android/debug/.fingerprint/libc-d6950c997160a365...
[2026-08-24 02:51:26] [PROGRESS] resolve files> Scanning /mnt/c/Users/Sharof/AndroidStudioProjects/SecureGSI/rust/target/aarch64-linux-android/debug/.fingerprint/libc-ed11b451d4f7c2e8...
[2026-08-24 02:51:26] [PROGRESS] resolve files> Scanning /mnt/c/Users/Sharof/AndroidStudioProjects/SecureGSI/rust/target/aarch64-linux-android/debug/.fingerprint/log-28824842a5dc25f5...
[2026-08-24 02:51:26] [PROGRESS] resolve files> Scanning /mnt/c/Users/Sharof/AndroidStudioProjects/SecureGSI/rust/target/aarch64-linux-android/debug/.fingerprint/log-62b55be241f00965...
[2026-08-24 02:51:26] [PROGRESS] resolve files> Scanning /mnt/c/Users/Sharof/AndroidStudioProjects/SecureGSI/rust/target/aarch64-linux-android/debug/.fingerprint/log-cb4db6d8dc9224fa...
[2026-08-24 02:51:26] [PROGRESS] resolve files> Scanning /mnt/c/Users/Sharof/AndroidStudioProjects/SecureGSI/rust/target/aarch64-linux-android/debug/.fingerprint/log-e40750a34f58a5b2...
[2026-08-24 02:51:26] [PROGRESS] resolve files> Scanning /mnt/c/Users/Sharof/AndroidStudioProjects/SecureGSI/rust/target/aarch64-linux-android/debug/.fingerprint/memchr-22e257a538781d68...
[2026-08-24 02:51:26] [PROGRESS] resolve files> Scanning /mnt/c/Users/Sharof/AndroidStudioProjects/SecureGSI/rust/target/aarch64-linux-android/debug/.fingerprint/memchr-3f2ca540948e66ea...
[2026-08-24 02:51:26] [PROGRESS] resolve files> Scanning /mnt/c/Users/Sharof/AndroidStudioProjects/SecureGSI/rust/target/aarch64-linux-android/debug/.fingerprint/memchr-8d5ff73b60eb315f...
[2026-08-24 02:51:26] [PROGRESS] resolve files> Scanning /mnt/c/Users/Sharof/AndroidStudioProjects/SecureGSI/rust/target/aarch64-linux-android/debug/.fingerprint/memchr-cded62b3527304fa...
[2026-08-24 02:51:26] [PROGRESS] resolve files> Scanning /mnt/c/Users/Sharof/AndroidStudioProjects/SecureGSI/rust/target/aarch64-linux-android/debug/.fingerprint/rust-6745843e67b14556...
[2026-08-24 02:51:26] [PROGRESS] resolve files> Scanning /mnt/c/Users/Sharof/AndroidStudioProjects/SecureGSI/rust/target/aarch64-linux-android/debug/.fingerprint/rust-74ede08235c1e667...
[2026-08-24 02:51:26] [PROGRESS] resolve files> Scanning /mnt/c/Users/Sharof/AndroidStudioProjects/SecureGSI/rust/target/aarch64-linux-android/debug/.fingerprint/rust-7f44547f590a67d5...
[2026-08-24 02:51:26] [PROGRESS] resolve files> Scanning /mnt/c/Users/Sharof/AndroidStudioProjects/SecureGSI/rust/target/aarch64-linux-android/debug/.fingerprint/rust-91aa61a368454e09...
[2026-08-24 02:51:26] [PROGRESS] resolve files> Scanning /mnt/c/Users/Sharof/AndroidStudioProjects/SecureGSI/rust/target/aarch64-linux-android/debug/.fingerprint/sha2-263bfd85095619e0...
[2026-08-24 02:51:26] [PROGRESS] resolve files> Scanning /mnt/c/Users/Sharof/AndroidStudioProjects/SecureGSI/rust/target/aarch64-linux-android/debug/.fingerprint/sha2-3468a88607e44410...
[2026-08-24 02:51:26] [PROGRESS] resolve files> Scanning /mnt/c/Users/Sharof/AndroidStudioProjects/SecureGSI/rust/target/aarch64-linux-android/debug/.fingerprint/sha2-8f710ee8c8f43a9d...
[2026-08-24 02:51:26] [PROGRESS] resolve files> Scanning /mnt/c/Users/Sharof/AndroidStudioProjects/SecureGSI/rust/target/aarch64-linux-android/debug/.fingerprint/sha2-bfac1d87c55e8dd2...
[2026-08-24 02:51:26] [PROGRESS] resolve files> Scanning /mnt/c/Users/Sharof/AndroidStudioProjects/SecureGSI/rust/target/aarch64-linux-android/debug/.fingerprint/sha2-d0eb67601694a35e...
[2026-08-24 02:51:26] [PROGRESS] resolve files> Scanning /mnt/c/Users/Sharof/AndroidStudioProjects/SecureGSI/rust/target/aarch64-linux-android/debug/.fingerprint/thiserror-1969c855fe2fa897...
[2026-08-24 02:51:26] [PROGRESS] resolve files> Scanning /mnt/c/Users/Sharof/AndroidStudioProjects/SecureGSI/rust/target/aarch64-linux-android/debug/.fingerprint/thiserror-3551c5db8f48c02a...
[2026-08-24 02:51:26] [PROGRESS] resolve files> Scanning /mnt/c/Users/Sharof/AndroidStudioProjects/SecureGSI/rust/target/aarch64-linux-android/debug/.fingerprint/thiserror-70104b63e0629d71...
[2026-08-24 02:51:26] [PROGRESS] resolve files> Scanning /mnt/c/Users/Sharof/AndroidStudioProjects/SecureGSI/rust/target/aarch64-linux-android/debug/.fingerprint/thiserror-7413701846d21bcd...
[2026-08-24 02:51:26] [PROGRESS] resolve files> Scanning /mnt/c/Users/Sharof/AndroidStudioProjects/SecureGSI/rust/target/aarch64-linux-android/debug/.fingerprint/thiserror-7b92d24d470f6d5f...
[2026-08-24 02:51:26] [PROGRESS] resolve files> Scanning /mnt/c/Users/Sharof/AndroidStudioProjects/SecureGSI/rust/target/aarch64-linux-android/debug/.fingerprint/thiserror-e18902bb6974825a...
[2026-08-24 02:51:26] [PROGRESS] resolve files> Scanning /mnt/c/Users/Sharof/AndroidStudioProjects/SecureGSI/rust/target/aarch64-linux-android/debug/.fingerprint/typenum-64fb4cccd4350418...
[2026-08-24 02:51:26] [PROGRESS] resolve files> Scanning /mnt/c/Users/Sharof/AndroidStudioProjects/SecureGSI/rust/target/aarch64-linux-android/debug/.fingerprint/typenum-6540f464f18c0208...
[2026-08-24 02:51:26] [PROGRESS] resolve files> Scanning /mnt/c/Users/Sharof/AndroidStudioProjects/SecureGSI/rust/target/aarch64-linux-android/debug/.fingerprint/typenum-951584332af5677b...
[2026-08-24 02:51:26] [PROGRESS] resolve files> Scanning /mnt/c/Users/Sharof/AndroidStudioProjects/SecureGSI/rust/target/aarch64-linux-android/debug/.fingerprint/typenum-977c95a31ddb9fa3...
[2026-08-24 02:51:26] [PROGRESS] resolve files> Scanning /mnt/c/Users/Sharof/AndroidStudioProjects/SecureGSI/rust/target/aarch64-linux-android/debug/build...
[2026-08-24 02:51:26] [PROGRESS] resolve files> Scanning /mnt/c/Users/Sharof/AndroidStudioProjects/SecureGSI/rust/target/aarch64-linux-android/debug/build/generic-array-54f1e675d4c5f7c1...
[2026-08-24 02:51:26] [PROGRESS] resolve files> Scanning /mnt/c/Users/Sharof/AndroidStudioProjects/SecureGSI/rust/target/aarch64-linux-android/debug/build/generic-array-54f1e675d4c5f7c1/out...
[2026-08-24 02:51:26] [PROGRESS] resolve files> Scanning /mnt/c/Users/Sharof/AndroidStudioProjects/SecureGSI/rust/target/aarch64-linux-android/debug/build/generic-array-892a301f00acd6d0...
[2026-08-24 02:51:26] [PROGRESS] resolve files> Scanning /mnt/c/Users/Sharof/AndroidStudioProjects/SecureGSI/rust/target/aarch64-linux-android/debug/build/generic-array-892a301f00acd6d0/out...
[2026-08-24 02:51:26] [PROGRESS] resolve files> Scanning /mnt/c/Users/Sharof/AndroidStudioProjects/SecureGSI/rust/target/aarch64-linux-android/debug/build/jni-sys-48dc41bec1b7cc10...
[2026-08-24 02:51:26] [PROGRESS] resolve files> Scanning /mnt/c/Users/Sharof/AndroidStudioProjects/SecureGSI/rust/target/aarch64-linux-android/debug/build/jni-sys-48dc41bec1b7cc10/out...
[2026-08-24 02:51:26] [PROGRESS] resolve files> Scanning /mnt/c/Users/Sharof/AndroidStudioProjects/SecureGSI/rust/target/aarch64-linux-android/debug/build/jni-sys-8c3ea6601aee3feb...
[2026-08-24 02:51:26] [PROGRESS] resolve files> Scanning /mnt/c/Users/Sharof/AndroidStudioProjects/SecureGSI/rust/target/aarch64-linux-android/debug/build/jni-sys-8c3ea6601aee3feb/out...
[2026-08-24 02:51:26] [PROGRESS] resolve files> Scanning /mnt/c/Users/Sharof/AndroidStudioProjects/SecureGSI/rust/target/aarch64-linux-android/debug/build/libc-7083521f1d702a3b...
[2026-08-24 02:51:26] [PROGRESS] resolve files> Scanning /mnt/c/Users/Sharof/AndroidStudioProjects/SecureGSI/rust/target/aarch64-linux-android/debug/build/libc-7083521f1d702a3b/out...
[2026-08-24 02:51:26] [PROGRESS] resolve files> Scanning /mnt/c/Users/Sharof/AndroidStudioProjects/SecureGSI/rust/target/aarch64-linux-android/debug/build/libc-d6950c997160a365...
[2026-08-24 02:51:26] [PROGRESS] resolve files> Scanning /mnt/c/Users/Sharof/AndroidStudioProjects/SecureGSI/rust/target/aarch64-linux-android/debug/build/libc-d6950c997160a365/out...
[2026-08-24 02:51:26] [PROGRESS] resolve files> Scanning /mnt/c/Users/Sharof/AndroidStudioProjects/SecureGSI/rust/target/aarch64-linux-android/debug/build/libc-ed11b451d4f7c2e8...
[2026-08-24 02:51:26] [PROGRESS] resolve files> Scanning /mnt/c/Users/Sharof/AndroidStudioProjects/SecureGSI/rust/target/aarch64-linux-android/debug/build/libc-ed11b451d4f7c2e8/out...
[2026-08-24 02:51:26] [PROGRESS] resolve files> Scanning /mnt/c/Users/Sharof/AndroidStudioProjects/SecureGSI/rust/target/aarch64-linux-android/debug/build/thiserror-70104b63e0629d71...
[2026-08-24 02:51:26] [PROGRESS] resolve files> Scanning /mnt/c/Users/Sharof/AndroidStudioProjects/SecureGSI/rust/target/aarch64-linux-android/debug/build/thiserror-70104b63e0629d71/out...
[2026-08-24 02:51:26] [PROGRESS] resolve files> Scanning /mnt/c/Users/Sharof/AndroidStudioProjects/SecureGSI/rust/target/aarch64-linux-android/debug/build/thiserror-7413701846d21bcd...
[2026-08-24 02:51:26] [PROGRESS] resolve files> Scanning /mnt/c/Users/Sharof/AndroidStudioProjects/SecureGSI/rust/target/aarch64-linux-android/debug/build/thiserror-7413701846d21bcd/out...
[2026-08-24 02:51:26] [PROGRESS] resolve files> Scanning /mnt/c/Users/Sharof/AndroidStudioProjects/SecureGSI/rust/target/aarch64-linux-android/debug/deps...
[2026-08-24 02:51:26] [PROGRESS] resolve files> Scanning /mnt/c/Users/Sharof/AndroidStudioProjects/SecureGSI/rust/target/aarch64-linux-android/debug/examples...
[2026-08-24 02:51:26] [PROGRESS] resolve files> Scanning /mnt/c/Users/Sharof/AndroidStudioProjects/SecureGSI/rust/target/aarch64-linux-android/debug/incremental...
[2026-08-24 02:51:26] [PROGRESS] resolve files> Scanning /mnt/c/Users/Sharof/AndroidStudioProjects/SecureGSI/rust/target/aarch64-linux-android/debug/incremental/rust-0y1oq90wm2g44...
[2026-08-24 02:51:26] [PROGRESS] resolve files> Scanning /mnt/c/Users/Sharof/AndroidStudioProjects/SecureGSI/rust/target/aarch64-linux-android/debug/incremental/rust-0y1oq90wm2g44/s-hlhlcoiepu-17oefrc-56tybkx0ujbkmme37151pt1mi...
[2026-08-24 02:51:26] [PROGRESS] resolve files> Scanning /mnt/c/Users/Sharof/AndroidStudioProjects/SecureGSI/rust/target/aarch64-linux-android/debug/incremental/rust-18trbng8l6f3b...
[2026-08-24 02:51:26] [PROGRESS] resolve files> Scanning /mnt/c/Users/Sharof/AndroidStudioProjects/SecureGSI/rust/target/aarch64-linux-android/debug/incremental/rust-18trbng8l6f3b/s-hlekr64lrn-1j32kxf-90evhul6f6lmqzefma6tmsezu...
[2026-08-24 02:51:26] [PROGRESS] resolve files> Scanning /mnt/c/Users/Sharof/AndroidStudioProjects/SecureGSI/rust/target/aarch64-linux-android/debug/incremental/rust-18trbng8l6f3b/s-hleksi9qzh-1jjm2rb-1xrvv0bwakef706um6dzzcmbu...
[2026-08-24 02:51:26] [PROGRESS] resolve files> Scanning /mnt/c/Users/Sharof/AndroidStudioProjects/SecureGSI/rust/target/aarch64-linux-android/debug/incremental/rust-197dzile3knil...
[2026-08-24 02:51:26] [PROGRESS] resolve files> Scanning /mnt/c/Users/Sharof/AndroidStudioProjects/SecureGSI/rust/target/aarch64-linux-android/debug/incremental/rust-197dzile3knil/s-hlme2o4uqj-1qbddlq-20vits7o4f6b2142wy8o8azjg...
[2026-08-24 02:51:26] [PROGRESS] resolve files> Scanning /mnt/c/Users/Sharof/AndroidStudioProjects/SecureGSI/rust/target/aarch64-linux-android/debug/incremental/rust-1m930g1ng3obb...
[2026-08-24 02:51:26] [PROGRESS] resolve files> Scanning /mnt/c/Users/Sharof/AndroidStudioProjects/SecureGSI/rust/target/aarch64-linux-android/debug/incremental/rust-1m930g1ng3obb/s-hlekthzwr5-17qukqp-dpi5kr1pp01w4gsaal1lrelji...
[2026-08-24 02:51:26] [PROGRESS] resolve files> Scanning /mnt/c/Users/Sharof/AndroidStudioProjects/SecureGSI/rust/target/aarch64-linux-android/debug/incremental/rust-1vvd0b42kj0ki...
[2026-08-24 02:51:26] [PROGRESS] resolve files> Scanning /mnt/c/Users/Sharof/AndroidStudioProjects/SecureGSI/rust/target/aarch64-linux-android/debug/incremental/rust-1vvd0b42kj0ki/s-hlht9xqb8q-0ipw21v-24a2elyqjlkbj9rekg58iawbk...
[2026-08-24 02:51:26] [PROGRESS] resolve files> Scanning /mnt/c/Users/Sharof/AndroidStudioProjects/SecureGSI/rust/target/aarch64-linux-android/debug/incremental/rust-1vvd0b42kj0ki/s-hlhtgglnmy-0b0c0hs-4b2uyoi16kcct6szx3o0tneg3...
[2026-08-24 02:51:26] [PROGRESS] resolve files> Scanning /mnt/c/Users/Sharof/AndroidStudioProjects/SecureGSI/rust/target/aarch64-linux-android/debug/incremental/rust-2qxlyvgycugho...
[2026-08-24 02:51:26] [PROGRESS] resolve files> Scanning /mnt/c/Users/Sharof/AndroidStudioProjects/SecureGSI/rust/target/aarch64-linux-android/debug/incremental/rust-2qxlyvgycugho/s-hlelnn5g8o-1unctzv-4m9mwgwb7mx3sixxdepmaghz3...
[2026-08-24 02:51:26] [PROGRESS] resolve files> Scanning /mnt/c/Users/Sharof/AndroidStudioProjects/SecureGSI/rust/target/aarch64-linux-android/debug/incremental/rust-2qxlyvgycugho/s-hlen73l9ag-1glktxr-dsbvtpjohxgrpj08d06qxarhi...
[2026-08-24 02:51:26] [PROGRESS] resolve files> Scanning /mnt/c/Users/Sharof/AndroidStudioProjects/SecureGSI/rust/target/aarch64-linux-android/debug/incremental/rust-3q6gw7j2mk2fj...
[2026-08-24 02:51:26] [PROGRESS] resolve files> Scanning /mnt/c/Users/Sharof/AndroidStudioProjects/SecureGSI/rust/target/aarch64-linux-android/debug/incremental/rust-3q6gw7j2mk2fj/s-hlel006awa-1tdr91s-97q1sw4hedmqtehayek8u670g...
[2026-08-24 02:51:26] [PROGRESS] resolve files> Scanning /mnt/c/Users/Sharof/AndroidStudioProjects/SecureGSI/rust/target/aarch64-linux-android/debug/incremental/rust-3q6gw7j2mk2fj/s-hlelf9y1av-1qzuk6i-bpn1hrow25u073gwuwt6j8732...
[2026-08-24 02:51:26] [PROGRESS] resolve files> Scanning /mnt/c/Users/Sharof/AndroidStudioProjects/SecureGSI/rust/target/aarch64-linux-android/release...
[2026-08-24 02:51:26] [PROGRESS] resolve files> Scanning /mnt/c/Users/Sharof/AndroidStudioProjects/SecureGSI/rust/target/aarch64-linux-android/release/.fingerprint...
[2026-08-24 02:51:26] [PROGRESS] resolve files> Scanning /mnt/c/Users/Sharof/AndroidStudioProjects/SecureGSI/rust/target/aarch64-linux-android/release/.fingerprint/block-buffer-606096de4eb18377...
[2026-08-24 02:51:26] [PROGRESS] resolve files> Scanning /mnt/c/Users/Sharof/AndroidStudioProjects/SecureGSI/rust/target/aarch64-linux-android/release/.fingerprint/block-buffer-82d8bc01267dfc72...
[2026-08-24 02:51:26] [PROGRESS] resolve files> Scanning /mnt/c/Users/Sharof/AndroidStudioProjects/SecureGSI/rust/target/aarch64-linux-android/release/.fingerprint/bytes-871ae4510965c12e...
[2026-08-24 02:51:26] [PROGRESS] resolve files> Scanning /mnt/c/Users/Sharof/AndroidStudioProjects/SecureGSI/rust/target/aarch64-linux-android/release/.fingerprint/bytes-e8007573969c0d4f...
[2026-08-24 02:51:26] [PROGRESS] resolve files> Scanning /mnt/c/Users/Sharof/AndroidStudioProjects/SecureGSI/rust/target/aarch64-linux-android/release/.fingerprint/cesu8-3298a4601f1d4b6d...
[2026-08-24 02:51:26] [PROGRESS] resolve files> Scanning /mnt/c/Users/Sharof/AndroidStudioProjects/SecureGSI/rust/target/aarch64-linux-android/release/.fingerprint/cesu8-c11f990316b18017...
[2026-08-24 02:51:26] [PROGRESS] resolve files> Scanning /mnt/c/Users/Sharof/AndroidStudioProjects/SecureGSI/rust/target/aarch64-linux-android/release/.fingerprint/cfg-if-7192b3c83fad64e4...
[2026-08-24 02:51:26] [PROGRESS] resolve files> Scanning /mnt/c/Users/Sharof/AndroidStudioProjects/SecureGSI/rust/target/aarch64-linux-android/release/.fingerprint/cfg-if-bd3a0c20538ff60b...
[2026-08-24 02:51:26] [PROGRESS] resolve files> Scanning /mnt/c/Users/Sharof/AndroidStudioProjects/SecureGSI/rust/target/aarch64-linux-android/release/.fingerprint/combine-256310a53316f9be...
[2026-08-24 02:51:26] [PROGRESS] resolve files> Scanning /mnt/c/Users/Sharof/AndroidStudioProjects/SecureGSI/rust/target/aarch64-linux-android/release/.fingerprint/combine-c0692d3abb55bfa8...
[2026-08-24 02:51:26] [PROGRESS] resolve files> Scanning /mnt/c/Users/Sharof/AndroidStudioProjects/SecureGSI/rust/target/aarch64-linux-android/release/.fingerprint/cpufeatures-0037f6f7ffb5ffc3...
[2026-08-24 02:51:26] [PROGRESS] resolve files> Scanning /mnt/c/Users/Sharof/AndroidStudioProjects/SecureGSI/rust/target/aarch64-linux-android/release/.fingerprint/cpufeatures-3168885ac225aa7a...
[2026-08-24 02:51:26] [PROGRESS] resolve files> Scanning /mnt/c/Users/Sharof/AndroidStudioProjects/SecureGSI/rust/target/aarch64-linux-android/release/.fingerprint/crypto-common-41fff76d06f8139f...
[2026-08-24 02:51:26] [PROGRESS] resolve files> Scanning /mnt/c/Users/Sharof/AndroidStudioProjects/SecureGSI/rust/target/aarch64-linux-android/release/.fingerprint/crypto-common-66f84fc689ed0b35...
[2026-08-24 02:51:27] [PROGRESS] resolve files> Scanning /mnt/c/Users/Sharof/AndroidStudioProjects/SecureGSI/rust/target/aarch64-linux-android/release/.fingerprint/digest-0758dcb22756381c...
[2026-08-24 02:51:27] [PROGRESS] resolve files> Scanning /mnt/c/Users/Sharof/AndroidStudioProjects/SecureGSI/rust/target/aarch64-linux-android/release/.fingerprint/digest-48f264937bb81649...
[2026-08-24 02:51:27] [PROGRESS] resolve files> Scanning /mnt/c/Users/Sharof/AndroidStudioProjects/SecureGSI/rust/target/aarch64-linux-android/release/.fingerprint/generic-array-1bc685f330a4f35f...
[2026-08-24 02:51:27] [PROGRESS] resolve files> Scanning /mnt/c/Users/Sharof/AndroidStudioProjects/SecureGSI/rust/target/aarch64-linux-android/release/.fingerprint/generic-array-8e900f5a3b551e71...
[2026-08-24 02:51:27] [PROGRESS] resolve files> Scanning /mnt/c/Users/Sharof/AndroidStudioProjects/SecureGSI/rust/target/aarch64-linux-android/release/.fingerprint/generic-array-9277ee57ae38d17e...
[2026-08-24 02:51:27] [PROGRESS] resolve files> Scanning /mnt/c/Users/Sharof/AndroidStudioProjects/SecureGSI/rust/target/aarch64-linux-android/release/.fingerprint/generic-array-d318b1a4790a88ea...
[2026-08-24 02:51:27] [PROGRESS] resolve files> Scanning /mnt/c/Users/Sharof/AndroidStudioProjects/SecureGSI/rust/target/aarch64-linux-android/release/.fingerprint/jni-0b7de3483b35d78a...
[2026-08-24 02:51:27] [PROGRESS] resolve files> Scanning /mnt/c/Users/Sharof/AndroidStudioProjects/SecureGSI/rust/target/aarch64-linux-android/release/.fingerprint/jni-53fa21d508d48b4b...
[2026-08-24 02:51:27] [PROGRESS] resolve files> Scanning /mnt/c/Users/Sharof/AndroidStudioProjects/SecureGSI/rust/target/aarch64-linux-android/release/.fingerprint/jni-sys-1551d99536b07635...
[2026-08-24 02:51:27] [PROGRESS] resolve files> Scanning /mnt/c/Users/Sharof/AndroidStudioProjects/SecureGSI/rust/target/aarch64-linux-android/release/.fingerprint/jni-sys-1ccd3ce34b77e5a6...
[2026-08-24 02:51:27] [PROGRESS] resolve files> Scanning /mnt/c/Users/Sharof/AndroidStudioProjects/SecureGSI/rust/target/aarch64-linux-android/release/.fingerprint/jni-sys-87db3b6629652f29...
[2026-08-24 02:51:27] [PROGRESS] resolve files> Scanning /mnt/c/Users/Sharof/AndroidStudioProjects/SecureGSI/rust/target/aarch64-linux-android/release/.fingerprint/jni-sys-9b5038c357d0530a...
[2026-08-24 02:51:27] [PROGRESS] resolve files> Scanning /mnt/c/Users/Sharof/AndroidStudioProjects/SecureGSI/rust/target/aarch64-linux-android/release/.fingerprint/jni-sys-e2c66528064197e1...
[2026-08-24 02:51:27] [PROGRESS] resolve files> Scanning /mnt/c/Users/Sharof/AndroidStudioProjects/SecureGSI/rust/target/aarch64-linux-android/release/.fingerprint/jni-sys-e8b8a2723265aa8c...
[2026-08-24 02:51:27] [PROGRESS] resolve files> Scanning /mnt/c/Users/Sharof/AndroidStudioProjects/SecureGSI/rust/target/aarch64-linux-android/release/.fingerprint/libc-1c911a45dec926c9...
[2026-08-24 02:51:27] [PROGRESS] resolve files> Scanning /mnt/c/Users/Sharof/AndroidStudioProjects/SecureGSI/rust/target/aarch64-linux-android/release/.fingerprint/libc-816c5453175f745f...
[2026-08-24 02:51:27] [PROGRESS] resolve files> Scanning /mnt/c/Users/Sharof/AndroidStudioProjects/SecureGSI/rust/target/aarch64-linux-android/release/.fingerprint/libc-b66e2804aa89f5ac...
[2026-08-24 02:51:27] [PROGRESS] resolve files> Scanning /mnt/c/Users/Sharof/AndroidStudioProjects/SecureGSI/rust/target/aarch64-linux-android/release/.fingerprint/libc-b7990af2988ef95c...
[2026-08-24 02:51:27] [PROGRESS] resolve files> Scanning /mnt/c/Users/Sharof/AndroidStudioProjects/SecureGSI/rust/target/aarch64-linux-android/release/.fingerprint/log-12b2ba7c0208de23...
[2026-08-24 02:51:27] [PROGRESS] resolve files> Scanning /mnt/c/Users/Sharof/AndroidStudioProjects/SecureGSI/rust/target/aarch64-linux-android/release/.fingerprint/log-9b7b608702339612...
[2026-08-24 02:51:27] [PROGRESS] resolve files> Scanning /mnt/c/Users/Sharof/AndroidStudioProjects/SecureGSI/rust/target/aarch64-linux-android/release/.fingerprint/memchr-b056e960a374ea67...
[2026-08-24 02:51:27] [PROGRESS] resolve files> Scanning /mnt/c/Users/Sharof/AndroidStudioProjects/SecureGSI/rust/target/aarch64-linux-android/release/.fingerprint/memchr-e3efc3e547ea6010...
[2026-08-24 02:51:27] [PROGRESS] resolve files> Scanning /mnt/c/Users/Sharof/AndroidStudioProjects/SecureGSI/rust/target/aarch64-linux-android/release/.fingerprint/rust-6745843e67b14556...
[2026-08-24 02:51:27] [PROGRESS] resolve files> Scanning /mnt/c/Users/Sharof/AndroidStudioProjects/SecureGSI/rust/target/aarch64-linux-android/release/.fingerprint/sha2-48c94ca74557feea...
[2026-08-24 02:51:27] [PROGRESS] resolve files> Scanning /mnt/c/Users/Sharof/AndroidStudioProjects/SecureGSI/rust/target/aarch64-linux-android/release/.fingerprint/sha2-d3602554ab9c7b1d...
[2026-08-24 02:51:27] [PROGRESS] resolve files> Scanning /mnt/c/Users/Sharof/AndroidStudioProjects/SecureGSI/rust/target/aarch64-linux-android/release/.fingerprint/thiserror-2f9b564972924920...
[2026-08-24 02:51:27] [PROGRESS] resolve files> Scanning /mnt/c/Users/Sharof/AndroidStudioProjects/SecureGSI/rust/target/aarch64-linux-android/release/.fingerprint/thiserror-5e88ca2497ecc4da...
[2026-08-24 02:51:27] [PROGRESS] resolve files> Scanning /mnt/c/Users/Sharof/AndroidStudioProjects/SecureGSI/rust/target/aarch64-linux-android/release/.fingerprint/thiserror-824ecef980d0e849...
[2026-08-24 02:51:27] [PROGRESS] resolve files> Scanning /mnt/c/Users/Sharof/AndroidStudioProjects/SecureGSI/rust/target/aarch64-linux-android/release/.fingerprint/thiserror-9c2fb15a1ee2b6fe...
[2026-08-24 02:51:27] [PROGRESS] resolve files> Scanning /mnt/c/Users/Sharof/AndroidStudioProjects/SecureGSI/rust/target/aarch64-linux-android/release/.fingerprint/typenum-93eaf720a7594037...
[2026-08-24 02:51:27] [PROGRESS] resolve files> Scanning /mnt/c/Users/Sharof/AndroidStudioProjects/SecureGSI/rust/target/aarch64-linux-android/release/.fingerprint/typenum-a6d7c3ccb06082d2...
[2026-08-24 02:51:27] [PROGRESS] resolve files> Scanning /mnt/c/Users/Sharof/AndroidStudioProjects/SecureGSI/rust/target/aarch64-linux-android/release/build...
[2026-08-24 02:51:27] [PROGRESS] resolve files> Scanning /mnt/c/Users/Sharof/AndroidStudioProjects/SecureGSI/rust/target/aarch64-linux-android/release/build/generic-array-1bc685f330a4f35f...
[2026-08-24 02:51:27] [PROGRESS] resolve files> Scanning /mnt/c/Users/Sharof/AndroidStudioProjects/SecureGSI/rust/target/aarch64-linux-android/release/build/generic-array-1bc685f330a4f35f/out...
[2026-08-24 02:51:27] [PROGRESS] resolve files> Scanning /mnt/c/Users/Sharof/AndroidStudioProjects/SecureGSI/rust/target/aarch64-linux-android/release/build/generic-array-9277ee57ae38d17e...
[2026-08-24 02:51:27] [PROGRESS] resolve files> Scanning /mnt/c/Users/Sharof/AndroidStudioProjects/SecureGSI/rust/target/aarch64-linux-android/release/build/generic-array-9277ee57ae38d17e/out...
[2026-08-24 02:51:27] [PROGRESS] resolve files> Scanning /mnt/c/Users/Sharof/AndroidStudioProjects/SecureGSI/rust/target/aarch64-linux-android/release/build/jni-sys-1551d99536b07635...
[2026-08-24 02:51:27] [PROGRESS] resolve files> Scanning /mnt/c/Users/Sharof/AndroidStudioProjects/SecureGSI/rust/target/aarch64-linux-android/release/build/jni-sys-1551d99536b07635/out...
[2026-08-24 02:51:27] [PROGRESS] resolve files> Scanning /mnt/c/Users/Sharof/AndroidStudioProjects/SecureGSI/rust/target/aarch64-linux-android/release/build/jni-sys-1ccd3ce34b77e5a6...
[2026-08-24 02:51:27] [PROGRESS] resolve files> Scanning /mnt/c/Users/Sharof/AndroidStudioProjects/SecureGSI/rust/target/aarch64-linux-android/release/build/jni-sys-1ccd3ce34b77e5a6/out...
[2026-08-24 02:51:27] [PROGRESS] resolve files> Scanning /mnt/c/Users/Sharof/AndroidStudioProjects/SecureGSI/rust/target/aarch64-linux-android/release/build/libc-816c5453175f745f...
[2026-08-24 02:51:27] [PROGRESS] resolve files> Scanning /mnt/c/Users/Sharof/AndroidStudioProjects/SecureGSI/rust/target/aarch64-linux-android/release/build/libc-816c5453175f745f/out...
[2026-08-24 02:51:27] [PROGRESS] resolve files> Scanning /mnt/c/Users/Sharof/AndroidStudioProjects/SecureGSI/rust/target/aarch64-linux-android/release/build/libc-b66e2804aa89f5ac...
[2026-08-24 02:51:27] [PROGRESS] resolve files> Scanning /mnt/c/Users/Sharof/AndroidStudioProjects/SecureGSI/rust/target/aarch64-linux-android/release/build/libc-b66e2804aa89f5ac/out...
[2026-08-24 02:51:27] [PROGRESS] resolve files> Scanning /mnt/c/Users/Sharof/AndroidStudioProjects/SecureGSI/rust/target/aarch64-linux-android/release/build/thiserror-2f9b564972924920...
[2026-08-24 02:51:27] [PROGRESS] resolve files> Scanning /mnt/c/Users/Sharof/AndroidStudioProjects/SecureGSI/rust/target/aarch64-linux-android/release/build/thiserror-2f9b564972924920/out...
[2026-08-24 02:51:27] [PROGRESS] resolve files> Scanning /mnt/c/Users/Sharof/AndroidStudioProjects/SecureGSI/rust/target/aarch64-linux-android/release/build/thiserror-824ecef980d0e849...
[2026-08-24 02:51:27] [PROGRESS] resolve files> Scanning /mnt/c/Users/Sharof/AndroidStudioProjects/SecureGSI/rust/target/aarch64-linux-android/release/build/thiserror-824ecef980d0e849/out...
[2026-08-24 02:51:27] [PROGRESS] resolve files> Scanning /mnt/c/Users/Sharof/AndroidStudioProjects/SecureGSI/rust/target/aarch64-linux-android/release/deps...
[2026-08-24 02:51:27] [PROGRESS] resolve files> Scanning /mnt/c/Users/Sharof/AndroidStudioProjects/SecureGSI/rust/target/aarch64-linux-android/release/examples...
[2026-08-24 02:51:27] [PROGRESS] resolve files> Scanning /mnt/c/Users/Sharof/AndroidStudioProjects/SecureGSI/rust/target/aarch64-linux-android/release/incremental...
[2026-08-24 02:51:27] [PROGRESS] resolve files> Scanning /mnt/c/Users/Sharof/AndroidStudioProjects/SecureGSI/rust/target/debug...
[2026-08-24 02:51:27] [PROGRESS] resolve files> Scanning /mnt/c/Users/Sharof/AndroidStudioProjects/SecureGSI/rust/target/debug/.fingerprint...
[2026-08-24 02:51:27] [PROGRESS] resolve files> Scanning /mnt/c/Users/Sharof/AndroidStudioProjects/SecureGSI/rust/target/debug/.fingerprint/block-buffer-299732a4e3048fcf...
[2026-08-24 02:51:27] [PROGRESS] resolve files> Scanning /mnt/c/Users/Sharof/AndroidStudioProjects/SecureGSI/rust/target/debug/.fingerprint/bytes-c3394b0af77a15c5...
[2026-08-24 02:51:27] [PROGRESS] resolve files> Scanning /mnt/c/Users/Sharof/AndroidStudioProjects/SecureGSI/rust/target/debug/.fingerprint/cesu8-2f6e4c5800e20026...
[2026-08-24 02:51:27] [PROGRESS] resolve files> Scanning /mnt/c/Users/Sharof/AndroidStudioProjects/SecureGSI/rust/target/debug/.fingerprint/cfg-if-8e014ddcb785b96d...
[2026-08-24 02:51:27] [PROGRESS] resolve files> Scanning /mnt/c/Users/Sharof/AndroidStudioProjects/SecureGSI/rust/target/debug/.fingerprint/combine-54fe0278b298735f...
[2026-08-24 02:51:27] [PROGRESS] resolve files> Scanning /mnt/c/Users/Sharof/AndroidStudioProjects/SecureGSI/rust/target/debug/.fingerprint/cpufeatures-61d389a9f523e928...
[2026-08-24 02:51:27] [PROGRESS] resolve files> Scanning /mnt/c/Users/Sharof/AndroidStudioProjects/SecureGSI/rust/target/debug/.fingerprint/crypto-common-ace1ae37f646d743...
[2026-08-24 02:51:27] [PROGRESS] resolve files> Scanning /mnt/c/Users/Sharof/AndroidStudioProjects/SecureGSI/rust/target/debug/.fingerprint/digest-6ec33620076f7268...
[2026-08-24 02:51:27] [PROGRESS] resolve files> Scanning /mnt/c/Users/Sharof/AndroidStudioProjects/SecureGSI/rust/target/debug/.fingerprint/generic-array-5ee74e218b553be3...
[2026-08-24 02:51:27] [PROGRESS] resolve files> Scanning /mnt/c/Users/Sharof/AndroidStudioProjects/SecureGSI/rust/target/debug/.fingerprint/generic-array-79f6a63db51bd373...
[2026-08-24 02:51:27] [PROGRESS] resolve files> Scanning /mnt/c/Users/Sharof/AndroidStudioProjects/SecureGSI/rust/target/debug/.fingerprint/generic-array-c471f65fcb0548d3...
[2026-08-24 02:51:27] [PROGRESS] resolve files> Scanning /mnt/c/Users/Sharof/AndroidStudioProjects/SecureGSI/rust/target/debug/.fingerprint/generic-array-c64a0956e4449a96...
[2026-08-24 02:51:27] [PROGRESS] resolve files> Scanning /mnt/c/Users/Sharof/AndroidStudioProjects/SecureGSI/rust/target/debug/.fingerprint/jni-250d5519859cc889...
[2026-08-24 02:51:27] [PROGRESS] resolve files> Scanning /mnt/c/Users/Sharof/AndroidStudioProjects/SecureGSI/rust/target/debug/.fingerprint/jni-sys-230f8adbdc4b8cb7...
[2026-08-24 02:51:27] [PROGRESS] resolve files> Scanning /mnt/c/Users/Sharof/AndroidStudioProjects/SecureGSI/rust/target/debug/.fingerprint/jni-sys-43c1c552b495f510...
[2026-08-24 02:51:27] [PROGRESS] resolve files> Scanning /mnt/c/Users/Sharof/AndroidStudioProjects/SecureGSI/rust/target/debug/.fingerprint/jni-sys-5acbccb32a521f32...
[2026-08-24 02:51:27] [PROGRESS] resolve files> Scanning /mnt/c/Users/Sharof/AndroidStudioProjects/SecureGSI/rust/target/debug/.fingerprint/jni-sys-85be32622ba21a89...
[2026-08-24 02:51:27] [PROGRESS] resolve files> Scanning /mnt/c/Users/Sharof/AndroidStudioProjects/SecureGSI/rust/target/debug/.fingerprint/jni-sys-9d842380faecdb99...
[2026-08-24 02:51:27] [PROGRESS] resolve files> Scanning /mnt/c/Users/Sharof/AndroidStudioProjects/SecureGSI/rust/target/debug/.fingerprint/jni-sys-macros-b35b93d45dbc340e...
[2026-08-24 02:51:27] [PROGRESS] resolve files> Scanning /mnt/c/Users/Sharof/AndroidStudioProjects/SecureGSI/rust/target/debug/.fingerprint/jni-sys-macros-ba696971370b136f...
[2026-08-24 02:51:27] [PROGRESS] resolve files> Scanning /mnt/c/Users/Sharof/AndroidStudioProjects/SecureGSI/rust/target/debug/.fingerprint/libc-19124a20af635abc...
[2026-08-24 02:51:27] [PROGRESS] resolve files> Scanning /mnt/c/Users/Sharof/AndroidStudioProjects/SecureGSI/rust/target/debug/.fingerprint/libc-4b3943b2fd1e2eec...
[2026-08-24 02:51:27] [PROGRESS] resolve files> Scanning /mnt/c/Users/Sharof/AndroidStudioProjects/SecureGSI/rust/target/debug/.fingerprint/libc-d1ff08fdcb34894c...
[2026-08-24 02:51:27] [PROGRESS] resolve files> Scanning /mnt/c/Users/Sharof/AndroidStudioProjects/SecureGSI/rust/target/debug/.fingerprint/libc-f06c662e3f0a0a76...
[2026-08-24 02:51:27] [PROGRESS] resolve files> Scanning /mnt/c/Users/Sharof/AndroidStudioProjects/SecureGSI/rust/target/debug/.fingerprint/log-3abd3f2106062399...
[2026-08-24 02:51:27] [PROGRESS] resolve files> Scanning /mnt/c/Users/Sharof/AndroidStudioProjects/SecureGSI/rust/target/debug/.fingerprint/memchr-0263503a7d6f4437...
[2026-08-24 02:51:27] [PROGRESS] resolve files> Scanning /mnt/c/Users/Sharof/AndroidStudioProjects/SecureGSI/rust/target/debug/.fingerprint/proc-macro2-4830a0308ffae8a6...
[2026-08-24 02:51:27] [PROGRESS] resolve files> Scanning /mnt/c/Users/Sharof/AndroidStudioProjects/SecureGSI/rust/target/debug/.fingerprint/proc-macro2-7d0ed4e509752a35...
[2026-08-24 02:51:27] [PROGRESS] resolve files> Scanning /mnt/c/Users/Sharof/AndroidStudioProjects/SecureGSI/rust/target/debug/.fingerprint/proc-macro2-afed50eb41527438...
[2026-08-24 02:51:27] [PROGRESS] resolve files> Scanning /mnt/c/Users/Sharof/AndroidStudioProjects/SecureGSI/rust/target/debug/.fingerprint/proc-macro2-cb79944ef996a02b...
[2026-08-24 02:51:27] [PROGRESS] resolve files> Scanning /mnt/c/Users/Sharof/AndroidStudioProjects/SecureGSI/rust/target/debug/.fingerprint/proc-macro2-e024176cfc4fa3c8...
[2026-08-24 02:51:27] [PROGRESS] resolve files> Scanning /mnt/c/Users/Sharof/AndroidStudioProjects/SecureGSI/rust/target/debug/.fingerprint/proc-macro2-fc2b8f6cedde1b8b...
[2026-08-24 02:51:27] [PROGRESS] resolve files> Scanning /mnt/c/Users/Sharof/AndroidStudioProjects/SecureGSI/rust/target/debug/.fingerprint/quote-42f3864ee6865a1e...
[2026-08-24 02:51:27] [PROGRESS] resolve files> Scanning /mnt/c/Users/Sharof/AndroidStudioProjects/SecureGSI/rust/target/debug/.fingerprint/quote-6dff9724e4e81362...
[2026-08-24 02:51:27] [PROGRESS] resolve files> Scanning /mnt/c/Users/Sharof/AndroidStudioProjects/SecureGSI/rust/target/debug/.fingerprint/quote-77360d81d896b35d...
[2026-08-24 02:51:27] [PROGRESS] resolve files> Scanning /mnt/c/Users/Sharof/AndroidStudioProjects/SecureGSI/rust/target/debug/.fingerprint/quote-8f4046f0a92c7969...
[2026-08-24 02:51:27] [PROGRESS] resolve files> Scanning /mnt/c/Users/Sharof/AndroidStudioProjects/SecureGSI/rust/target/debug/.fingerprint/quote-9a408a5f97606779...
[2026-08-24 02:51:27] [PROGRESS] resolve files> Scanning /mnt/c/Users/Sharof/AndroidStudioProjects/SecureGSI/rust/target/debug/.fingerprint/quote-e81df3e562aae332...
[2026-08-24 02:51:27] [PROGRESS] resolve files> Scanning /mnt/c/Users/Sharof/AndroidStudioProjects/SecureGSI/rust/target/debug/.fingerprint/rust-d4cf5f3ee4da3fa6...
[2026-08-24 02:51:27] [PROGRESS] resolve files> Scanning /mnt/c/Users/Sharof/AndroidStudioProjects/SecureGSI/rust/target/debug/.fingerprint/sha2-01969256f474e9a8...
[2026-08-24 02:51:27] [PROGRESS] resolve files> Scanning /mnt/c/Users/Sharof/AndroidStudioProjects/SecureGSI/rust/target/debug/.fingerprint/syn-5484d71b1b081b3f...
[2026-08-24 02:51:27] [PROGRESS] resolve files> Scanning /mnt/c/Users/Sharof/AndroidStudioProjects/SecureGSI/rust/target/debug/.fingerprint/syn-7a6bc41ff4575ae9...
[2026-08-24 02:51:27] [PROGRESS] resolve files> Scanning /mnt/c/Users/Sharof/AndroidStudioProjects/SecureGSI/rust/target/debug/.fingerprint/thiserror-19391372f5f3e96a...
[2026-08-24 02:51:27] [PROGRESS] resolve files> Scanning /mnt/c/Users/Sharof/AndroidStudioProjects/SecureGSI/rust/target/debug/.fingerprint/thiserror-3569f8be73793567...
[2026-08-24 02:51:27] [PROGRESS] resolve files> Scanning /mnt/c/Users/Sharof/AndroidStudioProjects/SecureGSI/rust/target/debug/.fingerprint/thiserror-660fb80611bc8cc4...
[2026-08-24 02:51:27] [PROGRESS] resolve files> Scanning /mnt/c/Users/Sharof/AndroidStudioProjects/SecureGSI/rust/target/debug/.fingerprint/thiserror-c38a878e108bbc23...
[2026-08-24 02:51:27] [PROGRESS] resolve files> Scanning /mnt/c/Users/Sharof/AndroidStudioProjects/SecureGSI/rust/target/debug/.fingerprint/thiserror-impl-011aecf98a901413...
[2026-08-24 02:51:27] [PROGRESS] resolve files> Scanning /mnt/c/Users/Sharof/AndroidStudioProjects/SecureGSI/rust/target/debug/.fingerprint/thiserror-impl-ea1373f41f8727df...
[2026-08-24 02:51:27] [PROGRESS] resolve files> Scanning /mnt/c/Users/Sharof/AndroidStudioProjects/SecureGSI/rust/target/debug/.fingerprint/typenum-0bb98beaf5b40e6d...
[2026-08-24 02:51:27] [PROGRESS] resolve files> Scanning /mnt/c/Users/Sharof/AndroidStudioProjects/SecureGSI/rust/target/debug/.fingerprint/unicode-ident-8443eb632a3fbe4c...
[2026-08-24 02:51:27] [PROGRESS] resolve files> Scanning /mnt/c/Users/Sharof/AndroidStudioProjects/SecureGSI/rust/target/debug/.fingerprint/unicode-ident-ba7c52976ea22d0b...
[2026-08-24 02:51:27] [PROGRESS] resolve files> Scanning /mnt/c/Users/Sharof/AndroidStudioProjects/SecureGSI/rust/target/debug/.fingerprint/version_check-48d66f356588878b...
[2026-08-24 02:51:27] [PROGRESS] resolve files> Scanning /mnt/c/Users/Sharof/AndroidStudioProjects/SecureGSI/rust/target/debug/.fingerprint/version_check-f2ae634dce0e95cd...
[2026-08-24 02:51:27] [PROGRESS] resolve files> Scanning /mnt/c/Users/Sharof/AndroidStudioProjects/SecureGSI/rust/target/debug/build...
[2026-08-24 02:51:27] [PROGRESS] resolve files> Scanning /mnt/c/Users/Sharof/AndroidStudioProjects/SecureGSI/rust/target/debug/build/generic-array-5ee74e218b553be3...
[2026-08-24 02:51:27] [PROGRESS] resolve files> Scanning /mnt/c/Users/Sharof/AndroidStudioProjects/SecureGSI/rust/target/debug/build/generic-array-c471f65fcb0548d3...
[2026-08-24 02:51:27] [PROGRESS] resolve files> Scanning /mnt/c/Users/Sharof/AndroidStudioProjects/SecureGSI/rust/target/debug/build/generic-array-c64a0956e4449a96...
[2026-08-24 02:51:27] [PROGRESS] resolve files> Scanning /mnt/c/Users/Sharof/AndroidStudioProjects/SecureGSI/rust/target/debug/build/generic-array-c64a0956e4449a96/out...
[2026-08-24 02:51:27] [PROGRESS] resolve files> Scanning /mnt/c/Users/Sharof/AndroidStudioProjects/SecureGSI/rust/target/debug/build/jni-sys-43c1c552b495f510...
[2026-08-24 02:51:27] [PROGRESS] resolve files> Scanning /mnt/c/Users/Sharof/AndroidStudioProjects/SecureGSI/rust/target/debug/build/jni-sys-85be32622ba21a89...
[2026-08-24 02:51:27] [PROGRESS] resolve files> Scanning /mnt/c/Users/Sharof/AndroidStudioProjects/SecureGSI/rust/target/debug/build/jni-sys-9d842380faecdb99...
[2026-08-24 02:51:27] [PROGRESS] resolve files> Scanning /mnt/c/Users/Sharof/AndroidStudioProjects/SecureGSI/rust/target/debug/build/jni-sys-9d842380faecdb99/out...
[2026-08-24 02:51:27] [PROGRESS] resolve files> Scanning /mnt/c/Users/Sharof/AndroidStudioProjects/SecureGSI/rust/target/debug/build/libc-19124a20af635abc...
[2026-08-24 02:51:27] [PROGRESS] resolve files> Scanning /mnt/c/Users/Sharof/AndroidStudioProjects/SecureGSI/rust/target/debug/build/libc-d1ff08fdcb34894c...
[2026-08-24 02:51:27] [PROGRESS] resolve files> Scanning /mnt/c/Users/Sharof/AndroidStudioProjects/SecureGSI/rust/target/debug/build/libc-d1ff08fdcb34894c/out...
[2026-08-24 02:51:27] [PROGRESS] resolve files> Scanning /mnt/c/Users/Sharof/AndroidStudioProjects/SecureGSI/rust/target/debug/build/libc-f06c662e3f0a0a76...
[2026-08-24 02:51:27] [PROGRESS] resolve files> Scanning /mnt/c/Users/Sharof/AndroidStudioProjects/SecureGSI/rust/target/debug/build/proc-macro2-4830a0308ffae8a6...
[2026-08-24 02:51:27] [PROGRESS] resolve files> Scanning /mnt/c/Users/Sharof/AndroidStudioProjects/SecureGSI/rust/target/debug/build/proc-macro2-4830a0308ffae8a6/out...
[2026-08-24 02:51:27] [PROGRESS] resolve files> Scanning /mnt/c/Users/Sharof/AndroidStudioProjects/SecureGSI/rust/target/debug/build/proc-macro2-7d0ed4e509752a35...
[2026-08-24 02:51:27] [PROGRESS] resolve files> Scanning /mnt/c/Users/Sharof/AndroidStudioProjects/SecureGSI/rust/target/debug/build/proc-macro2-afed50eb41527438...
[2026-08-24 02:51:27] [PROGRESS] resolve files> Scanning /mnt/c/Users/Sharof/AndroidStudioProjects/SecureGSI/rust/target/debug/build/proc-macro2-afed50eb41527438/out...
[2026-08-24 02:51:27] [PROGRESS] resolve files> Scanning /mnt/c/Users/Sharof/AndroidStudioProjects/SecureGSI/rust/target/debug/build/proc-macro2-e024176cfc4fa3c8...
[2026-08-24 02:51:27] [PROGRESS] resolve files> Scanning /mnt/c/Users/Sharof/AndroidStudioProjects/SecureGSI/rust/target/debug/build/quote-42f3864ee6865a1e...
[2026-08-24 02:51:27] [PROGRESS] resolve files> Scanning /mnt/c/Users/Sharof/AndroidStudioProjects/SecureGSI/rust/target/debug/build/quote-42f3864ee6865a1e/out...
[2026-08-24 02:51:27] [PROGRESS] resolve files> Scanning /mnt/c/Users/Sharof/AndroidStudioProjects/SecureGSI/rust/target/debug/build/quote-6dff9724e4e81362...
[2026-08-24 02:51:27] [PROGRESS] resolve files> Scanning /mnt/c/Users/Sharof/AndroidStudioProjects/SecureGSI/rust/target/debug/build/quote-77360d81d896b35d...
[2026-08-24 02:51:27] [PROGRESS] resolve files> Scanning /mnt/c/Users/Sharof/AndroidStudioProjects/SecureGSI/rust/target/debug/build/quote-77360d81d896b35d/out...
[2026-08-24 02:51:27] [PROGRESS] resolve files> Scanning /mnt/c/Users/Sharof/AndroidStudioProjects/SecureGSI/rust/target/debug/build/quote-8f4046f0a92c7969...
[2026-08-24 02:51:27] [PROGRESS] resolve files> Scanning /mnt/c/Users/Sharof/AndroidStudioProjects/SecureGSI/rust/target/debug/build/thiserror-3569f8be73793567...
[2026-08-24 02:51:27] [PROGRESS] resolve files> Scanning /mnt/c/Users/Sharof/AndroidStudioProjects/SecureGSI/rust/target/debug/build/thiserror-3569f8be73793567/out...
[2026-08-24 02:51:27] [PROGRESS] resolve files> Scanning /mnt/c/Users/Sharof/AndroidStudioProjects/SecureGSI/rust/target/debug/build/thiserror-660fb80611bc8cc4...
[2026-08-24 02:51:27] [PROGRESS] resolve files> Scanning /mnt/c/Users/Sharof/AndroidStudioProjects/SecureGSI/rust/target/debug/build/thiserror-c38a878e108bbc23...
[2026-08-24 02:51:27] [PROGRESS] resolve files> Scanning /mnt/c/Users/Sharof/AndroidStudioProjects/SecureGSI/rust/target/debug/deps...
[2026-08-24 02:51:27] [PROGRESS] resolve files> Scanning /mnt/c/Users/Sharof/AndroidStudioProjects/SecureGSI/rust/target/debug/examples...
[2026-08-24 02:51:27] [PROGRESS] resolve files> Scanning /mnt/c/Users/Sharof/AndroidStudioProjects/SecureGSI/rust/target/debug/incremental...
[2026-08-24 02:51:27] [PROGRESS] resolve files> Scanning /mnt/c/Users/Sharof/AndroidStudioProjects/SecureGSI/rust/target/debug/incremental/rust-0f6fxycaa0wb2...
[2026-08-24 02:51:27] [PROGRESS] resolve files> Scanning /mnt/c/Users/Sharof/AndroidStudioProjects/SecureGSI/rust/target/debug/incremental/rust-0f6fxycaa0wb2/s-hlmcz7u2ex-19suzm3-2mcijsvp2rfm5x4dmmd5o7ymf...
[2026-08-24 02:51:27] [PROGRESS] resolve files> Scanning /mnt/c/Users/Sharof/AndroidStudioProjects/SecureGSI/rust/target/flycheck0...
[2026-08-24 02:51:27] [PROGRESS] resolve files> Scanning /mnt/c/Users/Sharof/AndroidStudioProjects/SecureGSI/rust/target/miri...
[2026-08-24 02:51:27] [PROGRESS] resolve files> Scanning /mnt/c/Users/Sharof/AndroidStudioProjects/SecureGSI/rust/target/miri/debug...
[2026-08-24 02:51:27] [PROGRESS] resolve files> Scanning /mnt/c/Users/Sharof/AndroidStudioProjects/SecureGSI/rust/target/miri/debug/build...
[2026-08-24 02:51:27] [PROGRESS] resolve files> Scanning /mnt/c/Users/Sharof/AndroidStudioProjects/SecureGSI/rust/target/miri/debug/build/generic-array...
[2026-08-24 02:51:27] [PROGRESS] resolve files> Scanning /mnt/c/Users/Sharof/AndroidStudioProjects/SecureGSI/rust/target/miri/debug/build/generic-array/9bd2d7549e54160c...
[2026-08-24 02:51:27] [PROGRESS] resolve files> Scanning /mnt/c/Users/Sharof/AndroidStudioProjects/SecureGSI/rust/target/miri/debug/build/generic-array/9bd2d7549e54160c/fingerprint...
[2026-08-24 02:51:27] [PROGRESS] resolve files> Scanning /mnt/c/Users/Sharof/AndroidStudioProjects/SecureGSI/rust/target/miri/debug/build/generic-array/9bd2d7549e54160c/out...
[2026-08-24 02:51:27] [PROGRESS] resolve files> Scanning /mnt/c/Users/Sharof/AndroidStudioProjects/SecureGSI/rust/target/miri/debug/build/jni-sys...
[2026-08-24 02:51:27] [PROGRESS] resolve files> Scanning /mnt/c/Users/Sharof/AndroidStudioProjects/SecureGSI/rust/target/miri/debug/build/jni-sys/e118d8ff640e8682...
[2026-08-24 02:51:27] [PROGRESS] resolve files> Scanning /mnt/c/Users/Sharof/AndroidStudioProjects/SecureGSI/rust/target/miri/debug/build/jni-sys/e118d8ff640e8682/fingerprint...
[2026-08-24 02:51:27] [PROGRESS] resolve files> Scanning /mnt/c/Users/Sharof/AndroidStudioProjects/SecureGSI/rust/target/miri/debug/build/jni-sys/e118d8ff640e8682/out...
[2026-08-24 02:51:27] [PROGRESS] resolve files> Scanning /mnt/c/Users/Sharof/AndroidStudioProjects/SecureGSI/rust/target/miri/debug/build/jni-sys-macros...
[2026-08-24 02:51:27] [PROGRESS] resolve files> Scanning /mnt/c/Users/Sharof/AndroidStudioProjects/SecureGSI/rust/target/miri/debug/build/jni-sys-macros/0ece269c1daafec6...
[2026-08-24 02:51:27] [PROGRESS] resolve files> Scanning /mnt/c/Users/Sharof/AndroidStudioProjects/SecureGSI/rust/target/miri/debug/build/jni-sys-macros/0ece269c1daafec6/fingerprint...
[2026-08-24 02:51:27] [PROGRESS] resolve files> Scanning /mnt/c/Users/Sharof/AndroidStudioProjects/SecureGSI/rust/target/miri/debug/build/jni-sys-macros/0ece269c1daafec6/out...
[2026-08-24 02:51:27] [PROGRESS] resolve files> Scanning /mnt/c/Users/Sharof/AndroidStudioProjects/SecureGSI/rust/target/miri/debug/build/libc...
[2026-08-24 02:51:27] [PROGRESS] resolve files> Scanning /mnt/c/Users/Sharof/AndroidStudioProjects/SecureGSI/rust/target/miri/debug/build/libc/9e6b28a5ec774a0c...
[2026-08-24 02:51:27] [PROGRESS] resolve files> Scanning /mnt/c/Users/Sharof/AndroidStudioProjects/SecureGSI/rust/target/miri/debug/build/libc/9e6b28a5ec774a0c/fingerprint...
[2026-08-24 02:51:27] [PROGRESS] resolve files> Scanning /mnt/c/Users/Sharof/AndroidStudioProjects/SecureGSI/rust/target/miri/debug/build/libc/9e6b28a5ec774a0c/out...
[2026-08-24 02:51:27] [PROGRESS] resolve files> Scanning /mnt/c/Users/Sharof/AndroidStudioProjects/SecureGSI/rust/target/miri/debug/build/proc-macro2...
[2026-08-24 02:51:27] [PROGRESS] resolve files> Scanning /mnt/c/Users/Sharof/AndroidStudioProjects/SecureGSI/rust/target/miri/debug/build/proc-macro2/81f2cb53b979cd90...
[2026-08-24 02:51:27] [PROGRESS] resolve files> Scanning /mnt/c/Users/Sharof/AndroidStudioProjects/SecureGSI/rust/target/miri/debug/build/proc-macro2/81f2cb53b979cd90/fingerprint...
[2026-08-24 02:51:27] [PROGRESS] resolve files> Scanning /mnt/c/Users/Sharof/AndroidStudioProjects/SecureGSI/rust/target/miri/debug/build/proc-macro2/81f2cb53b979cd90/out...
[2026-08-24 02:51:27] [PROGRESS] resolve files> Scanning /mnt/c/Users/Sharof/AndroidStudioProjects/SecureGSI/rust/target/miri/debug/build/proc-macro2/81f2cb53b979cd90/run...
[2026-08-24 02:51:27] [PROGRESS] resolve files> Scanning /mnt/c/Users/Sharof/AndroidStudioProjects/SecureGSI/rust/target/miri/debug/build/proc-macro2/df1bd9bf2bb40739...
[2026-08-24 02:51:27] [PROGRESS] resolve files> Scanning /mnt/c/Users/Sharof/AndroidStudioProjects/SecureGSI/rust/target/miri/debug/build/proc-macro2/df1bd9bf2bb40739/fingerprint...
[2026-08-24 02:51:27] [PROGRESS] resolve files> Scanning /mnt/c/Users/Sharof/AndroidStudioProjects/SecureGSI/rust/target/miri/debug/build/proc-macro2/df1bd9bf2bb40739/out...
[2026-08-24 02:51:27] [PROGRESS] resolve files> Scanning /mnt/c/Users/Sharof/AndroidStudioProjects/SecureGSI/rust/target/miri/debug/build/proc-macro2/eb9428bbe2dee0f0...
[2026-08-24 02:51:27] [PROGRESS] resolve files> Scanning /mnt/c/Users/Sharof/AndroidStudioProjects/SecureGSI/rust/target/miri/debug/build/proc-macro2/eb9428bbe2dee0f0/fingerprint...
[2026-08-24 02:51:27] [PROGRESS] resolve files> Scanning /mnt/c/Users/Sharof/AndroidStudioProjects/SecureGSI/rust/target/miri/debug/build/proc-macro2/eb9428bbe2dee0f0/out...
[2026-08-24 02:51:27] [PROGRESS] resolve files> Scanning /mnt/c/Users/Sharof/AndroidStudioProjects/SecureGSI/rust/target/miri/debug/build/quote...
[2026-08-24 02:51:27] [PROGRESS] resolve files> Scanning /mnt/c/Users/Sharof/AndroidStudioProjects/SecureGSI/rust/target/miri/debug/build/quote/04da57a217fb8ad3...
[2026-08-24 02:51:27] [PROGRESS] resolve files> Scanning /mnt/c/Users/Sharof/AndroidStudioProjects/SecureGSI/rust/target/miri/debug/build/quote/04da57a217fb8ad3/fingerprint...
[2026-08-24 02:51:27] [PROGRESS] resolve files> Scanning /mnt/c/Users/Sharof/AndroidStudioProjects/SecureGSI/rust/target/miri/debug/build/quote/04da57a217fb8ad3/out...
[2026-08-24 02:51:27] [PROGRESS] resolve files> Scanning /mnt/c/Users/Sharof/AndroidStudioProjects/SecureGSI/rust/target/miri/debug/build/quote/135a5bae0fb2d113...
[2026-08-24 02:51:27] [PROGRESS] resolve files> Scanning /mnt/c/Users/Sharof/AndroidStudioProjects/SecureGSI/rust/target/miri/debug/build/quote/135a5bae0fb2d113/fingerprint...
[2026-08-24 02:51:27] [PROGRESS] resolve files> Scanning /mnt/c/Users/Sharof/AndroidStudioProjects/SecureGSI/rust/target/miri/debug/build/quote/135a5bae0fb2d113/out...
[2026-08-24 02:51:27] [PROGRESS] resolve files> Scanning /mnt/c/Users/Sharof/AndroidStudioProjects/SecureGSI/rust/target/miri/debug/build/quote/135a5bae0fb2d113/run...
[2026-08-24 02:51:27] [PROGRESS] resolve files> Scanning /mnt/c/Users/Sharof/AndroidStudioProjects/SecureGSI/rust/target/miri/debug/build/quote/e3bae06dac17dbf4...
[2026-08-24 02:51:27] [PROGRESS] resolve files> Scanning /mnt/c/Users/Sharof/AndroidStudioProjects/SecureGSI/rust/target/miri/debug/build/quote/e3bae06dac17dbf4/fingerprint...
[2026-08-24 02:51:27] [PROGRESS] resolve files> Scanning /mnt/c/Users/Sharof/AndroidStudioProjects/SecureGSI/rust/target/miri/debug/build/quote/e3bae06dac17dbf4/out...
[2026-08-24 02:51:27] [PROGRESS] resolve files> Scanning /mnt/c/Users/Sharof/AndroidStudioProjects/SecureGSI/rust/target/miri/debug/build/syn...
[2026-08-24 02:51:27] [PROGRESS] resolve files> Scanning /mnt/c/Users/Sharof/AndroidStudioProjects/SecureGSI/rust/target/miri/debug/build/syn/3e050f248456a20f...
[2026-08-24 02:51:27] [PROGRESS] resolve files> Scanning /mnt/c/Users/Sharof/AndroidStudioProjects/SecureGSI/rust/target/miri/debug/build/syn/3e050f248456a20f/fingerprint...
[2026-08-24 02:51:27] [PROGRESS] resolve files> Scanning /mnt/c/Users/Sharof/AndroidStudioProjects/SecureGSI/rust/target/miri/debug/build/syn/3e050f248456a20f/out...
[2026-08-24 02:51:27] [PROGRESS] resolve files> Scanning /mnt/c/Users/Sharof/AndroidStudioProjects/SecureGSI/rust/target/miri/debug/build/thiserror...
[2026-08-24 02:51:27] [PROGRESS] resolve files> Scanning /mnt/c/Users/Sharof/AndroidStudioProjects/SecureGSI/rust/target/miri/debug/build/thiserror/0fff2c9cca9b7e86...
[2026-08-24 02:51:27] [PROGRESS] resolve files> Scanning /mnt/c/Users/Sharof/AndroidStudioProjects/SecureGSI/rust/target/miri/debug/build/thiserror/0fff2c9cca9b7e86/fingerprint...
[2026-08-24 02:51:27] [PROGRESS] resolve files> Scanning /mnt/c/Users/Sharof/AndroidStudioProjects/SecureGSI/rust/target/miri/debug/build/thiserror/0fff2c9cca9b7e86/out...
[2026-08-24 02:51:27] [PROGRESS] resolve files> Scanning /mnt/c/Users/Sharof/AndroidStudioProjects/SecureGSI/rust/target/miri/debug/build/thiserror-impl...
[2026-08-24 02:51:27] [PROGRESS] resolve files> Scanning /mnt/c/Users/Sharof/AndroidStudioProjects/SecureGSI/rust/target/miri/debug/build/thiserror-impl/6307c460ebdc8dd4...
[2026-08-24 02:51:27] [PROGRESS] resolve files> Scanning /mnt/c/Users/Sharof/AndroidStudioProjects/SecureGSI/rust/target/miri/debug/build/thiserror-impl/6307c460ebdc8dd4/fingerprint...
[2026-08-24 02:51:27] [PROGRESS] resolve files> Scanning /mnt/c/Users/Sharof/AndroidStudioProjects/SecureGSI/rust/target/miri/debug/build/thiserror-impl/6307c460ebdc8dd4/out...
[2026-08-24 02:51:27] [PROGRESS] resolve files> Scanning /mnt/c/Users/Sharof/AndroidStudioProjects/SecureGSI/rust/target/miri/debug/build/unicode-ident...
[2026-08-24 02:51:27] [PROGRESS] resolve files> Scanning /mnt/c/Users/Sharof/AndroidStudioProjects/SecureGSI/rust/target/miri/debug/build/unicode-ident/62e18cc752112b89...
[2026-08-24 02:51:27] [PROGRESS] resolve files> Scanning /mnt/c/Users/Sharof/AndroidStudioProjects/SecureGSI/rust/target/miri/debug/build/unicode-ident/62e18cc752112b89/fingerprint...
[2026-08-24 02:51:27] [PROGRESS] resolve files> Scanning /mnt/c/Users/Sharof/AndroidStudioProjects/SecureGSI/rust/target/miri/debug/build/unicode-ident/62e18cc752112b89/out...
[2026-08-24 02:51:27] [PROGRESS] resolve files> Scanning /mnt/c/Users/Sharof/AndroidStudioProjects/SecureGSI/rust/target/miri/debug/build/version_check...
[2026-08-24 02:51:27] [PROGRESS] resolve files> Scanning /mnt/c/Users/Sharof/AndroidStudioProjects/SecureGSI/rust/target/miri/debug/build/version_check/8e61e8c68b839abc...
[2026-08-24 02:51:27] [PROGRESS] resolve files> Scanning /mnt/c/Users/Sharof/AndroidStudioProjects/SecureGSI/rust/target/miri/debug/build/version_check/8e61e8c68b839abc/fingerprint...
[2026-08-24 02:51:27] [PROGRESS] resolve files> Scanning /mnt/c/Users/Sharof/AndroidStudioProjects/SecureGSI/rust/target/miri/debug/build/version_check/8e61e8c68b839abc/out...
[2026-08-24 02:51:27] [PROGRESS] resolve files> Scanning /mnt/c/Users/Sharof/AndroidStudioProjects/SecureGSI/rust/target/miri/debug/build/windows_x86_64_msvc...
[2026-08-24 02:51:27] [PROGRESS] resolve files> Scanning /mnt/c/Users/Sharof/AndroidStudioProjects/SecureGSI/rust/target/miri/debug/build/windows_x86_64_msvc/75908773b6f49ba1...
[2026-08-24 02:51:27] [PROGRESS] resolve files> Scanning /mnt/c/Users/Sharof/AndroidStudioProjects/SecureGSI/rust/target/miri/debug/build/windows_x86_64_msvc/75908773b6f49ba1/fingerprint...
[2026-08-24 02:51:27] [PROGRESS] resolve files> Scanning /mnt/c/Users/Sharof/AndroidStudioProjects/SecureGSI/rust/target/miri/debug/build/windows_x86_64_msvc/75908773b6f49ba1/out...
[2026-08-24 02:51:27] [PROGRESS] resolve files> Scanning /mnt/c/Users/Sharof/AndroidStudioProjects/SecureGSI/rust/target/miri/debug/examples...
[2026-08-24 02:51:27] [PROGRESS] resolve files> Scanning /mnt/c/Users/Sharof/AndroidStudioProjects/SecureGSI/rust/target/miri/debug/incremental...
[2026-08-24 02:51:27] [PROGRESS] resolve files> Scanning /mnt/c/Users/Sharof/AndroidStudioProjects/SecureGSI/rust/target/miri/x86_64-pc-windows-msvc...
[2026-08-24 02:51:27] [PROGRESS] resolve files> Scanning /mnt/c/Users/Sharof/AndroidStudioProjects/SecureGSI/rust/target/miri/x86_64-pc-windows-msvc/debug...
[2026-08-24 02:51:27] [PROGRESS] resolve files> Scanning /mnt/c/Users/Sharof/AndroidStudioProjects/SecureGSI/rust/target/miri/x86_64-pc-windows-msvc/debug/build...
[2026-08-24 02:51:27] [PROGRESS] resolve files> Scanning /mnt/c/Users/Sharof/AndroidStudioProjects/SecureGSI/rust/target/miri/x86_64-pc-windows-msvc/debug/build/block-buffer...
[2026-08-24 02:51:27] [PROGRESS] resolve files> Scanning /mnt/c/Users/Sharof/AndroidStudioProjects/SecureGSI/rust/target/miri/x86_64-pc-windows-msvc/debug/build/block-buffer/53a5500accffcbd5...
[2026-08-24 02:51:27] [PROGRESS] resolve files> Scanning /mnt/c/Users/Sharof/AndroidStudioProjects/SecureGSI/rust/target/miri/x86_64-pc-windows-msvc/debug/build/block-buffer/53a5500accffcbd5/fingerprint...
[2026-08-24 02:51:27] [PROGRESS] resolve files> Scanning /mnt/c/Users/Sharof/AndroidStudioProjects/SecureGSI/rust/target/miri/x86_64-pc-windows-msvc/debug/build/block-buffer/53a5500accffcbd5/out...
[2026-08-24 02:51:28] [PROGRESS] resolve files> Scanning /mnt/c/Users/Sharof/AndroidStudioProjects/SecureGSI/rust/target/miri/x86_64-pc-windows-msvc/debug/build/bytes...
[2026-08-24 02:51:28] [PROGRESS] resolve files> Scanning /mnt/c/Users/Sharof/AndroidStudioProjects/SecureGSI/rust/target/miri/x86_64-pc-windows-msvc/debug/build/bytes/aa3fe654f034532e...
[2026-08-24 02:51:28] [PROGRESS] resolve files> Scanning /mnt/c/Users/Sharof/AndroidStudioProjects/SecureGSI/rust/target/miri/x86_64-pc-windows-msvc/debug/build/bytes/aa3fe654f034532e/fingerprint...
[2026-08-24 02:51:28] [PROGRESS] resolve files> Scanning /mnt/c/Users/Sharof/AndroidStudioProjects/SecureGSI/rust/target/miri/x86_64-pc-windows-msvc/debug/build/bytes/aa3fe654f034532e/out...
[2026-08-24 02:51:28] [PROGRESS] resolve files> Scanning /mnt/c/Users/Sharof/AndroidStudioProjects/SecureGSI/rust/target/miri/x86_64-pc-windows-msvc/debug/build/cesu8...
[2026-08-24 02:51:28] [PROGRESS] resolve files> Scanning /mnt/c/Users/Sharof/AndroidStudioProjects/SecureGSI/rust/target/miri/x86_64-pc-windows-msvc/debug/build/cesu8/ebf7cae314b46ea3...
[2026-08-24 02:51:28] [PROGRESS] resolve files> Scanning /mnt/c/Users/Sharof/AndroidStudioProjects/SecureGSI/rust/target/miri/x86_64-pc-windows-msvc/debug/build/cesu8/ebf7cae314b46ea3/fingerprint...
[2026-08-24 02:51:28] [PROGRESS] resolve files> Scanning /mnt/c/Users/Sharof/AndroidStudioProjects/SecureGSI/rust/target/miri/x86_64-pc-windows-msvc/debug/build/cesu8/ebf7cae314b46ea3/out...
[2026-08-24 02:51:28] [PROGRESS] resolve files> Scanning /mnt/c/Users/Sharof/AndroidStudioProjects/SecureGSI/rust/target/miri/x86_64-pc-windows-msvc/debug/build/cfg-if...
[2026-08-24 02:51:28] [PROGRESS] resolve files> Scanning /mnt/c/Users/Sharof/AndroidStudioProjects/SecureGSI/rust/target/miri/x86_64-pc-windows-msvc/debug/build/cfg-if/3d5c49c13f02513e...
[2026-08-24 02:51:28] [PROGRESS] resolve files> Scanning /mnt/c/Users/Sharof/AndroidStudioProjects/SecureGSI/rust/target/miri/x86_64-pc-windows-msvc/debug/build/cfg-if/3d5c49c13f02513e/fingerprint...
[2026-08-24 02:51:28] [PROGRESS] resolve files> Scanning /mnt/c/Users/Sharof/AndroidStudioProjects/SecureGSI/rust/target/miri/x86_64-pc-windows-msvc/debug/build/cfg-if/3d5c49c13f02513e/out...
[2026-08-24 02:51:28] [PROGRESS] resolve files> Scanning /mnt/c/Users/Sharof/AndroidStudioProjects/SecureGSI/rust/target/miri/x86_64-pc-windows-msvc/debug/build/combine...
[2026-08-24 02:51:28] [PROGRESS] resolve files> Scanning /mnt/c/Users/Sharof/AndroidStudioProjects/SecureGSI/rust/target/miri/x86_64-pc-windows-msvc/debug/build/combine/4afdd654c2461e11...
[2026-08-24 02:51:28] [PROGRESS] resolve files> Scanning /mnt/c/Users/Sharof/AndroidStudioProjects/SecureGSI/rust/target/miri/x86_64-pc-windows-msvc/debug/build/combine/4afdd654c2461e11/fingerprint...
[2026-08-24 02:51:28] [PROGRESS] resolve files> Scanning /mnt/c/Users/Sharof/AndroidStudioProjects/SecureGSI/rust/target/miri/x86_64-pc-windows-msvc/debug/build/combine/4afdd654c2461e11/out...
[2026-08-24 02:51:28] [PROGRESS] resolve files> Scanning /mnt/c/Users/Sharof/AndroidStudioProjects/SecureGSI/rust/target/miri/x86_64-pc-windows-msvc/debug/build/cpufeatures...
[2026-08-24 02:51:28] [PROGRESS] resolve files> Scanning /mnt/c/Users/Sharof/AndroidStudioProjects/SecureGSI/rust/target/miri/x86_64-pc-windows-msvc/debug/build/cpufeatures/fdc404868a21310b...
[2026-08-24 02:51:28] [PROGRESS] resolve files> Scanning /mnt/c/Users/Sharof/AndroidStudioProjects/SecureGSI/rust/target/miri/x86_64-pc-windows-msvc/debug/build/cpufeatures/fdc404868a21310b/fingerprint...
[2026-08-24 02:51:28] [PROGRESS] resolve files> Scanning /mnt/c/Users/Sharof/AndroidStudioProjects/SecureGSI/rust/target/miri/x86_64-pc-windows-msvc/debug/build/cpufeatures/fdc404868a21310b/out...
[2026-08-24 02:51:28] [PROGRESS] resolve files> Scanning /mnt/c/Users/Sharof/AndroidStudioProjects/SecureGSI/rust/target/miri/x86_64-pc-windows-msvc/debug/build/crypto-common...
[2026-08-24 02:51:28] [PROGRESS] resolve files> Scanning /mnt/c/Users/Sharof/AndroidStudioProjects/SecureGSI/rust/target/miri/x86_64-pc-windows-msvc/debug/build/crypto-common/f5ac54a76ff56f12...
[2026-08-24 02:51:28] [PROGRESS] resolve files> Scanning /mnt/c/Users/Sharof/AndroidStudioProjects/SecureGSI/rust/target/miri/x86_64-pc-windows-msvc/debug/build/crypto-common/f5ac54a76ff56f12/fingerprint...
[2026-08-24 02:51:28] [PROGRESS] resolve files> Scanning /mnt/c/Users/Sharof/AndroidStudioProjects/SecureGSI/rust/target/miri/x86_64-pc-windows-msvc/debug/build/crypto-common/f5ac54a76ff56f12/out...
[2026-08-24 02:51:28] [PROGRESS] resolve files> Scanning /mnt/c/Users/Sharof/AndroidStudioProjects/SecureGSI/rust/target/miri/x86_64-pc-windows-msvc/debug/build/digest...
[2026-08-24 02:51:28] [PROGRESS] resolve files> Scanning /mnt/c/Users/Sharof/AndroidStudioProjects/SecureGSI/rust/target/miri/x86_64-pc-windows-msvc/debug/build/digest/adea13451bc63777...
[2026-08-24 02:51:28] [PROGRESS] resolve files> Scanning /mnt/c/Users/Sharof/AndroidStudioProjects/SecureGSI/rust/target/miri/x86_64-pc-windows-msvc/debug/build/digest/adea13451bc63777/fingerprint...
[2026-08-24 02:51:28] [PROGRESS] resolve files> Scanning /mnt/c/Users/Sharof/AndroidStudioProjects/SecureGSI/rust/target/miri/x86_64-pc-windows-msvc/debug/build/digest/adea13451bc63777/out...
[2026-08-24 02:51:28] [PROGRESS] resolve files> Scanning /mnt/c/Users/Sharof/AndroidStudioProjects/SecureGSI/rust/target/miri/x86_64-pc-windows-msvc/debug/build/generic-array...
[2026-08-24 02:51:28] [PROGRESS] resolve files> Scanning /mnt/c/Users/Sharof/AndroidStudioProjects/SecureGSI/rust/target/miri/x86_64-pc-windows-msvc/debug/build/generic-array/038a3430c38152e5...
[2026-08-24 02:51:28] [PROGRESS] resolve files> Scanning /mnt/c/Users/Sharof/AndroidStudioProjects/SecureGSI/rust/target/miri/x86_64-pc-windows-msvc/debug/build/generic-array/038a3430c38152e5/fingerprint...
[2026-08-24 02:51:28] [PROGRESS] resolve files> Scanning /mnt/c/Users/Sharof/AndroidStudioProjects/SecureGSI/rust/target/miri/x86_64-pc-windows-msvc/debug/build/generic-array/038a3430c38152e5/out...
[2026-08-24 02:51:28] [PROGRESS] resolve files> Scanning /mnt/c/Users/Sharof/AndroidStudioProjects/SecureGSI/rust/target/miri/x86_64-pc-windows-msvc/debug/build/generic-array/038a3430c38152e5/run...
[2026-08-24 02:51:28] [PROGRESS] resolve files> Scanning /mnt/c/Users/Sharof/AndroidStudioProjects/SecureGSI/rust/target/miri/x86_64-pc-windows-msvc/debug/build/generic-array/2f07a39763f997e9...
[2026-08-24 02:51:28] [PROGRESS] resolve files> Scanning /mnt/c/Users/Sharof/AndroidStudioProjects/SecureGSI/rust/target/miri/x86_64-pc-windows-msvc/debug/build/generic-array/2f07a39763f997e9/fingerprint...
[2026-08-24 02:51:28] [PROGRESS] resolve files> Scanning /mnt/c/Users/Sharof/AndroidStudioProjects/SecureGSI/rust/target/miri/x86_64-pc-windows-msvc/debug/build/generic-array/2f07a39763f997e9/out...
[2026-08-24 02:51:28] [PROGRESS] resolve files> Scanning /mnt/c/Users/Sharof/AndroidStudioProjects/SecureGSI/rust/target/miri/x86_64-pc-windows-msvc/debug/build/jni...
[2026-08-24 02:51:28] [PROGRESS] resolve files> Scanning /mnt/c/Users/Sharof/AndroidStudioProjects/SecureGSI/rust/target/miri/x86_64-pc-windows-msvc/debug/build/jni/3be9c08b358f33f7...
[2026-08-24 02:51:28] [PROGRESS] resolve files> Scanning /mnt/c/Users/Sharof/AndroidStudioProjects/SecureGSI/rust/target/miri/x86_64-pc-windows-msvc/debug/build/jni/3be9c08b358f33f7/fingerprint...
[2026-08-24 02:51:28] [PROGRESS] resolve files> Scanning /mnt/c/Users/Sharof/AndroidStudioProjects/SecureGSI/rust/target/miri/x86_64-pc-windows-msvc/debug/build/jni/3be9c08b358f33f7/out...
[2026-08-24 02:51:28] [PROGRESS] resolve files> Scanning /mnt/c/Users/Sharof/AndroidStudioProjects/SecureGSI/rust/target/miri/x86_64-pc-windows-msvc/debug/build/jni-sys...
[2026-08-24 02:51:28] [PROGRESS] resolve files> Scanning /mnt/c/Users/Sharof/AndroidStudioProjects/SecureGSI/rust/target/miri/x86_64-pc-windows-msvc/debug/build/jni-sys/29158080eef27cb4...
[2026-08-24 02:51:28] [PROGRESS] resolve files> Scanning /mnt/c/Users/Sharof/AndroidStudioProjects/SecureGSI/rust/target/miri/x86_64-pc-windows-msvc/debug/build/jni-sys/29158080eef27cb4/fingerprint...
[2026-08-24 02:51:28] [PROGRESS] resolve files> Scanning /mnt/c/Users/Sharof/AndroidStudioProjects/SecureGSI/rust/target/miri/x86_64-pc-windows-msvc/debug/build/jni-sys/29158080eef27cb4/out...
[2026-08-24 02:51:28] [PROGRESS] resolve files> Scanning /mnt/c/Users/Sharof/AndroidStudioProjects/SecureGSI/rust/target/miri/x86_64-pc-windows-msvc/debug/build/jni-sys/c3de2e91621a85da...
[2026-08-24 02:51:28] [PROGRESS] resolve files> Scanning /mnt/c/Users/Sharof/AndroidStudioProjects/SecureGSI/rust/target/miri/x86_64-pc-windows-msvc/debug/build/jni-sys/c3de2e91621a85da/fingerprint...
[2026-08-24 02:51:28] [PROGRESS] resolve files> Scanning /mnt/c/Users/Sharof/AndroidStudioProjects/SecureGSI/rust/target/miri/x86_64-pc-windows-msvc/debug/build/jni-sys/c3de2e91621a85da/out...
[2026-08-24 02:51:28] [PROGRESS] resolve files> Scanning /mnt/c/Users/Sharof/AndroidStudioProjects/SecureGSI/rust/target/miri/x86_64-pc-windows-msvc/debug/build/jni-sys/c3de2e91621a85da/run...
[2026-08-24 02:51:28] [PROGRESS] resolve files> Scanning /mnt/c/Users/Sharof/AndroidStudioProjects/SecureGSI/rust/target/miri/x86_64-pc-windows-msvc/debug/build/jni-sys/f766da82f5f66bc8...
[2026-08-24 02:51:28] [PROGRESS] resolve files> Scanning /mnt/c/Users/Sharof/AndroidStudioProjects/SecureGSI/rust/target/miri/x86_64-pc-windows-msvc/debug/build/jni-sys/f766da82f5f66bc8/fingerprint...
[2026-08-24 02:51:28] [PROGRESS] resolve files> Scanning /mnt/c/Users/Sharof/AndroidStudioProjects/SecureGSI/rust/target/miri/x86_64-pc-windows-msvc/debug/build/jni-sys/f766da82f5f66bc8/out...
[2026-08-24 02:51:28] [PROGRESS] resolve files> Scanning /mnt/c/Users/Sharof/AndroidStudioProjects/SecureGSI/rust/target/miri/x86_64-pc-windows-msvc/debug/build/libc...
[2026-08-24 02:51:28] [PROGRESS] resolve files> Scanning /mnt/c/Users/Sharof/AndroidStudioProjects/SecureGSI/rust/target/miri/x86_64-pc-windows-msvc/debug/build/libc/61a24903017b6102...
[2026-08-24 02:51:28] [PROGRESS] resolve files> Scanning /mnt/c/Users/Sharof/AndroidStudioProjects/SecureGSI/rust/target/miri/x86_64-pc-windows-msvc/debug/build/libc/61a24903017b6102/fingerprint...
[2026-08-24 02:51:28] [PROGRESS] resolve files> Scanning /mnt/c/Users/Sharof/AndroidStudioProjects/SecureGSI/rust/target/miri/x86_64-pc-windows-msvc/debug/build/libc/61a24903017b6102/out...
[2026-08-24 02:51:28] [PROGRESS] resolve files> Scanning /mnt/c/Users/Sharof/AndroidStudioProjects/SecureGSI/rust/target/miri/x86_64-pc-windows-msvc/debug/build/libc/6ff894cb999bfdad...
[2026-08-24 02:51:28] [PROGRESS] resolve files> Scanning /mnt/c/Users/Sharof/AndroidStudioProjects/SecureGSI/rust/target/miri/x86_64-pc-windows-msvc/debug/build/libc/6ff894cb999bfdad/fingerprint...
[2026-08-24 02:51:28] [PROGRESS] resolve files> Scanning /mnt/c/Users/Sharof/AndroidStudioProjects/SecureGSI/rust/target/miri/x86_64-pc-windows-msvc/debug/build/libc/6ff894cb999bfdad/out...
[2026-08-24 02:51:28] [PROGRESS] resolve files> Scanning /mnt/c/Users/Sharof/AndroidStudioProjects/SecureGSI/rust/target/miri/x86_64-pc-windows-msvc/debug/build/libc/6ff894cb999bfdad/run...
[2026-08-24 02:51:28] [PROGRESS] resolve files> Scanning /mnt/c/Users/Sharof/AndroidStudioProjects/SecureGSI/rust/target/miri/x86_64-pc-windows-msvc/debug/build/log...
[2026-08-24 02:51:28] [PROGRESS] resolve files> Scanning /mnt/c/Users/Sharof/AndroidStudioProjects/SecureGSI/rust/target/miri/x86_64-pc-windows-msvc/debug/build/log/12b285304e7068ea...
[2026-08-24 02:51:28] [PROGRESS] resolve files> Scanning /mnt/c/Users/Sharof/AndroidStudioProjects/SecureGSI/rust/target/miri/x86_64-pc-windows-msvc/debug/build/log/12b285304e7068ea/fingerprint...
[2026-08-24 02:51:28] [PROGRESS] resolve files> Scanning /mnt/c/Users/Sharof/AndroidStudioProjects/SecureGSI/rust/target/miri/x86_64-pc-windows-msvc/debug/build/log/12b285304e7068ea/out...
[2026-08-24 02:51:28] [PROGRESS] resolve files> Scanning /mnt/c/Users/Sharof/AndroidStudioProjects/SecureGSI/rust/target/miri/x86_64-pc-windows-msvc/debug/build/memchr...
[2026-08-24 02:51:28] [PROGRESS] resolve files> Scanning /mnt/c/Users/Sharof/AndroidStudioProjects/SecureGSI/rust/target/miri/x86_64-pc-windows-msvc/debug/build/memchr/93d6940470ada450...
[2026-08-24 02:51:28] [PROGRESS] resolve files> Scanning /mnt/c/Users/Sharof/AndroidStudioProjects/SecureGSI/rust/target/miri/x86_64-pc-windows-msvc/debug/build/memchr/93d6940470ada450/fingerprint...
[2026-08-24 02:51:28] [PROGRESS] resolve files> Scanning /mnt/c/Users/Sharof/AndroidStudioProjects/SecureGSI/rust/target/miri/x86_64-pc-windows-msvc/debug/build/memchr/93d6940470ada450/out...
[2026-08-24 02:51:28] [PROGRESS] resolve files> Scanning /mnt/c/Users/Sharof/AndroidStudioProjects/SecureGSI/rust/target/miri/x86_64-pc-windows-msvc/debug/build/rust...
[2026-08-24 02:51:28] [PROGRESS] resolve files> Scanning /mnt/c/Users/Sharof/AndroidStudioProjects/SecureGSI/rust/target/miri/x86_64-pc-windows-msvc/debug/build/rust/9ad9c02c7c8d3fa6...
[2026-08-24 02:51:28] [PROGRESS] resolve files> Scanning /mnt/c/Users/Sharof/AndroidStudioProjects/SecureGSI/rust/target/miri/x86_64-pc-windows-msvc/debug/build/rust/9ad9c02c7c8d3fa6/fingerprint...
[2026-08-24 02:51:28] [PROGRESS] resolve files> Scanning /mnt/c/Users/Sharof/AndroidStudioProjects/SecureGSI/rust/target/miri/x86_64-pc-windows-msvc/debug/build/rust/9ad9c02c7c8d3fa6/out...
[2026-08-24 02:51:28] [PROGRESS] resolve files> Scanning /mnt/c/Users/Sharof/AndroidStudioProjects/SecureGSI/rust/target/miri/x86_64-pc-windows-msvc/debug/build/sha2...
[2026-08-24 02:51:28] [PROGRESS] resolve files> Scanning /mnt/c/Users/Sharof/AndroidStudioProjects/SecureGSI/rust/target/miri/x86_64-pc-windows-msvc/debug/build/sha2/3a139dbcb4424612...
[2026-08-24 02:51:28] [PROGRESS] resolve files> Scanning /mnt/c/Users/Sharof/AndroidStudioProjects/SecureGSI/rust/target/miri/x86_64-pc-windows-msvc/debug/build/sha2/3a139dbcb4424612/fingerprint...
[2026-08-24 02:51:28] [PROGRESS] resolve files> Scanning /mnt/c/Users/Sharof/AndroidStudioProjects/SecureGSI/rust/target/miri/x86_64-pc-windows-msvc/debug/build/sha2/3a139dbcb4424612/out...
[2026-08-24 02:51:28] [PROGRESS] resolve files> Scanning /mnt/c/Users/Sharof/AndroidStudioProjects/SecureGSI/rust/target/miri/x86_64-pc-windows-msvc/debug/build/thiserror...
[2026-08-24 02:51:28] [PROGRESS] resolve files> Scanning /mnt/c/Users/Sharof/AndroidStudioProjects/SecureGSI/rust/target/miri/x86_64-pc-windows-msvc/debug/build/thiserror/27272562afc00719...
[2026-08-24 02:51:28] [PROGRESS] resolve files> Scanning /mnt/c/Users/Sharof/AndroidStudioProjects/SecureGSI/rust/target/miri/x86_64-pc-windows-msvc/debug/build/thiserror/27272562afc00719/fingerprint...
[2026-08-24 02:51:28] [PROGRESS] resolve files> Scanning /mnt/c/Users/Sharof/AndroidStudioProjects/SecureGSI/rust/target/miri/x86_64-pc-windows-msvc/debug/build/thiserror/27272562afc00719/out...
[2026-08-24 02:51:28] [PROGRESS] resolve files> Scanning /mnt/c/Users/Sharof/AndroidStudioProjects/SecureGSI/rust/target/miri/x86_64-pc-windows-msvc/debug/build/thiserror/b981f234e71e886e...
[2026-08-24 02:51:28] [PROGRESS] resolve files> Scanning /mnt/c/Users/Sharof/AndroidStudioProjects/SecureGSI/rust/target/miri/x86_64-pc-windows-msvc/debug/build/thiserror/b981f234e71e886e/fingerprint...
[2026-08-24 02:51:28] [PROGRESS] resolve files> Scanning /mnt/c/Users/Sharof/AndroidStudioProjects/SecureGSI/rust/target/miri/x86_64-pc-windows-msvc/debug/build/thiserror/b981f234e71e886e/out...
[2026-08-24 02:51:28] [PROGRESS] resolve files> Scanning /mnt/c/Users/Sharof/AndroidStudioProjects/SecureGSI/rust/target/miri/x86_64-pc-windows-msvc/debug/build/thiserror/b981f234e71e886e/run...
[2026-08-24 02:51:28] [PROGRESS] resolve files> Scanning /mnt/c/Users/Sharof/AndroidStudioProjects/SecureGSI/rust/target/miri/x86_64-pc-windows-msvc/debug/build/typenum...
[2026-08-24 02:51:28] [PROGRESS] resolve files> Scanning /mnt/c/Users/Sharof/AndroidStudioProjects/SecureGSI/rust/target/miri/x86_64-pc-windows-msvc/debug/build/typenum/3f3de0c69be2c0be...
[2026-08-24 02:51:28] [PROGRESS] resolve files> Scanning /mnt/c/Users/Sharof/AndroidStudioProjects/SecureGSI/rust/target/miri/x86_64-pc-windows-msvc/debug/build/typenum/3f3de0c69be2c0be/fingerprint...
[2026-08-24 02:51:28] [PROGRESS] resolve files> Scanning /mnt/c/Users/Sharof/AndroidStudioProjects/SecureGSI/rust/target/miri/x86_64-pc-windows-msvc/debug/build/typenum/3f3de0c69be2c0be/out...
[2026-08-24 02:51:28] [PROGRESS] resolve files> Scanning /mnt/c/Users/Sharof/AndroidStudioProjects/SecureGSI/rust/target/miri/x86_64-pc-windows-msvc/debug/build/windows-sys...
[2026-08-24 02:51:28] [PROGRESS] resolve files> Scanning /mnt/c/Users/Sharof/AndroidStudioProjects/SecureGSI/rust/target/miri/x86_64-pc-windows-msvc/debug/build/windows-sys/d8b68a51b94fe80e...
[2026-08-24 02:51:28] [PROGRESS] resolve files> Scanning /mnt/c/Users/Sharof/AndroidStudioProjects/SecureGSI/rust/target/miri/x86_64-pc-windows-msvc/debug/build/windows-sys/d8b68a51b94fe80e/fingerprint...
[2026-08-24 02:51:28] [PROGRESS] resolve files> Scanning /mnt/c/Users/Sharof/AndroidStudioProjects/SecureGSI/rust/target/miri/x86_64-pc-windows-msvc/debug/build/windows-sys/d8b68a51b94fe80e/out...
[2026-08-24 02:51:28] [PROGRESS] resolve files> Scanning /mnt/c/Users/Sharof/AndroidStudioProjects/SecureGSI/rust/target/miri/x86_64-pc-windows-msvc/debug/build/windows-targets...
[2026-08-24 02:51:28] [PROGRESS] resolve files> Scanning /mnt/c/Users/Sharof/AndroidStudioProjects/SecureGSI/rust/target/miri/x86_64-pc-windows-msvc/debug/build/windows-targets/488b732d76289e4f...
[2026-08-24 02:51:28] [PROGRESS] resolve files> Scanning /mnt/c/Users/Sharof/AndroidStudioProjects/SecureGSI/rust/target/miri/x86_64-pc-windows-msvc/debug/build/windows-targets/488b732d76289e4f/fingerprint...
[2026-08-24 02:51:28] [PROGRESS] resolve files> Scanning /mnt/c/Users/Sharof/AndroidStudioProjects/SecureGSI/rust/target/miri/x86_64-pc-windows-msvc/debug/build/windows-targets/488b732d76289e4f/out...
[2026-08-24 02:51:28] [PROGRESS] resolve files> Scanning /mnt/c/Users/Sharof/AndroidStudioProjects/SecureGSI/rust/target/miri/x86_64-pc-windows-msvc/debug/build/windows_x86_64_msvc...
[2026-08-24 02:51:28] [PROGRESS] resolve files> Scanning /mnt/c/Users/Sharof/AndroidStudioProjects/SecureGSI/rust/target/miri/x86_64-pc-windows-msvc/debug/build/windows_x86_64_msvc/576b0f45368bcfc1...
[2026-08-24 02:51:28] [PROGRESS] resolve files> Scanning /mnt/c/Users/Sharof/AndroidStudioProjects/SecureGSI/rust/target/miri/x86_64-pc-windows-msvc/debug/build/windows_x86_64_msvc/576b0f45368bcfc1/fingerprint...
[2026-08-24 02:51:28] [PROGRESS] resolve files> Scanning /mnt/c/Users/Sharof/AndroidStudioProjects/SecureGSI/rust/target/miri/x86_64-pc-windows-msvc/debug/build/windows_x86_64_msvc/576b0f45368bcfc1/out...
[2026-08-24 02:51:28] [PROGRESS] resolve files> Scanning /mnt/c/Users/Sharof/AndroidStudioProjects/SecureGSI/rust/target/miri/x86_64-pc-windows-msvc/debug/build/windows_x86_64_msvc/85fb81589aaee721...
[2026-08-24 02:51:28] [PROGRESS] resolve files> Scanning /mnt/c/Users/Sharof/AndroidStudioProjects/SecureGSI/rust/target/miri/x86_64-pc-windows-msvc/debug/build/windows_x86_64_msvc/85fb81589aaee721/fingerprint...
[2026-08-24 02:51:28] [PROGRESS] resolve files> Scanning /mnt/c/Users/Sharof/AndroidStudioProjects/SecureGSI/rust/target/miri/x86_64-pc-windows-msvc/debug/build/windows_x86_64_msvc/85fb81589aaee721/out...
[2026-08-24 02:51:28] [PROGRESS] resolve files> Scanning /mnt/c/Users/Sharof/AndroidStudioProjects/SecureGSI/rust/target/miri/x86_64-pc-windows-msvc/debug/build/windows_x86_64_msvc/85fb81589aaee721/run...
[2026-08-24 02:51:28] [PROGRESS] resolve files> Scanning /mnt/c/Users/Sharof/AndroidStudioProjects/SecureGSI/rust/target/miri/x86_64-pc-windows-msvc/debug/examples...
[2026-08-24 02:51:28] [PROGRESS] resolve files> Scanning /mnt/c/Users/Sharof/AndroidStudioProjects/SecureGSI/rust/target/miri/x86_64-pc-windows-msvc/debug/incremental...
[2026-08-24 02:51:28] [PROGRESS] resolve files> Scanning /mnt/c/Users/Sharof/AndroidStudioProjects/SecureGSI/rust/target/miri/x86_64-pc-windows-msvc/debug/incremental/rust-37tii1mln0zpa...
[2026-08-24 02:51:28] [PROGRESS] resolve files> Scanning /mnt/c/Users/Sharof/AndroidStudioProjects/SecureGSI/rust/target/miri/x86_64-pc-windows-msvc/debug/incremental/rust-37tii1mln0zpa/s-hljn0o8z1e-1m085oh-working...
[2026-08-24 02:51:28] [PROGRESS] resolve files> Scanning /mnt/c/Users/Sharof/AndroidStudioProjects/SecureGSI/rust/target/release...
[2026-08-24 02:51:28] [PROGRESS] resolve files> Scanning /mnt/c/Users/Sharof/AndroidStudioProjects/SecureGSI/rust/target/release/.fingerprint...
[2026-08-24 02:51:28] [PROGRESS] resolve files> Scanning /mnt/c/Users/Sharof/AndroidStudioProjects/SecureGSI/rust/target/release/.fingerprint/generic-array-05087771ca51db62...
[2026-08-24 02:51:28] [PROGRESS] resolve files> Scanning /mnt/c/Users/Sharof/AndroidStudioProjects/SecureGSI/rust/target/release/.fingerprint/generic-array-d3aaaacba26aecc8...
[2026-08-24 02:51:28] [PROGRESS] resolve files> Scanning /mnt/c/Users/Sharof/AndroidStudioProjects/SecureGSI/rust/target/release/.fingerprint/jni-sys-5f1b175c930363fa...
[2026-08-24 02:51:28] [PROGRESS] resolve files> Scanning /mnt/c/Users/Sharof/AndroidStudioProjects/SecureGSI/rust/target/release/.fingerprint/jni-sys-fbe867271f2e0209...
[2026-08-24 02:51:28] [PROGRESS] resolve files> Scanning /mnt/c/Users/Sharof/AndroidStudioProjects/SecureGSI/rust/target/release/.fingerprint/jni-sys-macros-5f4be1e878fbe0b0...
[2026-08-24 02:51:28] [PROGRESS] resolve files> Scanning /mnt/c/Users/Sharof/AndroidStudioProjects/SecureGSI/rust/target/release/.fingerprint/jni-sys-macros-95045e2961d4a2a2...
[2026-08-24 02:51:28] [PROGRESS] resolve files> Scanning /mnt/c/Users/Sharof/AndroidStudioProjects/SecureGSI/rust/target/release/.fingerprint/libc-098695401f3b01f2...
[2026-08-24 02:51:28] [PROGRESS] resolve files> Scanning /mnt/c/Users/Sharof/AndroidStudioProjects/SecureGSI/rust/target/release/.fingerprint/libc-e61c08386c208454...
[2026-08-24 02:51:28] [PROGRESS] resolve files> Scanning /mnt/c/Users/Sharof/AndroidStudioProjects/SecureGSI/rust/target/release/.fingerprint/proc-macro2-9b6af77f7f8c5b4f...
[2026-08-24 02:51:28] [PROGRESS] resolve files> Scanning /mnt/c/Users/Sharof/AndroidStudioProjects/SecureGSI/rust/target/release/.fingerprint/proc-macro2-cceee599fdc08570...
[2026-08-24 02:51:28] [PROGRESS] resolve files> Scanning /mnt/c/Users/Sharof/AndroidStudioProjects/SecureGSI/rust/target/release/.fingerprint/proc-macro2-cdca3e7aa3c36985...
[2026-08-24 02:51:28] [PROGRESS] resolve files> Scanning /mnt/c/Users/Sharof/AndroidStudioProjects/SecureGSI/rust/target/release/.fingerprint/proc-macro2-d8182f1a5aef9da8...
[2026-08-24 02:51:28] [PROGRESS] resolve files> Scanning /mnt/c/Users/Sharof/AndroidStudioProjects/SecureGSI/rust/target/release/.fingerprint/proc-macro2-fa6fb46b7b9f26fa...
[2026-08-24 02:51:28] [PROGRESS] resolve files> Scanning /mnt/c/Users/Sharof/AndroidStudioProjects/SecureGSI/rust/target/release/.fingerprint/proc-macro2-fb4941d7fe8be6e8...
[2026-08-24 02:51:28] [PROGRESS] resolve files> Scanning /mnt/c/Users/Sharof/AndroidStudioProjects/SecureGSI/rust/target/release/.fingerprint/quote-1a4d7055b53fbc53...
[2026-08-24 02:51:28] [PROGRESS] resolve files> Scanning /mnt/c/Users/Sharof/AndroidStudioProjects/SecureGSI/rust/target/release/.fingerprint/quote-2d1ccfd7baaeebdb...
[2026-08-24 02:51:28] [PROGRESS] resolve files> Scanning /mnt/c/Users/Sharof/AndroidStudioProjects/SecureGSI/rust/target/release/.fingerprint/quote-540bf8ab4b8c545a...
[2026-08-24 02:51:28] [PROGRESS] resolve files> Scanning /mnt/c/Users/Sharof/AndroidStudioProjects/SecureGSI/rust/target/release/.fingerprint/quote-707c608f2c0793e4...
[2026-08-24 02:51:28] [PROGRESS] resolve files> Scanning /mnt/c/Users/Sharof/AndroidStudioProjects/SecureGSI/rust/target/release/.fingerprint/quote-8f304c54c543cdbc...
[2026-08-24 02:51:28] [PROGRESS] resolve files> Scanning /mnt/c/Users/Sharof/AndroidStudioProjects/SecureGSI/rust/target/release/.fingerprint/quote-bb8240b9b7d56260...
[2026-08-24 02:51:28] [PROGRESS] resolve files> Scanning /mnt/c/Users/Sharof/AndroidStudioProjects/SecureGSI/rust/target/release/.fingerprint/syn-ac3d2d06c29331b0...
[2026-08-24 02:51:28] [PROGRESS] resolve files> Scanning /mnt/c/Users/Sharof/AndroidStudioProjects/SecureGSI/rust/target/release/.fingerprint/syn-e3291059d6f021a6...
[2026-08-24 02:51:28] [PROGRESS] resolve files> Scanning /mnt/c/Users/Sharof/AndroidStudioProjects/SecureGSI/rust/target/release/.fingerprint/thiserror-060cec0c36d7d0b4...
[2026-08-24 02:51:28] [PROGRESS] resolve files> Scanning /mnt/c/Users/Sharof/AndroidStudioProjects/SecureGSI/rust/target/release/.fingerprint/thiserror-b4bc1d0c5c2a1d20...
[2026-08-24 02:51:28] [PROGRESS] resolve files> Scanning /mnt/c/Users/Sharof/AndroidStudioProjects/SecureGSI/rust/target/release/.fingerprint/thiserror-impl-994734f8ca6c137e...
[2026-08-24 02:51:28] [PROGRESS] resolve files> Scanning /mnt/c/Users/Sharof/AndroidStudioProjects/SecureGSI/rust/target/release/.fingerprint/thiserror-impl-9d5dec78f3635465...
[2026-08-24 02:51:28] [PROGRESS] resolve files> Scanning /mnt/c/Users/Sharof/AndroidStudioProjects/SecureGSI/rust/target/release/.fingerprint/unicode-ident-221fb5e8a6ed2b89...
[2026-08-24 02:51:28] [PROGRESS] resolve files> Scanning /mnt/c/Users/Sharof/AndroidStudioProjects/SecureGSI/rust/target/release/.fingerprint/unicode-ident-6f8c23653db79248...
[2026-08-24 02:51:28] [PROGRESS] resolve files> Scanning /mnt/c/Users/Sharof/AndroidStudioProjects/SecureGSI/rust/target/release/.fingerprint/version_check-1bd376b5a446ef87...
[2026-08-24 02:51:28] [PROGRESS] resolve files> Scanning /mnt/c/Users/Sharof/AndroidStudioProjects/SecureGSI/rust/target/release/.fingerprint/version_check-a80445f7f845e9a8...
[2026-08-24 02:51:28] [PROGRESS] resolve files> Scanning /mnt/c/Users/Sharof/AndroidStudioProjects/SecureGSI/rust/target/release/build...
[2026-08-24 02:51:28] [PROGRESS] resolve files> Scanning /mnt/c/Users/Sharof/AndroidStudioProjects/SecureGSI/rust/target/release/build/generic-array-05087771ca51db62...
[2026-08-24 02:51:28] [PROGRESS] resolve files> Scanning /mnt/c/Users/Sharof/AndroidStudioProjects/SecureGSI/rust/target/release/build/generic-array-d3aaaacba26aecc8...
[2026-08-24 02:51:28] [PROGRESS] resolve files> Scanning /mnt/c/Users/Sharof/AndroidStudioProjects/SecureGSI/rust/target/release/build/jni-sys-5f1b175c930363fa...
[2026-08-24 02:51:28] [PROGRESS] resolve files> Scanning /mnt/c/Users/Sharof/AndroidStudioProjects/SecureGSI/rust/target/release/build/jni-sys-fbe867271f2e0209...
[2026-08-24 02:51:28] [PROGRESS] resolve files> Scanning /mnt/c/Users/Sharof/AndroidStudioProjects/SecureGSI/rust/target/release/build/libc-098695401f3b01f2...
[2026-08-24 02:51:28] [PROGRESS] resolve files> Scanning /mnt/c/Users/Sharof/AndroidStudioProjects/SecureGSI/rust/target/release/build/libc-e61c08386c208454...
[2026-08-24 02:51:28] [PROGRESS] resolve files> Scanning /mnt/c/Users/Sharof/AndroidStudioProjects/SecureGSI/rust/target/release/build/proc-macro2-9b6af77f7f8c5b4f...
[2026-08-24 02:51:28] [PROGRESS] resolve files> Scanning /mnt/c/Users/Sharof/AndroidStudioProjects/SecureGSI/rust/target/release/build/proc-macro2-9b6af77f7f8c5b4f/out...
[2026-08-24 02:51:28] [PROGRESS] resolve files> Scanning /mnt/c/Users/Sharof/AndroidStudioProjects/SecureGSI/rust/target/release/build/proc-macro2-cdca3e7aa3c36985...
[2026-08-24 02:51:28] [PROGRESS] resolve files> Scanning /mnt/c/Users/Sharof/AndroidStudioProjects/SecureGSI/rust/target/release/build/proc-macro2-cdca3e7aa3c36985/out...
[2026-08-24 02:51:28] [PROGRESS] resolve files> Scanning /mnt/c/Users/Sharof/AndroidStudioProjects/SecureGSI/rust/target/release/build/proc-macro2-d8182f1a5aef9da8...
[2026-08-24 02:51:28] [PROGRESS] resolve files> Scanning /mnt/c/Users/Sharof/AndroidStudioProjects/SecureGSI/rust/target/release/build/proc-macro2-fb4941d7fe8be6e8...
[2026-08-24 02:51:28] [PROGRESS] resolve files> Scanning /mnt/c/Users/Sharof/AndroidStudioProjects/SecureGSI/rust/target/release/build/quote-1a4d7055b53fbc53...
[2026-08-24 02:51:28] [PROGRESS] resolve files> Scanning /mnt/c/Users/Sharof/AndroidStudioProjects/SecureGSI/rust/target/release/build/quote-2d1ccfd7baaeebdb...
[2026-08-24 02:51:28] [PROGRESS] resolve files> Scanning /mnt/c/Users/Sharof/AndroidStudioProjects/SecureGSI/rust/target/release/build/quote-2d1ccfd7baaeebdb/out...
[2026-08-24 02:51:28] [PROGRESS] resolve files> Scanning /mnt/c/Users/Sharof/AndroidStudioProjects/SecureGSI/rust/target/release/build/quote-540bf8ab4b8c545a...
[2026-08-24 02:51:28] [PROGRESS] resolve files> Scanning /mnt/c/Users/Sharof/AndroidStudioProjects/SecureGSI/rust/target/release/build/quote-540bf8ab4b8c545a/out...
[2026-08-24 02:51:28] [PROGRESS] resolve files> Scanning /mnt/c/Users/Sharof/AndroidStudioProjects/SecureGSI/rust/target/release/build/quote-707c608f2c0793e4...
[2026-08-24 02:51:28] [PROGRESS] resolve files> Scanning /mnt/c/Users/Sharof/AndroidStudioProjects/SecureGSI/rust/target/release/build/thiserror-060cec0c36d7d0b4...
[2026-08-24 02:51:28] [PROGRESS] resolve files> Scanning /mnt/c/Users/Sharof/AndroidStudioProjects/SecureGSI/rust/target/release/build/thiserror-b4bc1d0c5c2a1d20...
[2026-08-24 02:51:28] [PROGRESS] resolve files> Scanning /mnt/c/Users/Sharof/AndroidStudioProjects/SecureGSI/rust/target/release/deps...
[2026-08-24 02:51:28] [PROGRESS] resolve files> Scanning /mnt/c/Users/Sharof/AndroidStudioProjects/SecureGSI/rust/target/release/examples...
[2026-08-24 02:51:28] [PROGRESS] resolve files> Scanning /mnt/c/Users/Sharof/AndroidStudioProjects/SecureGSI/rust/target/release/incremental...
[2026-08-24 02:51:28] [PROGRESS] resolve files> Scanning /mnt/c/Users/Sharof/AndroidStudioProjects/SecureGSI/scripts...
[2026-08-24 02:51:28] Plumbing command codeql resolve files completed:
                      [
                        "/mnt/c/Users/Sharof/AndroidStudioProjects/SecureGSI/.gradle/9.5.0/gc.properties",
                        "/mnt/c/Users/Sharof/AndroidStudioProjects/SecureGSI/.gradle/buildOutputCleanup/cache.properties",
                        "/mnt/c/Users/Sharof/AndroidStudioProjects/SecureGSI/.gradle/configuration-cache/gc.properties",
                        "/mnt/c/Users/Sharof/AndroidStudioProjects/SecureGSI/.gradle/vcs-1/gc.properties",
                        "/mnt/c/Users/Sharof/AndroidStudioProjects/SecureGSI/app/.gradle/config.properties",
                        "/mnt/c/Users/Sharof/AndroidStudioProjects/SecureGSI/app/build/intermediates/incremental/debug/packageDebugResources/compile-file-map.properties",
                        "/mnt/c/Users/Sharof/AndroidStudioProjects/SecureGSI/app/local.properties",
                        "/mnt/c/Users/Sharof/AndroidStudioProjects/SecureGSI/gradle.properties",
                        "/mnt/c/Users/Sharof/AndroidStudioProjects/SecureGSI/gradle/gradle-daemon-jvm.properties",
                        "/mnt/c/Users/Sharof/AndroidStudioProjects/SecureGSI/gradle/wrapper/gradle-wrapper.properties",
                        "/mnt/c/Users/Sharof/AndroidStudioProjects/SecureGSI/local.properties"
                      ]
[2026-08-24 02:51:28] [DETAILS] database index-files> Found 11 files.
[2026-08-24 02:51:28] [PROGRESS] database index-files> /mnt/c/Users/Sharof/AndroidStudioProjects/SecureGSI/codeql-db-kotlin: Indexing files in in /mnt/c/Users/Sharof/AndroidStudioProjects/SecureGSI...
[2026-08-24 02:51:28] Using index-files script /home/user/.local/share/codeql/properties/tools/index-files.sh.
[2026-08-24 02:51:28] [PROGRESS] database index-files> Running command in /mnt/c/Users/Sharof/AndroidStudioProjects/SecureGSI: [/home/user/.local/share/codeql/properties/tools/index-files.sh, /mnt/c/Users/Sharof/AndroidStudioProjects/SecureGSI/codeql-db-kotlin/working/files-to-index3432246219780138474.list]
[2026-08-24 02:51:29] [build-stdout] [2026-08-24 02:51:29] [PropertiesExtractor] Processed 11 files in 379 ms; produced 0 bytes of compressed TRAP
[2026-08-24 02:51:29] Terminating normally.
