[2026-08-24 02:48:35] This is codeql database create codeql-db-kotlin --language=java --command=./.codeql-gradlew clean :app:compileDebugKotlin --no-daemon
[2026-08-24 02:48:35] Log file was started late.
[2026-08-24 02:48:35] [PROGRESS] database create> Initializing database at /mnt/c/Users/Sharof/AndroidStudioProjects/SecureGSI/codeql-db-kotlin.
[2026-08-24 02:48:35] Running plumbing command: codeql database init --language=java --extractor-options-verbosity=1 --qlconfig-file=/mnt/c/Users/Sharof/AndroidStudioProjects/SecureGSI/qlconfig.yml --source-root=/mnt/c/Users/Sharof/AndroidStudioProjects/SecureGSI --allow-missing-source-root=false --allow-already-existing -- /mnt/c/Users/Sharof/AndroidStudioProjects/SecureGSI/codeql-db-kotlin
[2026-08-24 02:48:35] Calling plumbing command: codeql resolve languages --extractor-options-verbosity=1 --format=betterjson
[2026-08-24 02:48:36] [DETAILS] resolve languages> Scanning for [codeql-extractor.yml] from /home/user/.local/share/codeql/.codeqlmanifest.json
[2026-08-24 02:48:36] [DETAILS] resolve languages> Parsing /home/user/.local/share/codeql/xml/codeql-extractor.yml.
[2026-08-24 02:48:36] [DETAILS] resolve languages> Parsing /home/user/.local/share/codeql/csharp/codeql-extractor.yml.
[2026-08-24 02:48:36] [DETAILS] resolve languages> Parsing /home/user/.local/share/codeql/java/codeql-extractor.yml.
[2026-08-24 02:48:36] [DETAILS] resolve languages> Parsing /home/user/.local/share/codeql/cpp/codeql-extractor.yml.
[2026-08-24 02:48:36] [DETAILS] resolve languages> Parsing /home/user/.local/share/codeql/rust/codeql-extractor.yml.
[2026-08-24 02:48:36] [DETAILS] resolve languages> Parsing /home/user/.local/share/codeql/swift/codeql-extractor.yml.
[2026-08-24 02:48:36] [DETAILS] resolve languages> Parsing /home/user/.local/share/codeql/csv/codeql-extractor.yml.
[2026-08-24 02:48:36] [DETAILS] resolve languages> Parsing /home/user/.local/share/codeql/yaml/codeql-extractor.yml.
[2026-08-24 02:48:36] [DETAILS] resolve languages> Parsing /home/user/.local/share/codeql/html/codeql-extractor.yml.
[2026-08-24 02:48:36] [DETAILS] resolve languages> Parsing /home/user/.local/share/codeql/properties/codeql-extractor.yml.
[2026-08-24 02:48:36] [DETAILS] resolve languages> Parsing /home/user/.local/share/codeql/python/codeql-extractor.yml.
[2026-08-24 02:48:36] [DETAILS] resolve languages> Parsing /home/user/.local/share/codeql/javascript/codeql-extractor.yml.
[2026-08-24 02:48:36] [DETAILS] resolve languages> Parsing /home/user/.local/share/codeql/ruby/codeql-extractor.yml.
[2026-08-24 02:48:36] [DETAILS] resolve languages> Parsing /home/user/.local/share/codeql/actions/codeql-extractor.yml.
[2026-08-24 02:48:36] [DETAILS] resolve languages> Parsing /home/user/.local/share/codeql/go/codeql-extractor.yml.
[2026-08-24 02:48:36] Plumbing command codeql resolve languages completed:
                      {
                        "aliases" : {
                          "c" : "cpp",
                          "c++" : "cpp",
                          "c-c++" : "cpp",
                          "c-cpp" : "cpp",
                          "c#" : "csharp",
                          "java-kotlin" : "java",
                          "kotlin" : "java",
                          "javascript-typescript" : "javascript",
                          "typescript" : "javascript"
                        },
                        "extractors" : {
                          "xml" : [
                            {
                              "extractor_root" : "/home/user/.local/share/codeql/xml"
                            }
                          ],
                          "csharp" : [
                            {
                              "extractor_root" : "/home/user/.local/share/codeql/csharp",
                              "extractor_options" : {
                                "trap" : {
                                  "title" : "Options pertaining to TRAP.",
                                  "description" : "Options pertaining to TRAP.",
                                  "type" : "object",
                                  "properties" : {
                                    "compression" : {
                                      "title" : "Controls compression for the TRAP files written by the extractor.",
                                      "description" : "This option is only intended for use in debugging the extractor. Accepted values are 'brotli' (the default, to write brotli-compressed TRAP), 'gzip', and 'none' (to write uncompressed TRAP).\n",
                                      "type" : "string",
                                      "pattern" : "^(none|gzip|brotli)$"
                                    }
                                  }
                                },
                                "buildless" : {
                                  "title" : "DEPRECATED - Whether to use buildless (standalone) extraction.",
                                  "description" : "DEPRECATED: Use `--build-mode none` instead.\nA value indicating, which type of extraction the autobuilder should perform. If 'true', then the standalone extractor will be used, otherwise tracing extraction will be performed. The default is 'false'. Note that buildless extraction will generally yield less accurate analysis results, and should only be used in cases where it is not possible to build the code (for example if it uses inaccessible dependencies).\n",
                                  "type" : "string",
                                  "pattern" : "^(false|true)$"
                                },
                                "logging" : {
                                  "title" : "Options pertaining to logging.",
                                  "description" : "Options pertaining to logging.",
                                  "type" : "object",
                                  "properties" : {
                                    "verbosity" : {
                                      "title" : "Extractor logging verbosity level.",
                                      "description" : "Controls the level of verbosity of the extractor. The supported levels are (in order of increasing verbosity):\n  - off\n  - errors\n  - warnings\n  - info or progress\n  - debug or progress+\n  - trace or progress++\n  - progress+++\n",
                                      "type" : "string",
                                      "pattern" : "^(off|errors|warnings|(info|progress)|(debug|progress\\+)|(trace|progress\\+\\+)|progress\\+\\+\\+)$"
                                    }
                                  }
                                },
                                "binlog" : {
                                  "title" : "Binlog",
                                  "description" : "[EXPERIMENTAL] The value is a path to the MsBuild binary log file that should be extracted. This option only works when `--build-mode none` is also specified.\n",
                                  "type" : "array"
                                },
                                "buildless_dependency_dir" : {
                                  "title" : "The path where buildless (standalone) extraction should keep dependencies.",
                                  "description" : "If set, the buildless (standalone) extractor will store dependencies in this directory.\n",
                                  "type" : "string"
                                }
                              }
                            }
                          ],
                          "java" : [
                            {
                              "extractor_root" : "/home/user/.local/share/codeql/java",
                              "extractor_options" : {
                                "exclude" : {
                                  "title" : "A glob excluding files from analysis.",
                                  "description" : "A glob indicating what files to exclude from the analysis. This accepts glob patterns that are supported by Java's 'getPathMatcher' implementation.\n",
                                  "type" : "string"
                                },
                                "add_prefer_source" : {
                                  "title" : "Whether to always prefer source files over class files.",
                                  "description" : "A value indicating whether source files should be preferred over class files. If set to 'true', the extraction adds '-Xprefer:source' to the javac command line. If set to 'false', the extraction uses the default javac behavior ('-Xprefer:newer'). The default is 'true'.\n",
                                  "type" : "string",
                                  "pattern" : "^(false|true)$"
                                },
                                "buildless" : {
                                  "title" : "Whether to use buildless (standalone) extraction (experimental).",
                                  "description" : "A value indicating, which type of extraction the autobuilder should perform. If 'true', then the standalone extractor will be used, otherwise tracing extraction will be performed. The default is 'false'. Note that buildless extraction will generally yield less accurate analysis results, and should only be used in cases where it is not possible to build the code (for example if it uses inaccessible dependencies).\n",
                                  "type" : "string",
                                  "pattern" : "^(false|true)$"
                                },
                                "buildless_dependency_dir" : {
                                  "title" : "The path where buildless (standalone) extraction should keep dependencies.",
                                  "description" : "If set, the buildless (standalone) extractor will store dependencies in this directory.\n",
                                  "type" : "string"
                                },
                                "minimize_dependency_jars" : {
                                  "title" : "Whether to rewrite and minimize downloaded JAR dependencies (experimental).",
                                  "description" : "If 'true', JAR dependencies downloaded during extraction will be rewritten to remove unneeded data, such as method bodies. The default is 'false'.\n",
                                  "type" : "string",
                                  "pattern" : "^(false|true)$"
                                }
                              }
                            }
                          ],
                          "cpp" : [
                            {
                              "extractor_root" : "/home/user/.local/share/codeql/cpp",
                              "extractor_options" : {
                                "scale_timeouts" : {
                                  "title" : "Value to scale compiler introspection timeouts with",
                                  "description" : "The extractor attempts to determine what compiler the source code being extracted is compiled with. To this end the extractor makes additional calls to the compiler, some of which are expected to return within a certain fixed time (either 10s or 15s). On some systems that are under high load this time might be too short, and can be scaled up using this option.\n",
                                  "type" : "string",
                                  "pattern" : "[0-9]+"
                                },
                                "log_verbosity" : {
                                  "title" : "Verbosity of the extractor logging",
                                  "description" : "Set the verbosity of the extractor logging to 'quiet' (0), 'normal' (1), 'chatty' (2), or 'noisy' (3). The default is 'normal'.\n",
                                  "type" : "string",
                                  "pattern" : "[0-3]"
                                }
                              }
                            }
                          ],
                          "rust" : [
                            {
                              "extractor_root" : "/home/user/.local/share/codeql/rust",
                              "extractor_options" : {
                                "trap" : {
                                  "title" : "Options pertaining to TRAP.",
                                  "description" : "Options pertaining to TRAP.",
                                  "type" : "object",
                                  "properties" : {
                                    "compression" : {
                                      "title" : "Controls compression for the TRAP files written by the extractor.",
                                      "description" : "This option is only intended for use in debugging the extractor. Accepted values are 'gzip' (to write gzip-compressed TRAP) 'zstd' (to write Zstandard-compressed TRAP) and 'none' (the default, to write uncompressed TRAP).\n",
                                      "type" : "string",
                                      "pattern" : "^(none|gzip|zstd)$"
                                    }
                                  }
                                },
                                "cargo_target_dir" : {
                                  "title" : "Directory to use for cargo output files.",
                                  "description" : "This value is an optional path to use as `CARGO_TARGET_DIR` for the internal cargo commands the extractor uses. Pointing it to a persistent directory may reduce execution time of consecutive extractor runs. By default, a new scratch directory is used for each run.\n",
                                  "type" : "string"
                                },
                                "cargo_target" : {
                                  "title" : "Target architecture",
                                  "description" : "Target architecture to use for analysis, analogous to `cargo --target`. By default the host architecture is used.\n",
                                  "type" : "string"
                                },
                                "cargo_features" : {
                                  "title" : "Cargo features to turn on",
                                  "description" : "Comma-separated list of features to turn on. By default all features are enabled. If any features are specified, then only those features are enabled. The `default` feature must be explicitly specified if only default features are desired. Can be repeated.\n",
                                  "type" : "array"
                                },
                                "cargo_cfg_overrides" : {
                                  "title" : "Cargo cfg overrides",
                                  "description" : "Comma-separated list of cfg settings to enable, or disable if prefixed with `-`. Can be repeated.\n",
                                  "type" : "array"
                                },
                                "logging" : {
                                  "title" : "Options pertaining to logging.",
                                  "description" : "Options pertaining to logging.",
                                  "type" : "object",
                                  "properties" : {
                                    "verbosity" : {
                                      "title" : "Extractor logging verbosity level.",
                                      "description" : "Controls the level of verbosity of the extractor. The supported levels are (in order of increasing verbosity):\n  - off\n  - errors\n  - warnings\n  - info or progress\n  - debug or progress+\n  - trace or progress++\n  - progress+++\n",
                                      "type" : "string",
                                      "pattern" : "^(off|errors|warnings|(info|progress)|(debug|progress\\+)|(trace|progress\\+\\+)|progress\\+\\+\\+)$"
                                    },
                                    "flamegraph" : {
                                      "title" : "[Experimental] File path for write flame graph log",
                                      "description" : "Collect flame graph data using the `tracing-flame` crate. To render a flame graph or chart, run the `inferno-flamegraph` command. See also: https://crates.io/crates/tracing-flame\n",
                                      "type" : "string"
                                    }
                                  }
                                },
                                "extract_dependencies_as_source" : {
                                  "title" : "Extract dependencies as source code",
                                  "description" : "Extract the full source code of dependencies instead of only extracting signatures.\n",
                                  "type" : "string",
                                  "pattern" : "^(false|true)$"
                                }
                              }
                            }
                          ],
                          "swift" : [
                            {
                              "extractor_root" : "/home/user/.local/share/codeql/swift"
                            }
                          ],
                          "csv" : [
                            {
                              "extractor_root" : "/home/user/.local/share/codeql/csv"
                            }
                          ],
                          "yaml" : [
                            {
                              "extractor_root" : "/home/user/.local/share/codeql/yaml"
                            }
                          ],
                          "html" : [
                            {
                              "extractor_root" : "/home/user/.local/share/codeql/html"
                            }
                          ],
                          "properties" : [
                            {
                              "extractor_root" : "/home/user/.local/share/codeql/properties"
                            }
                          ],
                          "python" : [
                            {
                              "extractor_root" : "/home/user/.local/share/codeql/python",
                              "extractor_options" : {
                                "logging" : {
                                  "title" : "Options pertaining to logging.",
                                  "description" : "Options pertaining to logging.",
                                  "type" : "object",
                                  "properties" : {
                                    "verbosity" : {
                                      "title" : "Python extractor logging verbosity level.",
                                      "description" : "Controls the level of verbosity of the CodeQL Python extractor.\nThe supported levels are (in order of increasing verbosity):\n\n  - off\n  - errors\n  - warnings\n  - info or progress\n  - debug or progress+\n  - trace or progress++\n  - progress+++\n",
                                      "type" : "string",
                                      "pattern" : "^(off|errors|warnings|(info|progress)|(debug|progress\\+)|(trace|progress\\+\\+)|progress\\+\\+\\+)$"
                                    }
                                  }
                                },
                                "python_executable_name" : {
                                  "title" : "Controls the name of the Python executable used by the Python extractor.",
                                  "description" : "The Python extractor uses platform-dependent heuristics to determine the name of the Python executable to use. Specifying a value for this option overrides the name of the Python executable used by the extractor. Accepted values are py, python and python3. Use this setting with caution, the Python extractor requires Python 3 to run.\n",
                                  "type" : "string",
                                  "pattern" : "^(py|python|python3)$"
                                }
                              }
                            }
                          ],
                          "javascript" : [
                            {
                              "extractor_root" : "/home/user/.local/share/codeql/javascript",
                              "extractor_options" : {
                                "skip_types" : {
                                  "title" : "Skip type extraction for TypeScript",
                                  "description" : "Whether to skip the extraction of types in a TypeScript application",
                                  "type" : "string",
                                  "pattern" : "^(false|true)$"
                                }
                              }
                            }
                          ],
                          "ruby" : [
                            {
                              "extractor_root" : "/home/user/.local/share/codeql/ruby",
                              "extractor_options" : {
                                "trap" : {
                                  "title" : "Options pertaining to TRAP.",
                                  "description" : "Options pertaining to TRAP.",
                                  "type" : "object",
                                  "properties" : {
                                    "compression" : {
                                      "title" : "Controls compression for the TRAP files written by the extractor.",
                                      "description" : "This option is only intended for use in debugging the extractor. Accepted values are 'gzip' (the default, to write gzip-compressed TRAP) 'zstd' (to write Zstandard-compressed TRAP) and 'none' (to write uncompressed TRAP).\n",
                                      "type" : "string",
                                      "pattern" : "^(none|gzip|zstd)$"
                                    }
                                  }
                                }
                              }
                            }
                          ],
                          "actions" : [
                            {
                              "extractor_root" : "/home/user/.local/share/codeql/actions",
                              "extractor_options" : { }
                            }
                          ],
                          "go" : [
                            {
                              "extractor_root" : "/home/user/.local/share/codeql/go",
                              "extractor_options" : {
                                "extract_tests" : {
                                  "title" : "Whether to include Go test files in the CodeQL database.",
                                  "description" : "A value indicating whether Go test files should be included in the CodeQL database. The default is 'false'.\n",
                                  "type" : "string",
                                  "pattern" : "^(false|true)$"
                                },
                                "extract_vendor_dirs" : {
                                  "title" : "Whether to include Go vendor directories in the CodeQL database.",
                                  "description" : "A value indicating whether Go vendor directories should be included in the CodeQL database. The default is 'false'.\n",
                                  "type" : "string",
                                  "pattern" : "^(false|true)$"
                                }
                              }
                            }
                          ]
                        }
                      }
[2026-08-24 02:48:36] [PROGRESS] database init> Calculating baseline information in /mnt/c/Users/Sharof/AndroidStudioProjects/SecureGSI
[2026-08-24 02:48:36] [SPAMMY] database init> Ignoring the following directories when processing baseline information: .git, .hg, .svn.
[2026-08-24 02:48:36] [DETAILS] database init> Running command in /mnt/c/Users/Sharof/AndroidStudioProjects/SecureGSI: /home/user/.local/share/codeql/tools/linux64/scc --by-file --exclude-dir .git,.hg,.svn --format json --no-large --no-min .
[2026-08-24 02:48:37] [SPAMMY] database init> Found 14 baseline files for java.
[2026-08-24 02:48:37] [SPAMMY] database init> Found 5 baseline files for rust.
[2026-08-24 02:48:37] [PROGRESS] database init> Calculated baseline information for languages: java, rust (1.5s).
[2026-08-24 02:48:37] [SPAMMY] database init> Selected JGit Git client for /mnt/c/Users/Sharof/AndroidStudioProjects/SecureGSI because the repository uses SHA-1 object format.
[2026-08-24 02:48:37] [PROGRESS] database init> Resolving extractor java.
[2026-08-24 02:48:37] [DETAILS] database init> Found candidate extractor root for java: /home/user/.local/share/codeql/java.
[2026-08-24 02:48:37] [PROGRESS] database init> Successfully loaded extractor Java/Kotlin (java) from /home/user/.local/share/codeql/java.
[2026-08-24 02:48:37] [PROGRESS] database init> Created skeleton CodeQL database at /mnt/c/Users/Sharof/AndroidStudioProjects/SecureGSI/codeql-db-kotlin. This in-progress database is ready to be populated by an extractor.
[2026-08-24 02:48:37] Plumbing command codeql database init completed.
[2026-08-24 02:48:37] [PROGRESS] database create> Running build command: [./.codeql-gradlew, clean, :app:compileDebugKotlin, --no-daemon]
[2026-08-24 02:48:37] Running plumbing command: codeql database trace-command --working-dir=/mnt/c/Users/Sharof/AndroidStudioProjects/SecureGSI --index-traceless-dbs --no-db-cluster -- /mnt/c/Users/Sharof/AndroidStudioProjects/SecureGSI/codeql-db-kotlin ./.codeql-gradlew clean :app:compileDebugKotlin --no-daemon
[2026-08-24 02:48:37] [PROGRESS] database trace-command> Running command in /mnt/c/Users/Sharof/AndroidStudioProjects/SecureGSI: [./.codeql-gradlew, clean, :app:compileDebugKotlin, --no-daemon]
[2026-08-24 02:48:38] [build-stdout] To honour the JVM settings for this build a single-use Daemon process will be forked. For more on this, please refer to https://docs.gradle.org/9.5.0/userguide/gradle_daemon.html#sec:disabling_the_daemon in the Gradle documentation.
[2026-08-24 02:48:39] [build-stdout] Daemon will be stopped at the end of the build 
[2026-08-24 02:48:40] [build-stdout] Calculating task graph as no cached configuration is available for tasks: clean :app:compileDebugKotlin
[2026-08-24 02:48:43] [build-stdout] WARNING: The following problems were found when resolving the SDK location:
[2026-08-24 02:48:43] [build-stdout] Where: sdk.dir property in local.properties file. Problem: Directory does not exist
[2026-08-24 02:48:43] [build-stdout] Add android.sync.suppressAgpWarnings=GENERIC to the gradle.properties file to suppress this warning.
[2026-08-24 02:48:44] [build-stdout] > Task :app:preBuild UP-TO-DATE
[2026-08-24 02:48:44] [build-stdout] > Task :app:preDebugBuild UP-TO-DATE
[2026-08-24 02:48:54] [build-stdout] > Task :app:clean
[2026-08-24 02:48:54] [build-stdout] > Task :app:processDebugNavigationResources
[2026-08-24 02:48:54] [build-stdout] > Task :app:generateDebugResources
[2026-08-24 02:48:54] [build-stdout] > Task :app:packageDebugResources
[2026-08-24 02:48:55] [build-stdout] > Task :app:parseDebugLocalResources
[2026-08-24 02:48:55] [build-stdout] > Task :app:generateDebugRFile
[2026-08-24 02:50:56] [build-stdout] > Task :app:compileDebugKotlin
[2026-08-24 02:50:34] [build-stdout] BUILD SUCCESSFUL in 3m 53s
[2026-08-24 02:50:34] [build-stdout] 7 actionable tasks: 7 executed
[2026-08-24 02:50:34] [build-stdout] Configuration cache entry stored.
[2026-08-24 02:50:35] Plumbing command codeql database trace-command completed.
[2026-08-24 02:50:35] [PROGRESS] database create> Finalizing database at /mnt/c/Users/Sharof/AndroidStudioProjects/SecureGSI/codeql-db-kotlin.
[2026-08-24 02:50:35] Running plumbing command: codeql database finalize --no-db-cluster -- /mnt/c/Users/Sharof/AndroidStudioProjects/SecureGSI/codeql-db-kotlin
[2026-08-24 02:50:35] Using pre-finalize script /home/user/.local/share/codeql/java/tools/pre-finalize.sh.
[2026-08-24 02:50:35] [PROGRESS] database finalize> Running pre-finalize script /home/user/.local/share/codeql/java/tools/pre-finalize.sh in /mnt/c/Users/Sharof/AndroidStudioProjects/SecureGSI.
[2026-08-24 02:50:35] Running plumbing command: codeql database trace-command --working-dir=/mnt/c/Users/Sharof/AndroidStudioProjects/SecureGSI --no-tracing -- /mnt/c/Users/Sharof/AndroidStudioProjects/SecureGSI/codeql-db-kotlin /home/user/.local/share/codeql/java/tools/pre-finalize.sh
[2026-08-24 02:50:35] [PROGRESS] database trace-command> Running command in /mnt/c/Users/Sharof/AndroidStudioProjects/SecureGSI: [/home/user/.local/share/codeql/java/tools/pre-finalize.sh]
[2026-08-24 02:50:52] [build-stderr] Scanning for files in /mnt/c/Users/Sharof/AndroidStudioProjects/SecureGSI...
[2026-08-24 02:51:08] [build-stderr] /mnt/c/Users/Sharof/AndroidStudioProjects/SecureGSI/codeql-db-kotlin: Indexing files in in /mnt/c/Users/Sharof/AndroidStudioProjects/SecureGSI...
[2026-08-24 02:51:08] [build-stderr] Running command in /mnt/c/Users/Sharof/AndroidStudioProjects/SecureGSI: [/home/user/.local/share/codeql/xml/tools/index-files.sh, /mnt/c/Users/Sharof/AndroidStudioProjects/SecureGSI/codeql-db-kotlin/working/files-to-index8105286307047270362.list]
[2026-08-24 02:51:11] [build-stdout] [2026-08-24 02:51:11] [build-stdout] [2026-08-24 02:51:11] [XMLExtractor] Processed 42 files in 3081 ms; produced 387711 bytes of compressed TRAP
[2026-08-24 02:51:11] [build-stdout] [2026-08-24 02:51:11] [build-stdout] 02:51:11.848 [main] INFO com.semmle.cli.SimpleExtractor.Stats -- Processed 42 files in 3081 ms; produced 387711 bytes of compressed TRAP
[2026-08-24 02:51:12] [build-stderr] Scanning for files in /mnt/c/Users/Sharof/AndroidStudioProjects/SecureGSI...
[2026-08-24 02:51:28] [build-stderr] /mnt/c/Users/Sharof/AndroidStudioProjects/SecureGSI/codeql-db-kotlin: Indexing files in in /mnt/c/Users/Sharof/AndroidStudioProjects/SecureGSI...
[2026-08-24 02:51:28] [build-stderr] Running command in /mnt/c/Users/Sharof/AndroidStudioProjects/SecureGSI: [/home/user/.local/share/codeql/properties/tools/index-files.sh, /mnt/c/Users/Sharof/AndroidStudioProjects/SecureGSI/codeql-db-kotlin/working/files-to-index3432246219780138474.list]
[2026-08-24 02:51:29] [build-stdout] [2026-08-24 02:51:29] [build-stdout] [2026-08-24 02:51:29] [PropertiesExtractor] Processed 11 files in 379 ms; produced 0 bytes of compressed TRAP
[2026-08-24 02:51:29] Plumbing command codeql database trace-command completed.
[2026-08-24 02:51:29] [PROGRESS] database finalize> Pre-finalize script /home/user/.local/share/codeql/java/tools/pre-finalize.sh completed in 54088 ms.
[2026-08-24 02:51:29] [PROGRESS] database finalize> Running TRAP import for CodeQL database at /mnt/c/Users/Sharof/AndroidStudioProjects/SecureGSI/codeql-db-kotlin...
[2026-08-24 02:51:29] Running plumbing command: codeql dataset import --dbscheme=/home/user/.local/share/codeql/java/semmlecode.dbscheme -- /mnt/c/Users/Sharof/AndroidStudioProjects/SecureGSI/codeql-db-kotlin/db-java /mnt/c/Users/Sharof/AndroidStudioProjects/SecureGSI/codeql-db-kotlin/trap/java
[2026-08-24 02:51:29] Clearing disk cache since the version file /mnt/c/Users/Sharof/AndroidStudioProjects/SecureGSI/codeql-db-kotlin/db-java/default/cache/version does not exist
[2026-08-24 02:51:29] Tuple pool not found. Clearing relations with cached strings
[2026-08-24 02:51:29] Trimming disk cache at /mnt/c/Users/Sharof/AndroidStudioProjects/SecureGSI/codeql-db-kotlin/db-java/default/cache in mode clear.
[2026-08-24 02:51:29] Sequence stamp origin is -5876537937637617379
[2026-08-24 02:51:29] Pausing evaluation to hard-clear memory at sequence stamp o+0
[2026-08-24 02:51:29] Unpausing evaluation
[2026-08-24 02:51:29] Pausing evaluation to quickly trim disk at sequence stamp o+1
[2026-08-24 02:51:29] Unpausing evaluation
[2026-08-24 02:51:29] Pausing evaluation to zealously trim disk at sequence stamp o+2
[2026-08-24 02:51:29] Unpausing evaluation
[2026-08-24 02:51:29] Trimming completed (10ms): Purged everything.
[2026-08-24 02:51:29] Scanning for files in /mnt/c/Users/Sharof/AndroidStudioProjects/SecureGSI/codeql-db-kotlin/trap/java
[2026-08-24 02:51:52] Found 2515 TRAP files (11.61 MiB)
[2026-08-24 02:51:52] [PROGRESS] dataset import> Importing TRAP files
[2026-08-24 02:51:52] Importing Account.members#52.0-1199127600000-kotlin.trap.gz (1 of 2515)
[2026-08-24 02:51:52] Importing Animator$AnimatorListener.members#52.0-1199127600000-kotlin.trap.gz (2 of 2515)
[2026-08-24 02:51:52] Importing Animator$AnimatorPauseListener.members#52.0-1199127600000-kotlin.trap.gz (3 of 2515)
[2026-08-24 02:51:52] Importing Animator.members#52.0-1199127600000-kotlin.trap.gz (4 of 2515)
[2026-08-24 02:51:52] Importing Keyframe.members#52.0-1199127600000-kotlin.trap.gz (5 of 2515)
[2026-08-24 02:51:52] Importing LayoutTransition$TransitionListener.members#52.0-1199127600000-kotlin.trap.gz (6 of 2515)
[2026-08-24 02:51:52] Importing LayoutTransition.members#52.0-1199127600000-kotlin.trap.gz (7 of 2515)
[2026-08-24 02:51:52] Importing PropertyValuesHolder.members#52.0-1199127600000-kotlin.trap.gz (8 of 2515)
[2026-08-24 02:51:52] Importing StateListAnimator.members#52.0-1199127600000-kotlin.trap.gz (9 of 2515)
[2026-08-24 02:51:52] Importing TimeInterpolator.members#52.0-1199127600000-kotlin.trap.gz (10 of 2515)
[2026-08-24 02:51:52] Importing TypeConverter.members#52.0-1199127600000-kotlin.trap.gz (11 of 2515)
[2026-08-24 02:51:52] Importing TypeEvaluator.members#52.0-1199127600000-kotlin.trap.gz (12 of 2515)
[2026-08-24 02:51:52] Importing ValueAnimator$AnimatorUpdateListener.members#52.0-1199127600000-kotlin.trap.gz (13 of 2515)
[2026-08-24 02:51:52] Importing ValueAnimator$DurationScaleChangeListener.members#52.0-1199127600000-kotlin.trap.gz (14 of 2515)
[2026-08-24 02:51:52] Importing ValueAnimator.members#52.0-1199127600000-kotlin.trap.gz (15 of 2515)
[2026-08-24 02:51:52] Importing NonNull.members#52.0-1199127600000-kotlin.trap.gz (16 of 2515)
[2026-08-24 02:51:52] Importing Nullable.members#52.0-1199127600000-kotlin.trap.gz (17 of 2515)
[2026-08-24 02:51:52] Importing SuppressLint.members#52.0-1199127600000-kotlin.trap.gz (18 of 2515)
[2026-08-24 02:51:52] Importing ActionBar$LayoutParams.members#52.0-1199127600000-kotlin.trap.gz (19 of 2515)
[2026-08-24 02:51:52] Importing ActionBar$OnMenuVisibilityListener.members#52.0-1199127600000-kotlin.trap.gz (20 of 2515)
[2026-08-24 02:51:52] Importing ActionBar$OnNavigationListener.members#52.0-1199127600000-kotlin.trap.gz (21 of 2515)
[2026-08-24 02:51:52] Importing ActionBar$Tab.members#52.0-1199127600000-kotlin.trap.gz (22 of 2515)
[2026-08-24 02:51:52] Importing ActionBar$TabListener.members#52.0-1199127600000-kotlin.trap.gz (23 of 2515)
[2026-08-24 02:51:52] Importing ActionBar.members#52.0-1199127600000-kotlin.trap.gz (24 of 2515)
[2026-08-24 02:51:52] Importing Activity$ScreenCaptureCallback.members#52.0-1199127600000-kotlin.trap.gz (25 of 2515)
[2026-08-24 02:51:52] Importing Activity.members#52.0-1199127600000-kotlin.trap.gz (26 of 2515)
[2026-08-24 02:51:52] Importing ActivityManager$AppTask.members#52.0-1199127600000-kotlin.trap.gz (27 of 2515)
[2026-08-24 02:51:52] Importing ActivityManager$MemoryInfo.members#52.0-1199127600000-kotlin.trap.gz (28 of 2515)
[2026-08-24 02:51:52] Importing ActivityManager$ProcessErrorStateInfo.members#52.0-1199127600000-kotlin.trap.gz (29 of 2515)
[2026-08-24 02:51:52] Importing ActivityManager$RecentTaskInfo.members#52.0-1199127600000-kotlin.trap.gz (30 of 2515)
[2026-08-24 02:51:52] Importing ActivityManager$RunningAppProcessInfo.members#52.0-1199127600000-kotlin.trap.gz (31 of 2515)
[2026-08-24 02:51:52] Importing ActivityManager$RunningServiceInfo.members#52.0-1199127600000-kotlin.trap.gz (32 of 2515)
[2026-08-24 02:51:52] Importing ActivityManager$RunningTaskInfo.members#52.0-1199127600000-kotlin.trap.gz (33 of 2515)
[2026-08-24 02:51:52] Importing ActivityManager$TaskDescription$Builder.members#52.0-1199127600000-kotlin.trap.gz (34 of 2515)
[2026-08-24 02:51:52] Importing ActivityManager$TaskDescription.members#52.0-1199127600000-kotlin.trap.gz (35 of 2515)
[2026-08-24 02:51:52] Importing ActivityManager.members#52.0-1199127600000-kotlin.trap.gz (36 of 2515)
[2026-08-24 02:51:52] Importing AnrWarningResult.members#52.0-1199127600000-kotlin.trap.gz (37 of 2515)
[2026-08-24 02:51:52] Importing Application$ActivityLifecycleCallbacks.members#52.0-1199127600000-kotlin.trap.gz (38 of 2515)
[2026-08-24 02:51:52] Importing Application$OnProvideAssistDataListener.members#52.0-1199127600000-kotlin.trap.gz (39 of 2515)
[2026-08-24 02:51:52] Importing Application.members#52.0-1199127600000-kotlin.trap.gz (40 of 2515)
[2026-08-24 02:51:52] Importing ApplicationExitInfo$AnrInfo.members#52.0-1199127600000-kotlin.trap.gz (41 of 2515)
[2026-08-24 02:51:52] Importing ApplicationExitInfo.members#52.0-1199127600000-kotlin.trap.gz (42 of 2515)
[2026-08-24 02:51:52] Importing ApplicationStartInfo.members#52.0-1199127600000-kotlin.trap.gz (43 of 2515)
[2026-08-24 02:51:52] Importing ComponentCaller.members#52.0-1199127600000-kotlin.trap.gz (44 of 2515)
[2026-08-24 02:51:52] Importing Dialog.members#52.0-1199127600000-kotlin.trap.gz (45 of 2515)
[2026-08-24 02:51:52] Importing DirectAction$Builder.members#52.0-1199127600000-kotlin.trap.gz (46 of 2515)
[2026-08-24 02:51:52] Importing DirectAction.members#52.0-1199127600000-kotlin.trap.gz (47 of 2515)
[2026-08-24 02:51:52] Importing Fragment$InstantiationException.members#52.0-1199127600000-kotlin.trap.gz (48 of 2515)
[2026-08-24 02:51:52] Importing Fragment$SavedState.members#52.0-1199127600000-kotlin.trap.gz (49 of 2515)
[2026-08-24 02:51:52] Importing Fragment.members#52.0-1199127600000-kotlin.trap.gz (50 of 2515)
[2026-08-24 02:51:52] Importing FragmentManager$BackStackEntry.members#52.0-1199127600000-kotlin.trap.gz (51 of 2515)
[2026-08-24 02:51:52] Importing FragmentManager$FragmentLifecycleCallbacks.members#52.0-1199127600000-kotlin.trap.gz (52 of 2515)
[2026-08-24 02:51:52] Importing FragmentManager$OnBackStackChangedListener.members#52.0-1199127600000-kotlin.trap.gz (53 of 2515)
[2026-08-24 02:51:52] Importing FragmentManager.members#52.0-1199127600000-kotlin.trap.gz (54 of 2515)
[2026-08-24 02:51:52] Importing FragmentTransaction.members#52.0-1199127600000-kotlin.trap.gz (55 of 2515)
[2026-08-24 02:51:52] Importing HandoffActivityData$Builder.members#52.0-1199127600000-kotlin.trap.gz (56 of 2515)
[2026-08-24 02:51:52] Importing HandoffActivityData.members#52.0-1199127600000-kotlin.trap.gz (57 of 2515)
[2026-08-24 02:51:52] Importing HandoffActivityDataRequestInfo.members#52.0-1199127600000-kotlin.trap.gz (58 of 2515)
[2026-08-24 02:51:52] Importing HandoffActivityParams$Builder.members#52.0-1199127600000-kotlin.trap.gz (59 of 2515)
[2026-08-24 02:51:52] Importing HandoffActivityParams.members#52.0-1199127600000-kotlin.trap.gz (60 of 2515)
[2026-08-24 02:51:52] Importing LoaderManager$LoaderCallbacks.members#52.0-1199127600000-kotlin.trap.gz (61 of 2515)
[2026-08-24 02:51:52] Importing LoaderManager.members#52.0-1199127600000-kotlin.trap.gz (62 of 2515)
[2026-08-24 02:51:52] Importing Notification$Action$Builder.members#52.0-1199127600000-kotlin.trap.gz (63 of 2515)
[2026-08-24 02:51:52] Importing Notification$Action$Extender.members#52.0-1199127600000-kotlin.trap.gz (64 of 2515)
[2026-08-24 02:51:52] Importing Notification$Action$WearableExtender.members#52.0-1199127600000-kotlin.trap.gz (65 of 2515)
[2026-08-24 02:51:52] Importing Notification$Action.members#52.0-1199127600000-kotlin.trap.gz (66 of 2515)
[2026-08-24 02:51:52] Importing Notification$BigPictureStyle.members#52.0-1199127600000-kotlin.trap.gz (67 of 2515)
[2026-08-24 02:51:52] Importing Notification$BigTextStyle.members#52.0-1199127600000-kotlin.trap.gz (68 of 2515)
[2026-08-24 02:51:52] Importing Notification$BridgedNotificationMetadata.members#52.0-1199127600000-kotlin.trap.gz (69 of 2515)
[2026-08-24 02:51:52] Importing Notification$BubbleMetadata$Builder.members#52.0-1199127600000-kotlin.trap.gz (70 of 2515)
[2026-08-24 02:51:52] Importing Notification$BubbleMetadata.members#52.0-1199127600000-kotlin.trap.gz (71 of 2515)
[2026-08-24 02:51:52] Importing Notification$Builder.members#52.0-1199127600000-kotlin.trap.gz (72 of 2515)
[2026-08-24 02:51:52] Importing Notification$CallStyle.members#52.0-1199127600000-kotlin.trap.gz (73 of 2515)
[2026-08-24 02:51:52] Importing Notification$CarExtender$Builder.members#52.0-1199127600000-kotlin.trap.gz (74 of 2515)
[2026-08-24 02:51:52] Importing Notification$CarExtender$UnreadConversation.members#52.0-1199127600000-kotlin.trap.gz (75 of 2515)
[2026-08-24 02:51:52] Importing Notification$CarExtender.members#52.0-1199127600000-kotlin.trap.gz (76 of 2515)
[2026-08-24 02:51:52] Importing Notification$DecoratedCustomViewStyle.members#52.0-1199127600000-kotlin.trap.gz (77 of 2515)
[2026-08-24 02:51:52] Importing Notification$DecoratedMediaCustomViewStyle.members#52.0-1199127600000-kotlin.trap.gz (78 of 2515)
[2026-08-24 02:51:52] Importing Notification$Extender.members#52.0-1199127600000-kotlin.trap.gz (79 of 2515)
[2026-08-24 02:51:52] Importing Notification$InboxStyle.members#52.0-1199127600000-kotlin.trap.gz (80 of 2515)
[2026-08-24 02:51:53] Importing Notification$MediaStyle.members#52.0-1199127600000-kotlin.trap.gz (81 of 2515)
[2026-08-24 02:51:53] Importing Notification$MessagingStyle$Message.members#52.0-1199127600000-kotlin.trap.gz (82 of 2515)
[2026-08-24 02:51:53] Importing Notification$MessagingStyle.members#52.0-1199127600000-kotlin.trap.gz (83 of 2515)
[2026-08-24 02:51:53] Importing Notification$Metric$FixedDate.members#52.0-1199127600000-kotlin.trap.gz (84 of 2515)
[2026-08-24 02:51:53] Importing Notification$Metric$FixedFloat.members#52.0-1199127600000-kotlin.trap.gz (85 of 2515)
[2026-08-24 02:51:53] Importing Notification$Metric$FixedInt.members#52.0-1199127600000-kotlin.trap.gz (86 of 2515)
[2026-08-24 02:51:53] Importing Notification$Metric$FixedText.members#52.0-1199127600000-kotlin.trap.gz (87 of 2515)
[2026-08-24 02:51:53] Importing Notification$Metric$FixedTime.members#52.0-1199127600000-kotlin.trap.gz (88 of 2515)
[2026-08-24 02:51:53] Importing Notification$Metric$MetricValue.members#52.0-1199127600000-kotlin.trap.gz (89 of 2515)
[2026-08-24 02:51:53] Importing Notification$Metric$TimeDifference.members#52.0-1199127600000-kotlin.trap.gz (90 of 2515)
[2026-08-24 02:51:53] Importing Notification$Metric.members#52.0-1199127600000-kotlin.trap.gz (91 of 2515)
[2026-08-24 02:51:53] Importing Notification$MetricStyle.members#52.0-1199127600000-kotlin.trap.gz (92 of 2515)
[2026-08-24 02:51:53] Importing Notification$ProgressStyle$Point.members#52.0-1199127600000-kotlin.trap.gz (93 of 2515)
[2026-08-24 02:51:53] Importing Notification$ProgressStyle$Segment.members#52.0-1199127600000-kotlin.trap.gz (94 of 2515)
[2026-08-24 02:51:53] Importing Notification$ProgressStyle.members#52.0-1199127600000-kotlin.trap.gz (95 of 2515)
[2026-08-24 02:51:53] Importing Notification$ProjectedExtender.members#52.0-1199127600000-kotlin.trap.gz (96 of 2515)
[2026-08-24 02:51:53] Importing Notification$Style.members#52.0-1199127600000-kotlin.trap.gz (97 of 2515)
[2026-08-24 02:51:53] Importing Notification$TvExtender.members#52.0-1199127600000-kotlin.trap.gz (98 of 2515)
[2026-08-24 02:51:53] Importing Notification$WearableExtender.members#52.0-1199127600000-kotlin.trap.gz (99 of 2515)
[2026-08-24 02:51:53] Importing Notification.members#52.0-1199127600000-kotlin.trap.gz (100 of 2515)
[2026-08-24 02:51:53] Importing PendingIntent$CanceledException.members#52.0-1199127600000-kotlin.trap.gz (101 of 2515)
[2026-08-24 02:51:53] Importing PendingIntent$OnFinished.members#52.0-1199127600000-kotlin.trap.gz (102 of 2515)
[2026-08-24 02:51:53] Importing PendingIntent.members#52.0-1199127600000-kotlin.trap.gz (103 of 2515)
[2026-08-24 02:51:53] Importing Person$Builder.members#52.0-1199127600000-kotlin.trap.gz (104 of 2515)
[2026-08-24 02:51:53] Importing Person.members#52.0-1199127600000-kotlin.trap.gz (105 of 2515)
[2026-08-24 02:51:53] Importing PictureInPictureParams$Builder.members#52.0-1199127600000-kotlin.trap.gz (106 of 2515)
[2026-08-24 02:51:53] Importing PictureInPictureParams.members#52.0-1199127600000-kotlin.trap.gz (107 of 2515)
[2026-08-24 02:51:53] Importing PictureInPictureUiState.members#52.0-1199127600000-kotlin.trap.gz (108 of 2515)
[2026-08-24 02:51:53] Importing RemoteAction.members#52.0-1199127600000-kotlin.trap.gz (109 of 2515)
[2026-08-24 02:51:53] Importing RemoteInput$Builder.members#52.0-1199127600000-kotlin.trap.gz (110 of 2515)
[2026-08-24 02:51:53] Importing RemoteInput.members#52.0-1199127600000-kotlin.trap.gz (111 of 2515)
[2026-08-24 02:51:53] Importing Service.members#52.0-1199127600000-kotlin.trap.gz (112 of 2515)
[2026-08-24 02:51:53] Importing SharedElementCallback$OnSharedElementsReadyListener.members#52.0-1199127600000-kotlin.trap.gz (113 of 2515)
[2026-08-24 02:51:53] Importing SharedElementCallback.members#52.0-1199127600000-kotlin.trap.gz (114 of 2515)
[2026-08-24 02:51:53] Importing TaskInfo.members#52.0-1199127600000-kotlin.trap.gz (115 of 2515)
[2026-08-24 02:51:53] Importing TaskLocation.members#52.0-1199127600000-kotlin.trap.gz (116 of 2515)
[2026-08-24 02:51:53] Importing TaskStackBuilder.members#52.0-1199127600000-kotlin.trap.gz (117 of 2515)
[2026-08-24 02:51:53] Importing VoiceInteractor$AbortVoiceRequest.members#52.0-1199127600000-kotlin.trap.gz (118 of 2515)
[2026-08-24 02:51:53] Importing VoiceInteractor$CommandRequest.members#52.0-1199127600000-kotlin.trap.gz (119 of 2515)
[2026-08-24 02:51:53] Importing VoiceInteractor$CompleteVoiceRequest.members#52.0-1199127600000-kotlin.trap.gz (120 of 2515)
[2026-08-24 02:51:53] Importing VoiceInteractor$ConfirmationRequest.members#52.0-1199127600000-kotlin.trap.gz (121 of 2515)
[2026-08-24 02:51:53] Importing VoiceInteractor$PickOptionRequest$Option.members#52.0-1199127600000-kotlin.trap.gz (122 of 2515)
[2026-08-24 02:51:53] Importing VoiceInteractor$PickOptionRequest.members#52.0-1199127600000-kotlin.trap.gz (123 of 2515)
[2026-08-24 02:51:53] Importing VoiceInteractor$Prompt.members#52.0-1199127600000-kotlin.trap.gz (124 of 2515)
[2026-08-24 02:51:53] Importing VoiceInteractor$Request.members#52.0-1199127600000-kotlin.trap.gz (125 of 2515)
[2026-08-24 02:51:53] Importing VoiceInteractor.members#52.0-1199127600000-kotlin.trap.gz (126 of 2515)
[2026-08-24 02:51:53] Importing AssistContent.members#52.0-1199127600000-kotlin.trap.gz (127 of 2515)
[2026-08-24 02:51:53] Importing AppJankStats.members#52.0-1199127600000-kotlin.trap.gz (128 of 2515)
[2026-08-24 02:51:53] Importing RelativeFrameTimeHistogram.members#52.0-1199127600000-kotlin.trap.gz (129 of 2515)
[2026-08-24 02:51:53] Importing AttributionSource$Builder.members#52.0-1199127600000-kotlin.trap.gz (130 of 2515)
[2026-08-24 02:51:53] Importing AttributionSource.members#52.0-1199127600000-kotlin.trap.gz (131 of 2515)
[2026-08-24 02:51:53] Importing BroadcastReceiver$PendingResult.members#52.0-1199127600000-kotlin.trap.gz (132 of 2515)
[2026-08-24 02:51:53] Importing BroadcastReceiver.members#52.0-1199127600000-kotlin.trap.gz (133 of 2515)
[2026-08-24 02:51:53] Importing ClipData$Item$Builder.members#52.0-1199127600000-kotlin.trap.gz (134 of 2515)
[2026-08-24 02:51:53] Importing ClipData$Item.members#52.0-1199127600000-kotlin.trap.gz (135 of 2515)
[2026-08-24 02:51:53] Importing ClipData.members#52.0-1199127600000-kotlin.trap.gz (136 of 2515)
[2026-08-24 02:51:53] Importing ClipDescription.members#52.0-1199127600000-kotlin.trap.gz (137 of 2515)
[2026-08-24 02:51:53] Importing ClipboardManager$OnPrimaryClipChangedListener.members#52.0-1199127600000-kotlin.trap.gz (138 of 2515)
[2026-08-24 02:51:53] Importing ClipboardManager.members#52.0-1199127600000-kotlin.trap.gz (139 of 2515)
[2026-08-24 02:51:53] Importing ComponentCallbacks.members#52.0-1199127600000-kotlin.trap.gz (140 of 2515)
[2026-08-24 02:51:53] Importing ComponentCallbacks2.members#52.0-1199127600000-kotlin.trap.gz (141 of 2515)
[2026-08-24 02:51:53] Importing ComponentName.members#52.0-1199127600000-kotlin.trap.gz (142 of 2515)
[2026-08-24 02:51:53] Importing ContentProvider$CallingIdentity.members#52.0-1199127600000-kotlin.trap.gz (143 of 2515)
[2026-08-24 02:51:53] Importing ContentProvider$PipeDataWriter.members#52.0-1199127600000-kotlin.trap.gz (144 of 2515)
[2026-08-24 02:51:53] Importing ContentProvider.members#52.0-1199127600000-kotlin.trap.gz (145 of 2515)
[2026-08-24 02:51:53] Importing ContentProviderClient.members#52.0-1199127600000-kotlin.trap.gz (146 of 2515)
[2026-08-24 02:51:53] Importing ContentProviderOperation$Builder.members#52.0-1199127600000-kotlin.trap.gz (147 of 2515)
[2026-08-24 02:51:53] Importing ContentProviderOperation.members#52.0-1199127600000-kotlin.trap.gz (148 of 2515)
[2026-08-24 02:51:53] Importing ContentProviderResult.members#52.0-1199127600000-kotlin.trap.gz (149 of 2515)
[2026-08-24 02:51:53] Importing ContentResolver$MimeTypeInfo.members#52.0-1199127600000-kotlin.trap.gz (150 of 2515)
[2026-08-24 02:51:53] Importing ContentResolver.members#52.0-1199127600000-kotlin.trap.gz (151 of 2515)
[2026-08-24 02:51:53] Importing ContentValues.members#52.0-1199127600000-kotlin.trap.gz (152 of 2515)
[2026-08-24 02:51:53] Importing Context$BindServiceFlags.members#52.0-1199127600000-kotlin.trap.gz (153 of 2515)
[2026-08-24 02:51:53] Importing Context$UpdateBindingParams$Builder.members#52.0-1199127600000-kotlin.trap.gz (154 of 2515)
[2026-08-24 02:51:53] Importing Context$UpdateBindingParams.members#52.0-1199127600000-kotlin.trap.gz (155 of 2515)
[2026-08-24 02:51:53] Importing Context.members#52.0-1199127600000-kotlin.trap.gz (156 of 2515)
[2026-08-24 02:51:53] Importing ContextParams$Builder.members#52.0-1199127600000-kotlin.trap.gz (157 of 2515)
[2026-08-24 02:51:53] Importing ContextParams.members#52.0-1199127600000-kotlin.trap.gz (158 of 2515)
[2026-08-24 02:51:53] Importing ContextWrapper.members#52.0-1199127600000-kotlin.trap.gz (159 of 2515)
[2026-08-24 02:51:53] Importing DialogInterface$OnCancelListener.members#52.0-1199127600000-kotlin.trap.gz (160 of 2515)
[2026-08-24 02:51:53] Importing DialogInterface$OnClickListener.members#52.0-1199127600000-kotlin.trap.gz (161 of 2515)
[2026-08-24 02:51:53] Importing DialogInterface$OnDismissListener.members#52.0-1199127600000-kotlin.trap.gz (162 of 2515)
[2026-08-24 02:51:53] Importing DialogInterface$OnKeyListener.members#52.0-1199127600000-kotlin.trap.gz (163 of 2515)
[2026-08-24 02:51:53] Importing DialogInterface$OnMultiChoiceClickListener.members#52.0-1199127600000-kotlin.trap.gz (164 of 2515)
[2026-08-24 02:51:53] Importing DialogInterface$OnShowListener.members#52.0-1199127600000-kotlin.trap.gz (165 of 2515)
[2026-08-24 02:51:53] Importing DialogInterface.members#52.0-1199127600000-kotlin.trap.gz (166 of 2515)
[2026-08-24 02:51:53] Importing Intent$FilterComparison.members#52.0-1199127600000-kotlin.trap.gz (167 of 2515)
[2026-08-24 02:51:53] Importing Intent$ShortcutIconResource.members#52.0-1199127600000-kotlin.trap.gz (168 of 2515)
[2026-08-24 02:51:53] Importing Intent.members#52.0-1199127600000-kotlin.trap.gz (169 of 2515)
[2026-08-24 02:51:53] Importing IntentFilter$AuthorityEntry.members#52.0-1199127600000-kotlin.trap.gz (170 of 2515)
[2026-08-24 02:51:53] Importing IntentFilter$MalformedMimeTypeException.members#52.0-1199127600000-kotlin.trap.gz (171 of 2515)
[2026-08-24 02:51:53] Importing IntentFilter.members#52.0-1199127600000-kotlin.trap.gz (172 of 2515)
[2026-08-24 02:51:53] Importing IntentSender$OnFinished.members#52.0-1199127600000-kotlin.trap.gz (173 of 2515)
[2026-08-24 02:51:53] Importing IntentSender$SendIntentException.members#52.0-1199127600000-kotlin.trap.gz (174 of 2515)
[2026-08-24 02:51:53] Importing IntentSender.members#52.0-1199127600000-kotlin.trap.gz (175 of 2515)
[2026-08-24 02:51:53] Importing Loader$ForceLoadContentObserver.members#52.0-1199127600000-kotlin.trap.gz (176 of 2515)
[2026-08-24 02:51:53] Importing Loader$OnLoadCanceledListener.members#52.0-1199127600000-kotlin.trap.gz (177 of 2515)
[2026-08-24 02:51:53] Importing Loader$OnLoadCompleteListener.members#52.0-1199127600000-kotlin.trap.gz (178 of 2515)
[2026-08-24 02:51:53] Importing Loader.members#52.0-1199127600000-kotlin.trap.gz (179 of 2515)
[2026-08-24 02:51:53] Importing LocusId.members#52.0-1199127600000-kotlin.trap.gz (180 of 2515)
[2026-08-24 02:51:53] Importing PeriodicSync.members#52.0-1199127600000-kotlin.trap.gz (181 of 2515)
[2026-08-24 02:51:53] Importing ServiceConnection.members#52.0-1199127600000-kotlin.trap.gz (182 of 2515)
[2026-08-24 02:51:53] Importing SharedPreferences$Editor.members#52.0-1199127600000-kotlin.trap.gz (183 of 2515)
[2026-08-24 02:51:53] Importing SharedPreferences$OnSharedPreferenceChangeListener.members#52.0-1199127600000-kotlin.trap.gz (184 of 2515)
[2026-08-24 02:51:53] Importing SharedPreferences.members#52.0-1199127600000-kotlin.trap.gz (185 of 2515)
[2026-08-24 02:51:53] Importing SyncAdapterType.members#52.0-1199127600000-kotlin.trap.gz (186 of 2515)
[2026-08-24 02:51:53] Importing SyncInfo.members#52.0-1199127600000-kotlin.trap.gz (187 of 2515)
[2026-08-24 02:51:53] Importing SyncRequest$Builder.members#52.0-1199127600000-kotlin.trap.gz (188 of 2515)
[2026-08-24 02:51:53] Importing SyncRequest.members#52.0-1199127600000-kotlin.trap.gz (189 of 2515)
[2026-08-24 02:51:53] Importing SyncStatusObserver.members#52.0-1199127600000-kotlin.trap.gz (190 of 2515)
[2026-08-24 02:51:53] Importing UriPermission.members#52.0-1199127600000-kotlin.trap.gz (191 of 2515)
[2026-08-24 02:51:53] Importing UriRelativeFilter.members#52.0-1199127600000-kotlin.trap.gz (192 of 2515)
[2026-08-24 02:51:53] Importing UriRelativeFilterGroup.members#52.0-1199127600000-kotlin.trap.gz (193 of 2515)
[2026-08-24 02:51:53] Importing OverlayIdentifier.members#52.0-1199127600000-kotlin.trap.gz (194 of 2515)
[2026-08-24 02:51:53] Importing OverlayInfo.members#52.0-1199127600000-kotlin.trap.gz (195 of 2515)
[2026-08-24 02:51:53] Importing ActivityInfo$WindowLayout.members#52.0-1199127600000-kotlin.trap.gz (196 of 2515)
[2026-08-24 02:51:53] Importing ActivityInfo.members#52.0-1199127600000-kotlin.trap.gz (197 of 2515)
[2026-08-24 02:51:53] Importing ApkChecksum.members#52.0-1199127600000-kotlin.trap.gz (198 of 2515)
[2026-08-24 02:51:53] Importing ApplicationInfo$DisplayNameComparator.members#52.0-1199127600000-kotlin.trap.gz (199 of 2515)
[2026-08-24 02:51:53] Importing ApplicationInfo.members#52.0-1199127600000-kotlin.trap.gz (200 of 2515)
[2026-08-24 02:51:53] Importing ArchivedActivityInfo.members#52.0-1199127600000-kotlin.trap.gz (201 of 2515)
[2026-08-24 02:51:53] Importing ArchivedPackageInfo.members#52.0-1199127600000-kotlin.trap.gz (202 of 2515)
[2026-08-24 02:51:53] Importing Attribution.members#52.0-1199127600000-kotlin.trap.gz (203 of 2515)
[2026-08-24 02:51:53] Importing ChangedPackages.members#52.0-1199127600000-kotlin.trap.gz (204 of 2515)
[2026-08-24 02:51:53] Importing Checksum.members#52.0-1199127600000-kotlin.trap.gz (205 of 2515)
[2026-08-24 02:51:53] Importing ComponentInfo.members#52.0-1199127600000-kotlin.trap.gz (206 of 2515)
[2026-08-24 02:51:53] Importing ConfigurationInfo.members#52.0-1199127600000-kotlin.trap.gz (207 of 2515)
[2026-08-24 02:51:53] Importing FeatureGroupInfo.members#52.0-1199127600000-kotlin.trap.gz (208 of 2515)
[2026-08-24 02:51:53] Importing FeatureInfo.members#52.0-1199127600000-kotlin.trap.gz (209 of 2515)
[2026-08-24 02:51:53] Importing InstallSourceInfo.members#52.0-1199127600000-kotlin.trap.gz (210 of 2515)
[2026-08-24 02:51:53] Importing InstrumentationInfo.members#52.0-1199127600000-kotlin.trap.gz (211 of 2515)
[2026-08-24 02:51:53] Importing ModuleInfo.members#52.0-1199127600000-kotlin.trap.gz (212 of 2515)
[2026-08-24 02:51:53] Importing PackageInfo.members#52.0-1199127600000-kotlin.trap.gz (213 of 2515)
[2026-08-24 02:51:53] Importing PackageInstaller$InstallConstraints$Builder.members#52.0-1199127600000-kotlin.trap.gz (214 of 2515)
[2026-08-24 02:51:53] Importing PackageInstaller$InstallConstraints.members#52.0-1199127600000-kotlin.trap.gz (215 of 2515)
[2026-08-24 02:51:53] Importing PackageInstaller$InstallConstraintsResult.members#52.0-1199127600000-kotlin.trap.gz (216 of 2515)
[2026-08-24 02:51:53] Importing PackageInstaller$PreapprovalDetails$Builder.members#52.0-1199127600000-kotlin.trap.gz (217 of 2515)
[2026-08-24 02:51:53] Importing PackageInstaller$PreapprovalDetails.members#52.0-1199127600000-kotlin.trap.gz (218 of 2515)
[2026-08-24 02:51:53] Importing PackageInstaller$Session.members#52.0-1199127600000-kotlin.trap.gz (219 of 2515)
[2026-08-24 02:51:53] Importing PackageInstaller$SessionCallback.members#52.0-1199127600000-kotlin.trap.gz (220 of 2515)
[2026-08-24 02:51:53] Importing PackageInstaller$SessionInfo.members#52.0-1199127600000-kotlin.trap.gz (221 of 2515)
[2026-08-24 02:51:53] Importing PackageInstaller$SessionParams.members#52.0-1199127600000-kotlin.trap.gz (222 of 2515)
[2026-08-24 02:51:53] Importing PackageInstaller$UnarchivalState.members#52.0-1199127600000-kotlin.trap.gz (223 of 2515)
[2026-08-24 02:51:53] Importing PackageInstaller.members#52.0-1199127600000-kotlin.trap.gz (224 of 2515)
[2026-08-24 02:51:53] Importing PackageItemInfo$DisplayNameComparator.members#52.0-1199127600000-kotlin.trap.gz (225 of 2515)
[2026-08-24 02:51:53] Importing PackageItemInfo.members#52.0-1199127600000-kotlin.trap.gz (226 of 2515)
[2026-08-24 02:51:53] Importing PackageManager$ApplicationInfoFlags.members#52.0-1199127600000-kotlin.trap.gz (227 of 2515)
[2026-08-24 02:51:53] Importing PackageManager$ComponentEnabledSetting.members#52.0-1199127600000-kotlin.trap.gz (228 of 2515)
[2026-08-24 02:51:53] Importing PackageManager$ComponentInfoFlags.members#52.0-1199127600000-kotlin.trap.gz (229 of 2515)
[2026-08-24 02:51:53] Importing PackageManager$NameNotFoundException.members#52.0-1199127600000-kotlin.trap.gz (230 of 2515)
[2026-08-24 02:51:53] Importing PackageManager$OnChecksumsReadyListener.members#52.0-1199127600000-kotlin.trap.gz (231 of 2515)
[2026-08-24 02:51:53] Importing PackageManager$PackageInfoFlags.members#52.0-1199127600000-kotlin.trap.gz (232 of 2515)
[2026-08-24 02:51:53] Importing PackageManager$Property.members#52.0-1199127600000-kotlin.trap.gz (233 of 2515)
[2026-08-24 02:51:53] Importing PackageManager$ResolveInfoFlags.members#52.0-1199127600000-kotlin.trap.gz (234 of 2515)
[2026-08-24 02:51:53] Importing PackageManager.members#52.0-1199127600000-kotlin.trap.gz (235 of 2515)
[2026-08-24 02:51:53] Importing PathPermission.members#52.0-1199127600000-kotlin.trap.gz (236 of 2515)
[2026-08-24 02:51:53] Importing PermissionGroupInfo.members#52.0-1199127600000-kotlin.trap.gz (237 of 2515)
[2026-08-24 02:51:53] Importing PermissionInfo.members#52.0-1199127600000-kotlin.trap.gz (238 of 2515)
[2026-08-24 02:51:53] Importing ProviderInfo.members#52.0-1199127600000-kotlin.trap.gz (239 of 2515)
[2026-08-24 02:51:53] Importing ResolveInfo$DisplayNameComparator.members#52.0-1199127600000-kotlin.trap.gz (240 of 2515)
[2026-08-24 02:51:53] Importing ResolveInfo.members#52.0-1199127600000-kotlin.trap.gz (241 of 2515)
[2026-08-24 02:51:53] Importing ServiceInfo.members#52.0-1199127600000-kotlin.trap.gz (242 of 2515)
[2026-08-24 02:51:53] Importing SharedLibraryInfo.members#52.0-1199127600000-kotlin.trap.gz (243 of 2515)
[2026-08-24 02:51:53] Importing Signature.members#52.0-1199127600000-kotlin.trap.gz (244 of 2515)
[2026-08-24 02:51:53] Importing SigningInfo.members#52.0-1199127600000-kotlin.trap.gz (245 of 2515)
[2026-08-24 02:51:53] Importing VersionedPackage.members#52.0-1199127600000-kotlin.trap.gz (246 of 2515)
[2026-08-24 02:51:53] Importing AssetFileDescriptor$AutoCloseInputStream.members#52.0-1199127600000-kotlin.trap.gz (247 of 2515)
[2026-08-24 02:51:53] Importing AssetFileDescriptor$AutoCloseOutputStream.members#52.0-1199127600000-kotlin.trap.gz (248 of 2515)
[2026-08-24 02:51:53] Importing AssetFileDescriptor.members#52.0-1199127600000-kotlin.trap.gz (249 of 2515)
[2026-08-24 02:51:53] Importing AssetManager$AssetInputStream.members#52.0-1199127600000-kotlin.trap.gz (250 of 2515)
[2026-08-24 02:51:53] Importing AssetManager.members#52.0-1199127600000-kotlin.trap.gz (251 of 2515)
[2026-08-24 02:51:53] Importing ColorStateList.members#52.0-1199127600000-kotlin.trap.gz (252 of 2515)
[2026-08-24 02:51:53] Importing Configuration.members#52.0-1199127600000-kotlin.trap.gz (253 of 2515)
[2026-08-24 02:51:53] Importing Resources$NotFoundException.members#52.0-1199127600000-kotlin.trap.gz (254 of 2515)
[2026-08-24 02:51:53] Importing Resources$Theme.members#52.0-1199127600000-kotlin.trap.gz (255 of 2515)
[2026-08-24 02:51:53] Importing Resources.members#52.0-1199127600000-kotlin.trap.gz (256 of 2515)
[2026-08-24 02:51:53] Importing TypedArray.members#52.0-1199127600000-kotlin.trap.gz (257 of 2515)
[2026-08-24 02:51:53] Importing XmlResourceParser.members#52.0-1199127600000-kotlin.trap.gz (258 of 2515)
[2026-08-24 02:51:53] Importing AssetsProvider.members#52.0-1199127600000-kotlin.trap.gz (259 of 2515)
[2026-08-24 02:51:53] Importing ResourcesLoader.members#52.0-1199127600000-kotlin.trap.gz (260 of 2515)
[2026-08-24 02:51:53] Importing ResourcesProvider.members#52.0-1199127600000-kotlin.trap.gz (261 of 2515)
[2026-08-24 02:51:53] Importing Credential.members#52.0-1199127600000-kotlin.trap.gz (262 of 2515)
[2026-08-24 02:51:53] Importing CredentialOption$Builder.members#52.0-1199127600000-kotlin.trap.gz (263 of 2515)
[2026-08-24 02:51:53] Importing CredentialOption.members#52.0-1199127600000-kotlin.trap.gz (264 of 2515)
[2026-08-24 02:51:53] Importing GetCredentialException.members#52.0-1199127600000-kotlin.trap.gz (265 of 2515)
[2026-08-24 02:51:53] Importing GetCredentialRequest$Builder.members#52.0-1199127600000-kotlin.trap.gz (266 of 2515)
[2026-08-24 02:51:53] Importing GetCredentialRequest.members#52.0-1199127600000-kotlin.trap.gz (267 of 2515)
[2026-08-24 02:51:53] Importing GetCredentialResponse.members#52.0-1199127600000-kotlin.trap.gz (268 of 2515)
[2026-08-24 02:51:53] Importing CharArrayBuffer.members#52.0-1199127600000-kotlin.trap.gz (269 of 2515)
[2026-08-24 02:51:53] Importing ContentObserver.members#52.0-1199127600000-kotlin.trap.gz (270 of 2515)
[2026-08-24 02:51:53] Importing Cursor.members#52.0-1199127600000-kotlin.trap.gz (271 of 2515)
[2026-08-24 02:51:53] Importing DataSetObserver.members#52.0-1199127600000-kotlin.trap.gz (272 of 2515)
[2026-08-24 02:51:53] Importing DatabaseErrorHandler.members#52.0-1199127600000-kotlin.trap.gz (273 of 2515)
[2026-08-24 02:51:53] Importing SQLiteClosable.members#52.0-1199127600000-kotlin.trap.gz (274 of 2515)
[2026-08-24 02:51:53] Importing SQLiteCursorDriver.members#52.0-1199127600000-kotlin.trap.gz (275 of 2515)
[2026-08-24 02:51:53] Importing SQLiteDatabase$CursorFactory.members#52.0-1199127600000-kotlin.trap.gz (276 of 2515)
[2026-08-24 02:51:53] Importing SQLiteDatabase$OpenParams$Builder.members#52.0-1199127600000-kotlin.trap.gz (277 of 2515)
[2026-08-24 02:51:53] Importing SQLiteDatabase$OpenParams.members#52.0-1199127600000-kotlin.trap.gz (278 of 2515)
[2026-08-24 02:51:53] Importing SQLiteDatabase.members#52.0-1199127600000-kotlin.trap.gz (279 of 2515)
[2026-08-24 02:51:53] Importing SQLiteProgram.members#52.0-1199127600000-kotlin.trap.gz (280 of 2515)
[2026-08-24 02:51:53] Importing SQLiteQuery.members#52.0-1199127600000-kotlin.trap.gz (281 of 2515)
[2026-08-24 02:51:53] Importing SQLiteRawStatement.members#52.0-1199127600000-kotlin.trap.gz (282 of 2515)
[2026-08-24 02:51:53] Importing SQLiteStatement.members#52.0-1199127600000-kotlin.trap.gz (283 of 2515)
[2026-08-24 02:51:53] Importing SQLiteTransactionListener.members#52.0-1199127600000-kotlin.trap.gz (284 of 2515)
[2026-08-24 02:51:53] Importing Bitmap$CompressFormat.members#52.0-1199127600000-kotlin.trap.gz (285 of 2515)
[2026-08-24 02:51:53] Importing Bitmap$Config.members#52.0-1199127600000-kotlin.trap.gz (286 of 2515)
[2026-08-24 02:51:53] Importing Bitmap.members#52.0-1199127600000-kotlin.trap.gz (287 of 2515)
[2026-08-24 02:51:53] Importing BitmapFactory$Options.members#52.0-1199127600000-kotlin.trap.gz (288 of 2515)
[2026-08-24 02:51:53] Importing BitmapFactory.members#52.0-1199127600000-kotlin.trap.gz (289 of 2515)
[2026-08-24 02:51:53] Importing BitmapShader.members#52.0-1199127600000-kotlin.trap.gz (290 of 2515)
[2026-08-24 02:51:53] Importing BlendMode.members#52.0-1199127600000-kotlin.trap.gz (291 of 2515)
[2026-08-24 02:51:53] Importing Canvas$EdgeType.members#52.0-1199127600000-kotlin.trap.gz (292 of 2515)
[2026-08-24 02:51:53] Importing Canvas$VertexMode.members#52.0-1199127600000-kotlin.trap.gz (293 of 2515)
[2026-08-24 02:51:53] Importing Canvas.members#52.0-1199127600000-kotlin.trap.gz (294 of 2515)
[2026-08-24 02:51:53] Importing Color.members#52.0-1199127600000-kotlin.trap.gz (295 of 2515)
[2026-08-24 02:51:53] Importing ColorFilter.members#52.0-1199127600000-kotlin.trap.gz (296 of 2515)
[2026-08-24 02:51:53] Importing ColorSpace$Adaptation.members#52.0-1199127600000-kotlin.trap.gz (297 of 2515)
[2026-08-24 02:51:53] Importing ColorSpace$Connector.members#52.0-1199127600000-kotlin.trap.gz (298 of 2515)
[2026-08-24 02:51:53] Importing ColorSpace$Model.members#52.0-1199127600000-kotlin.trap.gz (299 of 2515)
[2026-08-24 02:51:53] Importing ColorSpace$Named.members#52.0-1199127600000-kotlin.trap.gz (300 of 2515)
[2026-08-24 02:51:53] Importing ColorSpace$RenderIntent.members#52.0-1199127600000-kotlin.trap.gz (301 of 2515)
[2026-08-24 02:51:53] Importing ColorSpace$Rgb$TransferParameters.members#52.0-1199127600000-kotlin.trap.gz (302 of 2515)
[2026-08-24 02:51:53] Importing ColorSpace$Rgb.members#52.0-1199127600000-kotlin.trap.gz (303 of 2515)
[2026-08-24 02:51:53] Importing ColorSpace.members#52.0-1199127600000-kotlin.trap.gz (304 of 2515)
[2026-08-24 02:51:53] Importing DrawFilter.members#52.0-1199127600000-kotlin.trap.gz (305 of 2515)
[2026-08-24 02:51:53] Importing Gainmap.members#52.0-1199127600000-kotlin.trap.gz (306 of 2515)
[2026-08-24 02:51:53] Importing Insets.members#52.0-1199127600000-kotlin.trap.gz (307 of 2515)
[2026-08-24 02:51:53] Importing MaskFilter.members#52.0-1199127600000-kotlin.trap.gz (308 of 2515)
[2026-08-24 02:51:53] Importing Matrix$ScaleToFit.members#52.0-1199127600000-kotlin.trap.gz (309 of 2515)
[2026-08-24 02:51:53] Importing Matrix.members#52.0-1199127600000-kotlin.trap.gz (310 of 2515)
[2026-08-24 02:51:53] Importing Matrix44.members#52.0-1199127600000-kotlin.trap.gz (311 of 2515)
[2026-08-24 02:51:53] Importing Mesh.members#52.0-1199127600000-kotlin.trap.gz (312 of 2515)
[2026-08-24 02:51:53] Importing MeshSpecification$Attribute.members#52.0-1199127600000-kotlin.trap.gz (313 of 2515)
[2026-08-24 02:51:53] Importing MeshSpecification$Varying.members#52.0-1199127600000-kotlin.trap.gz (314 of 2515)
[2026-08-24 02:51:53] Importing MeshSpecification.members#52.0-1199127600000-kotlin.trap.gz (315 of 2515)
[2026-08-24 02:51:53] Importing Movie.members#52.0-1199127600000-kotlin.trap.gz (316 of 2515)
[2026-08-24 02:51:53] Importing NinePatch.members#52.0-1199127600000-kotlin.trap.gz (317 of 2515)
[2026-08-24 02:51:53] Importing Outline.members#52.0-1199127600000-kotlin.trap.gz (318 of 2515)
[2026-08-24 02:51:53] Importing Paint$Align.members#52.0-1199127600000-kotlin.trap.gz (319 of 2515)
[2026-08-24 02:51:53] Importing Paint$Cap.members#52.0-1199127600000-kotlin.trap.gz (320 of 2515)
[2026-08-24 02:51:53] Importing Paint$FontMetrics.members#52.0-1199127600000-kotlin.trap.gz (321 of 2515)
[2026-08-24 02:51:53] Importing Paint$FontMetricsInt.members#52.0-1199127600000-kotlin.trap.gz (322 of 2515)
[2026-08-24 02:51:53] Importing Paint$Join.members#52.0-1199127600000-kotlin.trap.gz (323 of 2515)
[2026-08-24 02:51:53] Importing Paint$Style.members#52.0-1199127600000-kotlin.trap.gz (324 of 2515)
[2026-08-24 02:51:53] Importing Paint.members#52.0-1199127600000-kotlin.trap.gz (325 of 2515)
[2026-08-24 02:51:53] Importing Path$Direction.members#52.0-1199127600000-kotlin.trap.gz (326 of 2515)
[2026-08-24 02:51:53] Importing Path$FillType.members#52.0-1199127600000-kotlin.trap.gz (327 of 2515)
[2026-08-24 02:51:53] Importing Path$Op.members#52.0-1199127600000-kotlin.trap.gz (328 of 2515)
[2026-08-24 02:51:53] Importing Path.members#52.0-1199127600000-kotlin.trap.gz (329 of 2515)
[2026-08-24 02:51:53] Importing PathEffect.members#52.0-1199127600000-kotlin.trap.gz (330 of 2515)
[2026-08-24 02:51:53] Importing PathIterator$Segment.members#52.0-1199127600000-kotlin.trap.gz (331 of 2515)
[2026-08-24 02:51:53] Importing PathIterator.members#52.0-1199127600000-kotlin.trap.gz (332 of 2515)
[2026-08-24 02:51:53] Importing Picture.members#52.0-1199127600000-kotlin.trap.gz (333 of 2515)
[2026-08-24 02:51:53] Importing Point.members#52.0-1199127600000-kotlin.trap.gz (334 of 2515)
[2026-08-24 02:51:53] Importing PointF.members#52.0-1199127600000-kotlin.trap.gz (335 of 2515)
[2026-08-24 02:51:53] Importing PorterDuff$Mode.members#52.0-1199127600000-kotlin.trap.gz (336 of 2515)
[2026-08-24 02:51:53] Importing PorterDuff.members#52.0-1199127600000-kotlin.trap.gz (337 of 2515)
[2026-08-24 02:51:53] Importing RecordingCanvas.members#52.0-1199127600000-kotlin.trap.gz (338 of 2515)
[2026-08-24 02:51:53] Importing Rect.members#52.0-1199127600000-kotlin.trap.gz (339 of 2515)
[2026-08-24 02:51:53] Importing RectF.members#52.0-1199127600000-kotlin.trap.gz (340 of 2515)
[2026-08-24 02:51:53] Importing Region$Op.members#52.0-1199127600000-kotlin.trap.gz (341 of 2515)
[2026-08-24 02:51:53] Importing Region.members#52.0-1199127600000-kotlin.trap.gz (342 of 2515)
[2026-08-24 02:51:53] Importing RenderEffect.members#52.0-1199127600000-kotlin.trap.gz (343 of 2515)
[2026-08-24 02:51:53] Importing RenderNode.members#52.0-1199127600000-kotlin.trap.gz (344 of 2515)
[2026-08-24 02:51:53] Importing RuntimeShader.members#52.0-1199127600000-kotlin.trap.gz (345 of 2515)
[2026-08-24 02:51:53] Importing RuntimeXfermode.members#52.0-1199127600000-kotlin.trap.gz (346 of 2515)
[2026-08-24 02:51:53] Importing Shader$TileMode.members#52.0-1199127600000-kotlin.trap.gz (347 of 2515)
[2026-08-24 02:51:53] Importing Shader.members#52.0-1199127600000-kotlin.trap.gz (348 of 2515)
[2026-08-24 02:51:53] Importing SurfaceTexture$OnFrameAvailableListener.members#52.0-1199127600000-kotlin.trap.gz (349 of 2515)
[2026-08-24 02:51:53] Importing SurfaceTexture$OutOfResourcesException.members#52.0-1199127600000-kotlin.trap.gz (350 of 2515)
[2026-08-24 02:51:53] Importing SurfaceTexture.members#52.0-1199127600000-kotlin.trap.gz (351 of 2515)
[2026-08-24 02:51:53] Importing Typeface$Builder.members#52.0-1199127600000-kotlin.trap.gz (352 of 2515)
[2026-08-24 02:51:53] Importing Typeface$CustomFallbackBuilder.members#52.0-1199127600000-kotlin.trap.gz (353 of 2515)
[2026-08-24 02:51:53] Importing Typeface.members#52.0-1199127600000-kotlin.trap.gz (354 of 2515)
[2026-08-24 02:51:53] Importing Xfermode.members#52.0-1199127600000-kotlin.trap.gz (355 of 2515)
[2026-08-24 02:51:53] Importing Drawable$Callback.members#52.0-1199127600000-kotlin.trap.gz (356 of 2515)
[2026-08-24 02:51:53] Importing Drawable$ConstantState.members#52.0-1199127600000-kotlin.trap.gz (357 of 2515)
[2026-08-24 02:51:53] Importing Drawable.members#52.0-1199127600000-kotlin.trap.gz (358 of 2515)
[2026-08-24 02:51:53] Importing Icon$OnDrawableLoadedListener.members#52.0-1199127600000-kotlin.trap.gz (359 of 2515)
[2026-08-24 02:51:53] Importing Icon.members#52.0-1199127600000-kotlin.trap.gz (360 of 2515)
[2026-08-24 02:51:53] Importing Font$Builder.members#52.0-1199127600000-kotlin.trap.gz (361 of 2515)
[2026-08-24 02:51:53] Importing Font.members#52.0-1199127600000-kotlin.trap.gz (362 of 2515)
[2026-08-24 02:51:53] Importing FontFamily$Builder.members#52.0-1199127600000-kotlin.trap.gz (363 of 2515)
[2026-08-24 02:51:53] Importing FontFamily.members#52.0-1199127600000-kotlin.trap.gz (364 of 2515)
[2026-08-24 02:51:53] Importing FontStyle.members#52.0-1199127600000-kotlin.trap.gz (365 of 2515)
[2026-08-24 02:51:53] Importing FontVariationAxis.members#52.0-1199127600000-kotlin.trap.gz (366 of 2515)
[2026-08-24 02:51:53] Importing LineBreakConfig$Builder.members#52.0-1199127600000-kotlin.trap.gz (367 of 2515)
[2026-08-24 02:51:53] Importing LineBreakConfig.members#52.0-1199127600000-kotlin.trap.gz (368 of 2515)
[2026-08-24 02:51:53] Importing MeasuredText$Builder.members#52.0-1199127600000-kotlin.trap.gz (369 of 2515)
[2026-08-24 02:51:54] Importing MeasuredText.members#52.0-1199127600000-kotlin.trap.gz (370 of 2515)
[2026-08-24 02:51:54] Importing BatteryState.members#52.0-1199127600000-kotlin.trap.gz (371 of 2515)
[2026-08-24 02:51:54] Importing DisplayLuts$Entry.members#52.0-1199127600000-kotlin.trap.gz (372 of 2515)
[2026-08-24 02:51:54] Importing DisplayLuts.members#52.0-1199127600000-kotlin.trap.gz (373 of 2515)
[2026-08-24 02:51:54] Importing HardwareBuffer.members#52.0-1199127600000-kotlin.trap.gz (374 of 2515)
[2026-08-24 02:51:54] Importing LutProperties.members#52.0-1199127600000-kotlin.trap.gz (375 of 2515)
[2026-08-24 02:51:54] Importing OverlayProperties.members#52.0-1199127600000-kotlin.trap.gz (376 of 2515)
[2026-08-24 02:51:54] Importing Sensor.members#52.0-1199127600000-kotlin.trap.gz (377 of 2515)
[2026-08-24 02:51:54] Importing SensorDirectChannel.members#52.0-1199127600000-kotlin.trap.gz (378 of 2515)
[2026-08-24 02:51:54] Importing SensorEvent.members#52.0-1199127600000-kotlin.trap.gz (379 of 2515)
[2026-08-24 02:51:54] Importing SensorEventListener.members#52.0-1199127600000-kotlin.trap.gz (380 of 2515)
[2026-08-24 02:51:54] Importing SensorListener.members#52.0-1199127600000-kotlin.trap.gz (381 of 2515)
[2026-08-24 02:51:54] Importing SensorManager$DynamicSensorCallback.members#52.0-1199127600000-kotlin.trap.gz (382 of 2515)
[2026-08-24 02:51:54] Importing SensorManager.members#52.0-1199127600000-kotlin.trap.gz (383 of 2515)
[2026-08-24 02:51:54] Importing SyncFence.members#52.0-1199127600000-kotlin.trap.gz (384 of 2515)
[2026-08-24 02:51:54] Importing TriggerEvent.members#52.0-1199127600000-kotlin.trap.gz (385 of 2515)
[2026-08-24 02:51:54] Importing TriggerEventListener.members#52.0-1199127600000-kotlin.trap.gz (386 of 2515)
[2026-08-24 02:51:54] Importing DeviceProductInfo$Builder.members#52.0-1199127600000-kotlin.trap.gz (387 of 2515)
[2026-08-24 02:51:54] Importing DeviceProductInfo$EdidStructureMetadata.members#52.0-1199127600000-kotlin.trap.gz (388 of 2515)
[2026-08-24 02:51:54] Importing DeviceProductInfo.members#52.0-1199127600000-kotlin.trap.gz (389 of 2515)
[2026-08-24 02:51:54] Importing ColorSequence$Builder.members#52.0-1199127600000-kotlin.trap.gz (390 of 2515)
[2026-08-24 02:51:54] Importing ColorSequence.members#52.0-1199127600000-kotlin.trap.gz (391 of 2515)
[2026-08-24 02:51:54] Importing Light.members#52.0-1199127600000-kotlin.trap.gz (392 of 2515)
[2026-08-24 02:51:54] Importing LightState$Builder.members#52.0-1199127600000-kotlin.trap.gz (393 of 2515)
[2026-08-24 02:51:54] Importing LightState.members#52.0-1199127600000-kotlin.trap.gz (394 of 2515)
[2026-08-24 02:51:54] Importing LightsManager$LightsSession.members#52.0-1199127600000-kotlin.trap.gz (395 of 2515)
[2026-08-24 02:51:54] Importing LightsManager.members#52.0-1199127600000-kotlin.trap.gz (396 of 2515)
[2026-08-24 02:51:54] Importing LightsRequest$Builder.members#52.0-1199127600000-kotlin.trap.gz (397 of 2515)
[2026-08-24 02:51:54] Importing LightsRequest.members#52.0-1199127600000-kotlin.trap.gz (398 of 2515)
[2026-08-24 02:51:54] Importing MultiLightEffect$Builder.members#52.0-1199127600000-kotlin.trap.gz (399 of 2515)
[2026-08-24 02:51:54] Importing MultiLightEffect.members#52.0-1199127600000-kotlin.trap.gz (400 of 2515)
[2026-08-24 02:51:54] Importing ULocale$AvailableType.members#52.0-1199127600000-kotlin.trap.gz (401 of 2515)
[2026-08-24 02:51:54] Importing ULocale$Builder.members#52.0-1199127600000-kotlin.trap.gz (402 of 2515)
[2026-08-24 02:51:54] Importing ULocale$Category.members#52.0-1199127600000-kotlin.trap.gz (403 of 2515)
[2026-08-24 02:51:54] Importing ULocale.members#52.0-1199127600000-kotlin.trap.gz (404 of 2515)
[2026-08-24 02:51:54] Importing ApplicationMediaCapabilities$Builder.members#52.0-1199127600000-kotlin.trap.gz (405 of 2515)
[2026-08-24 02:51:54] Importing ApplicationMediaCapabilities.members#52.0-1199127600000-kotlin.trap.gz (406 of 2515)
[2026-08-24 02:51:54] Importing AudioAttributes$Builder.members#52.0-1199127600000-kotlin.trap.gz (407 of 2515)
[2026-08-24 02:51:54] Importing AudioAttributes.members#52.0-1199127600000-kotlin.trap.gz (408 of 2515)
[2026-08-24 02:51:54] Importing MediaDescription$Builder.members#52.0-1199127600000-kotlin.trap.gz (409 of 2515)
[2026-08-24 02:51:54] Importing MediaDescription.members#52.0-1199127600000-kotlin.trap.gz (410 of 2515)
[2026-08-24 02:51:54] Importing MediaMetadata$Builder.members#52.0-1199127600000-kotlin.trap.gz (411 of 2515)
[2026-08-24 02:51:54] Importing MediaMetadata.members#52.0-1199127600000-kotlin.trap.gz (412 of 2515)
[2026-08-24 02:51:54] Importing Rating.members#52.0-1199127600000-kotlin.trap.gz (413 of 2515)
[2026-08-24 02:51:54] Importing Session2Token.members#52.0-1199127600000-kotlin.trap.gz (414 of 2515)
[2026-08-24 02:51:54] Importing VolumeProvider.members#52.0-1199127600000-kotlin.trap.gz (415 of 2515)
[2026-08-24 02:51:54] Importing MediaController$Callback.members#52.0-1199127600000-kotlin.trap.gz (416 of 2515)
[2026-08-24 02:51:54] Importing MediaController$PlaybackInfo.members#52.0-1199127600000-kotlin.trap.gz (417 of 2515)
[2026-08-24 02:51:54] Importing MediaController$TransportControls.members#52.0-1199127600000-kotlin.trap.gz (418 of 2515)
[2026-08-24 02:51:54] Importing MediaController.members#52.0-1199127600000-kotlin.trap.gz (419 of 2515)
[2026-08-24 02:51:54] Importing MediaSession$Callback.members#52.0-1199127600000-kotlin.trap.gz (420 of 2515)
[2026-08-24 02:51:54] Importing MediaSession$QueueItem.members#52.0-1199127600000-kotlin.trap.gz (421 of 2515)
[2026-08-24 02:51:54] Importing MediaSession$Token.members#52.0-1199127600000-kotlin.trap.gz (422 of 2515)
[2026-08-24 02:51:54] Importing MediaSession.members#52.0-1199127600000-kotlin.trap.gz (423 of 2515)
[2026-08-24 02:51:54] Importing MediaSessionManager$OnActiveSessionsChangedListener.members#52.0-1199127600000-kotlin.trap.gz (424 of 2515)
[2026-08-24 02:51:54] Importing MediaSessionManager$OnMediaKeyEventSessionChangedListener.members#52.0-1199127600000-kotlin.trap.gz (425 of 2515)
[2026-08-24 02:51:54] Importing MediaSessionManager$OnSession2TokensChangedListener.members#52.0-1199127600000-kotlin.trap.gz (426 of 2515)
[2026-08-24 02:51:54] Importing MediaSessionManager$RemoteUserInfo.members#52.0-1199127600000-kotlin.trap.gz (427 of 2515)
[2026-08-24 02:51:54] Importing MediaSessionManager.members#52.0-1199127600000-kotlin.trap.gz (428 of 2515)
[2026-08-24 02:51:54] Importing PlaybackState$Builder.members#52.0-1199127600000-kotlin.trap.gz (429 of 2515)
[2026-08-24 02:51:54] Importing PlaybackState$CustomAction$Builder.members#52.0-1199127600000-kotlin.trap.gz (430 of 2515)
[2026-08-24 02:51:54] Importing PlaybackState$CustomAction.members#52.0-1199127600000-kotlin.trap.gz (431 of 2515)
[2026-08-24 02:51:54] Importing PlaybackState.members#52.0-1199127600000-kotlin.trap.gz (432 of 2515)
[2026-08-24 02:51:54] Importing Uri$Builder.members#52.0-1199127600000-kotlin.trap.gz (433 of 2515)
[2026-08-24 02:51:54] Importing Uri.members#52.0-1199127600000-kotlin.trap.gz (434 of 2515)
[2026-08-24 02:51:54] Importing BaseBundle.members#52.0-1199127600000-kotlin.trap.gz (435 of 2515)
[2026-08-24 02:51:54] Importing Binder.members#52.0-1199127600000-kotlin.trap.gz (436 of 2515)
[2026-08-24 02:51:54] Importing Build$Partition.members#52.0-1199127600000-kotlin.trap.gz (437 of 2515)
[2026-08-24 02:51:54] Importing Build$VERSION.members#52.0-1199127600000-kotlin.trap.gz (438 of 2515)
[2026-08-24 02:51:54] Importing Build$VERSION_CODES.members#52.0-1199127600000-kotlin.trap.gz (439 of 2515)
[2026-08-24 02:51:54] Importing Build$VERSION_CODES_FULL.members#52.0-1199127600000-kotlin.trap.gz (440 of 2515)
[2026-08-24 02:51:54] Importing Build.members#52.0-1199127600000-kotlin.trap.gz (441 of 2515)
[2026-08-24 02:51:54] Importing Bundle.members#52.0-1199127600000-kotlin.trap.gz (442 of 2515)
[2026-08-24 02:51:54] Importing CancellationSignal$OnCancelListener.members#52.0-1199127600000-kotlin.trap.gz (443 of 2515)
[2026-08-24 02:51:54] Importing CancellationSignal.members#52.0-1199127600000-kotlin.trap.gz (444 of 2515)
[2026-08-24 02:51:54] Importing CombinedVibration$ParallelCombination.members#52.0-1199127600000-kotlin.trap.gz (445 of 2515)
[2026-08-24 02:51:54] Importing CombinedVibration.members#52.0-1199127600000-kotlin.trap.gz (446 of 2515)
[2026-08-24 02:51:54] Importing Debug$InstructionCount.members#52.0-1199127600000-kotlin.trap.gz (447 of 2515)
[2026-08-24 02:51:54] Importing Debug$MemoryInfo.members#52.0-1199127600000-kotlin.trap.gz (448 of 2515)
[2026-08-24 02:51:54] Importing Debug.members#52.0-1199127600000-kotlin.trap.gz (449 of 2515)
[2026-08-24 02:51:54] Importing Handler$Callback.members#52.0-1199127600000-kotlin.trap.gz (450 of 2515)
[2026-08-24 02:51:54] Importing Handler.members#52.0-1199127600000-kotlin.trap.gz (451 of 2515)
[2026-08-24 02:51:54] Importing IBinder$DeathRecipient.members#52.0-1199127600000-kotlin.trap.gz (452 of 2515)
[2026-08-24 02:51:54] Importing IBinder$FrozenStateChangeCallback.members#52.0-1199127600000-kotlin.trap.gz (453 of 2515)
[2026-08-24 02:51:54] Importing IBinder.members#52.0-1199127600000-kotlin.trap.gz (454 of 2515)
[2026-08-24 02:51:54] Importing IInterface.members#52.0-1199127600000-kotlin.trap.gz (455 of 2515)
[2026-08-24 02:51:54] Importing LocaleList.members#52.0-1199127600000-kotlin.trap.gz (456 of 2515)
[2026-08-24 02:51:54] Importing Looper.members#52.0-1199127600000-kotlin.trap.gz (457 of 2515)
[2026-08-24 02:51:54] Importing MemoryFile.members#52.0-1199127600000-kotlin.trap.gz (458 of 2515)
[2026-08-24 02:51:54] Importing Message.members#52.0-1199127600000-kotlin.trap.gz (459 of 2515)
[2026-08-24 02:51:54] Importing MessageQueue$IdleHandler.members#52.0-1199127600000-kotlin.trap.gz (460 of 2515)
[2026-08-24 02:51:54] Importing MessageQueue$OnFileDescriptorEventListener.members#52.0-1199127600000-kotlin.trap.gz (461 of 2515)
[2026-08-24 02:51:54] Importing MessageQueue.members#52.0-1199127600000-kotlin.trap.gz (462 of 2515)
[2026-08-24 02:51:54] Importing Messenger.members#52.0-1199127600000-kotlin.trap.gz (463 of 2515)
[2026-08-24 02:51:54] Importing OutcomeReceiver.members#52.0-1199127600000-kotlin.trap.gz (464 of 2515)
[2026-08-24 02:51:54] Importing Parcel.members#52.0-1199127600000-kotlin.trap.gz (465 of 2515)
[2026-08-24 02:51:54] Importing ParcelFileDescriptor$AutoCloseInputStream.members#52.0-1199127600000-kotlin.trap.gz (466 of 2515)
[2026-08-24 02:51:54] Importing ParcelFileDescriptor$AutoCloseOutputStream.members#52.0-1199127600000-kotlin.trap.gz (467 of 2515)
[2026-08-24 02:51:54] Importing ParcelFileDescriptor$FileDescriptorDetachedException.members#52.0-1199127600000-kotlin.trap.gz (468 of 2515)
[2026-08-24 02:51:54] Importing ParcelFileDescriptor$OnCloseListener.members#52.0-1199127600000-kotlin.trap.gz (469 of 2515)
[2026-08-24 02:51:54] Importing ParcelFileDescriptor.members#52.0-1199127600000-kotlin.trap.gz (470 of 2515)
[2026-08-24 02:51:54] Importing Parcelable$ClassLoaderCreator.members#52.0-1199127600000-kotlin.trap.gz (471 of 2515)
[2026-08-24 02:51:54] Importing Parcelable$Creator.members#52.0-1199127600000-kotlin.trap.gz (472 of 2515)
[2026-08-24 02:51:54] Importing Parcelable.members#52.0-1199127600000-kotlin.trap.gz (473 of 2515)
[2026-08-24 02:51:54] Importing PatternMatcher.members#52.0-1199127600000-kotlin.trap.gz (474 of 2515)
[2026-08-24 02:51:54] Importing PersistableBundle.members#52.0-1199127600000-kotlin.trap.gz (475 of 2515)
[2026-08-24 02:51:54] Importing Process.members#52.0-1199127600000-kotlin.trap.gz (476 of 2515)
[2026-08-24 02:51:54] Importing ResultReceiver.members#52.0-1199127600000-kotlin.trap.gz (477 of 2515)
[2026-08-24 02:51:54] Importing UserHandle.members#52.0-1199127600000-kotlin.trap.gz (478 of 2515)
[2026-08-24 02:51:54] Importing VibrationAttributes$Builder.members#52.0-1199127600000-kotlin.trap.gz (479 of 2515)
[2026-08-24 02:51:54] Importing VibrationAttributes.members#52.0-1199127600000-kotlin.trap.gz (480 of 2515)
[2026-08-24 02:51:54] Importing VibrationEffect$BasicEnvelopeBuilder.members#52.0-1199127600000-kotlin.trap.gz (481 of 2515)
[2026-08-24 02:51:54] Importing VibrationEffect$Composition.members#52.0-1199127600000-kotlin.trap.gz (482 of 2515)
[2026-08-24 02:51:54] Importing VibrationEffect$WaveformEnvelopeBuilder.members#52.0-1199127600000-kotlin.trap.gz (483 of 2515)
[2026-08-24 02:51:54] Importing VibrationEffect.members#52.0-1199127600000-kotlin.trap.gz (484 of 2515)
[2026-08-24 02:51:54] Importing Vibrator.members#52.0-1199127600000-kotlin.trap.gz (485 of 2515)
[2026-08-24 02:51:54] Importing VibratorManager.members#52.0-1199127600000-kotlin.trap.gz (486 of 2515)
[2026-08-24 02:51:54] Importing HapticFeedbackRequest$Builder.members#52.0-1199127600000-kotlin.trap.gz (487 of 2515)
[2026-08-24 02:51:54] Importing HapticFeedbackRequest.members#52.0-1199127600000-kotlin.trap.gz (488 of 2515)
[2026-08-24 02:51:54] Importing VibratorEnvelopeEffectInfo.members#52.0-1199127600000-kotlin.trap.gz (489 of 2515)
[2026-08-24 02:51:54] Importing VibratorFrequencyProfile.members#52.0-1199127600000-kotlin.trap.gz (490 of 2515)
[2026-08-24 02:51:54] Importing Int64Ref.members#52.0-1199127600000-kotlin.trap.gz (491 of 2515)
[2026-08-24 02:51:54] Importing Os.members#52.0-1199127600000-kotlin.trap.gz (492 of 2515)
[2026-08-24 02:51:54] Importing StructCmsghdr.members#52.0-1199127600000-kotlin.trap.gz (493 of 2515)
[2026-08-24 02:51:54] Importing StructDlInfo.members#52.0-1199127600000-kotlin.trap.gz (494 of 2515)
[2026-08-24 02:51:54] Importing StructMsghdr.members#52.0-1199127600000-kotlin.trap.gz (495 of 2515)
[2026-08-24 02:51:54] Importing StructPollfd.members#52.0-1199127600000-kotlin.trap.gz (496 of 2515)
[2026-08-24 02:51:54] Importing StructStat.members#52.0-1199127600000-kotlin.trap.gz (497 of 2515)
[2026-08-24 02:51:54] Importing StructStatVfs.members#52.0-1199127600000-kotlin.trap.gz (498 of 2515)
[2026-08-24 02:51:54] Importing StructTimespec.members#52.0-1199127600000-kotlin.trap.gz (499 of 2515)
[2026-08-24 02:51:54] Importing StructTimeval.members#52.0-1199127600000-kotlin.trap.gz (500 of 2515)
[2026-08-24 02:51:54] Importing StructUtsname.members#52.0-1199127600000-kotlin.trap.gz (501 of 2515)
[2026-08-24 02:51:54] Importing Annotation.members#52.0-1199127600000-kotlin.trap.gz (502 of 2515)
[2026-08-24 02:51:54] Importing ClipboardManager.members#52.0-1199127600000-kotlin.trap.gz (503 of 2515)
[2026-08-24 02:51:54] Importing InputType.members#52.0-1199127600000-kotlin.trap.gz (504 of 2515)
[2026-08-24 02:51:54] Importing Layout$Alignment.members#52.0-1199127600000-kotlin.trap.gz (505 of 2515)
[2026-08-24 02:51:54] Importing Layout$Builder.members#52.0-1199127600000-kotlin.trap.gz (506 of 2515)
[2026-08-24 02:51:54] Importing Layout$Directions.members#52.0-1199127600000-kotlin.trap.gz (507 of 2515)
[2026-08-24 02:51:54] Importing Layout$TextInclusionStrategy.members#52.0-1199127600000-kotlin.trap.gz (508 of 2515)
[2026-08-24 02:51:54] Importing Layout.members#52.0-1199127600000-kotlin.trap.gz (509 of 2515)
[2026-08-24 02:51:54] Importing ParcelableSpan.members#52.0-1199127600000-kotlin.trap.gz (510 of 2515)
[2026-08-24 02:51:54] Importing SegmentFinder$PrescribedSegmentFinder.members#52.0-1199127600000-kotlin.trap.gz (511 of 2515)
[2026-08-24 02:51:54] Importing SegmentFinder.members#52.0-1199127600000-kotlin.trap.gz (512 of 2515)
[2026-08-24 02:51:54] Importing Spannable$Factory.members#52.0-1199127600000-kotlin.trap.gz (513 of 2515)
[2026-08-24 02:51:54] Importing Spannable.members#52.0-1199127600000-kotlin.trap.gz (514 of 2515)
[2026-08-24 02:51:54] Importing Spanned.members#52.0-1199127600000-kotlin.trap.gz (515 of 2515)
[2026-08-24 02:51:54] Importing TextDirectionHeuristic.members#52.0-1199127600000-kotlin.trap.gz (516 of 2515)
[2026-08-24 02:51:54] Importing TextPaint.members#52.0-1199127600000-kotlin.trap.gz (517 of 2515)
[2026-08-24 02:51:54] Importing TextUtils$EllipsizeCallback.members#52.0-1199127600000-kotlin.trap.gz (518 of 2515)
[2026-08-24 02:51:54] Importing TextUtils$SimpleStringSplitter.members#52.0-1199127600000-kotlin.trap.gz (519 of 2515)
[2026-08-24 02:51:54] Importing TextUtils$StringSplitter.members#52.0-1199127600000-kotlin.trap.gz (520 of 2515)
[2026-08-24 02:51:54] Importing TextUtils$TruncateAt.members#52.0-1199127600000-kotlin.trap.gz (521 of 2515)
[2026-08-24 02:51:54] Importing TextUtils.members#52.0-1199127600000-kotlin.trap.gz (522 of 2515)
[2026-08-24 02:51:54] Importing CharacterStyle.members#52.0-1199127600000-kotlin.trap.gz (523 of 2515)
[2026-08-24 02:51:54] Importing ClickableSpan.members#52.0-1199127600000-kotlin.trap.gz (524 of 2515)
[2026-08-24 02:51:54] Importing UpdateAppearance.members#52.0-1199127600000-kotlin.trap.gz (525 of 2515)
[2026-08-24 02:51:54] Importing PathMotion.members#52.0-1199127600000-kotlin.trap.gz (526 of 2515)
[2026-08-24 02:51:54] Importing Scene.members#52.0-1199127600000-kotlin.trap.gz (527 of 2515)
[2026-08-24 02:51:54] Importing Transition$EpicenterCallback.members#52.0-1199127600000-kotlin.trap.gz (528 of 2515)
[2026-08-24 02:51:54] Importing Transition$TransitionListener.members#52.0-1199127600000-kotlin.trap.gz (529 of 2515)
[2026-08-24 02:51:54] Importing Transition.members#52.0-1199127600000-kotlin.trap.gz (530 of 2515)
[2026-08-24 02:51:54] Importing TransitionManager.members#52.0-1199127600000-kotlin.trap.gz (531 of 2515)
[2026-08-24 02:51:54] Importing TransitionPropagation.members#52.0-1199127600000-kotlin.trap.gz (532 of 2515)
[2026-08-24 02:51:54] Importing TransitionValues.members#52.0-1199127600000-kotlin.trap.gz (533 of 2515)
[2026-08-24 02:51:54] Importing AndroidException.members#52.0-1199127600000-kotlin.trap.gz (534 of 2515)
[2026-08-24 02:51:54] Importing AndroidRuntimeException.members#52.0-1199127600000-kotlin.trap.gz (535 of 2515)
[2026-08-24 02:51:54] Importing ArrayMap.members#52.0-1199127600000-kotlin.trap.gz (536 of 2515)
[2026-08-24 02:51:54] Importing AttributeSet.members#52.0-1199127600000-kotlin.trap.gz (537 of 2515)
[2026-08-24 02:51:54] Importing DisplayMetrics.members#52.0-1199127600000-kotlin.trap.gz (538 of 2515)
[2026-08-24 02:51:54] Importing Log.members#52.0-1199127600000-kotlin.trap.gz (539 of 2515)
[2026-08-24 02:51:54] Importing LongSparseArray.members#52.0-1199127600000-kotlin.trap.gz (540 of 2515)
[2026-08-24 02:51:54] Importing Pair.members#52.0-1199127600000-kotlin.trap.gz (541 of 2515)
[2026-08-24 02:51:54] Importing Printer.members#52.0-1199127600000-kotlin.trap.gz (542 of 2515)
[2026-08-24 02:51:54] Importing Property.members#52.0-1199127600000-kotlin.trap.gz (543 of 2515)
[2026-08-24 02:51:54] Importing Range.members#52.0-1199127600000-kotlin.trap.gz (544 of 2515)
[2026-08-24 02:51:54] Importing Rational.members#52.0-1199127600000-kotlin.trap.gz (545 of 2515)
[2026-08-24 02:51:54] Importing Size.members#52.0-1199127600000-kotlin.trap.gz (546 of 2515)
[2026-08-24 02:51:54] Importing SizeF.members#52.0-1199127600000-kotlin.trap.gz (547 of 2515)
[2026-08-24 02:51:54] Importing SparseArray.members#52.0-1199127600000-kotlin.trap.gz (548 of 2515)
[2026-08-24 02:51:54] Importing SparseBooleanArray.members#52.0-1199127600000-kotlin.trap.gz (549 of 2515)
[2026-08-24 02:51:54] Importing TypedValue.members#52.0-1199127600000-kotlin.trap.gz (550 of 2515)
[2026-08-24 02:51:54] Importing AbsSavedState.members#52.0-1199127600000-kotlin.trap.gz (551 of 2515)
[2026-08-24 02:51:54] Importing ActionMode$Callback.members#52.0-1199127600000-kotlin.trap.gz (552 of 2515)
[2026-08-24 02:51:54] Importing ActionMode$Callback2.members#52.0-1199127600000-kotlin.trap.gz (553 of 2515)
[2026-08-24 02:51:54] Importing ActionMode.members#52.0-1199127600000-kotlin.trap.gz (554 of 2515)
[2026-08-24 02:51:54] Importing ActionProvider$VisibilityListener.members#52.0-1199127600000-kotlin.trap.gz (555 of 2515)
[2026-08-24 02:51:54] Importing ActionProvider.members#52.0-1199127600000-kotlin.trap.gz (556 of 2515)
[2026-08-24 02:51:54] Importing AttachedSurfaceControl$OnBufferTransformHintChangedListener.members#52.0-1199127600000-kotlin.trap.gz (557 of 2515)
[2026-08-24 02:51:54] Importing AttachedSurfaceControl.members#52.0-1199127600000-kotlin.trap.gz (558 of 2515)
[2026-08-24 02:51:54] Importing Choreographer$FrameCallback.members#52.0-1199127600000-kotlin.trap.gz (559 of 2515)
[2026-08-24 02:51:54] Importing Choreographer$FrameData.members#52.0-1199127600000-kotlin.trap.gz (560 of 2515)
[2026-08-24 02:51:54] Importing Choreographer$FrameTimeline.members#52.0-1199127600000-kotlin.trap.gz (561 of 2515)
[2026-08-24 02:51:54] Importing Choreographer$VsyncCallback.members#52.0-1199127600000-kotlin.trap.gz (562 of 2515)
[2026-08-24 02:51:54] Importing Choreographer.members#52.0-1199127600000-kotlin.trap.gz (563 of 2515)
[2026-08-24 02:51:54] Importing ContentInfo$Builder.members#52.0-1199127600000-kotlin.trap.gz (564 of 2515)
[2026-08-24 02:51:54] Importing ContentInfo.members#52.0-1199127600000-kotlin.trap.gz (565 of 2515)
[2026-08-24 02:51:54] Importing ContextMenu$ContextMenuInfo.members#52.0-1199127600000-kotlin.trap.gz (566 of 2515)
[2026-08-24 02:51:54] Importing ContextMenu.members#52.0-1199127600000-kotlin.trap.gz (567 of 2515)
[2026-08-24 02:51:54] Importing ContextThemeWrapper.members#52.0-1199127600000-kotlin.trap.gz (568 of 2515)
[2026-08-24 02:51:54] Importing Display$HdrCapabilities.members#52.0-1199127600000-kotlin.trap.gz (569 of 2515)
[2026-08-24 02:51:54] Importing Display$Mode.members#52.0-1199127600000-kotlin.trap.gz (570 of 2515)
[2026-08-24 02:51:54] Importing Display.members#52.0-1199127600000-kotlin.trap.gz (571 of 2515)
[2026-08-24 02:51:54] Importing DisplayCutout$Builder.members#52.0-1199127600000-kotlin.trap.gz (572 of 2515)
[2026-08-24 02:51:54] Importing DisplayCutout.members#52.0-1199127600000-kotlin.trap.gz (573 of 2515)
[2026-08-24 02:51:54] Importing DisplayShape.members#52.0-1199127600000-kotlin.trap.gz (574 of 2515)
[2026-08-24 02:51:54] Importing DragAndDropPermissions.members#52.0-1199127600000-kotlin.trap.gz (575 of 2515)
[2026-08-24 02:51:54] Importing DragEvent.members#52.0-1199127600000-kotlin.trap.gz (576 of 2515)
[2026-08-24 02:51:54] Importing FrameMetrics.members#52.0-1199127600000-kotlin.trap.gz (577 of 2515)
[2026-08-24 02:51:54] Importing FrameRateVelocityPoint.members#52.0-1199127600000-kotlin.trap.gz (578 of 2515)
[2026-08-24 02:51:54] Importing InputDevice$MotionRange.members#52.0-1199127600000-kotlin.trap.gz (579 of 2515)
[2026-08-24 02:51:54] Importing InputDevice$ViewBehavior.members#52.0-1199127600000-kotlin.trap.gz (580 of 2515)
[2026-08-24 02:51:54] Importing InputDevice.members#52.0-1199127600000-kotlin.trap.gz (581 of 2515)
[2026-08-24 02:51:54] Importing InputEvent.members#52.0-1199127600000-kotlin.trap.gz (582 of 2515)
[2026-08-24 02:51:54] Importing InputQueue$Callback.members#52.0-1199127600000-kotlin.trap.gz (583 of 2515)
[2026-08-24 02:51:54] Importing InputQueue.members#52.0-1199127600000-kotlin.trap.gz (584 of 2515)
[2026-08-24 02:51:54] Importing KeyCharacterMap$KeyData.members#52.0-1199127600000-kotlin.trap.gz (585 of 2515)
[2026-08-24 02:51:54] Importing KeyCharacterMap$UnavailableException.members#52.0-1199127600000-kotlin.trap.gz (586 of 2515)
[2026-08-24 02:51:54] Importing KeyCharacterMap.members#52.0-1199127600000-kotlin.trap.gz (587 of 2515)
[2026-08-24 02:51:54] Importing KeyEvent$Callback.members#52.0-1199127600000-kotlin.trap.gz (588 of 2515)
[2026-08-24 02:51:54] Importing KeyEvent$DispatcherState.members#52.0-1199127600000-kotlin.trap.gz (589 of 2515)
[2026-08-24 02:51:54] Importing KeyEvent.members#52.0-1199127600000-kotlin.trap.gz (590 of 2515)
[2026-08-24 02:51:54] Importing KeyboardShortcutGroup.members#52.0-1199127600000-kotlin.trap.gz (591 of 2515)
[2026-08-24 02:51:54] Importing KeyboardShortcutInfo.members#52.0-1199127600000-kotlin.trap.gz (592 of 2515)
[2026-08-24 02:51:54] Importing LayoutInflater$Factory.members#52.0-1199127600000-kotlin.trap.gz (593 of 2515)
[2026-08-24 02:51:54] Importing LayoutInflater$Factory2.members#52.0-1199127600000-kotlin.trap.gz (594 of 2515)
[2026-08-24 02:51:54] Importing LayoutInflater$Filter.members#52.0-1199127600000-kotlin.trap.gz (595 of 2515)
[2026-08-24 02:51:54] Importing LayoutInflater.members#52.0-1199127600000-kotlin.trap.gz (596 of 2515)
[2026-08-24 02:51:54] Importing Menu.members#52.0-1199127600000-kotlin.trap.gz (597 of 2515)
[2026-08-24 02:51:54] Importing MenuInflater.members#52.0-1199127600000-kotlin.trap.gz (598 of 2515)
[2026-08-24 02:51:54] Importing MenuItem$OnActionExpandListener.members#52.0-1199127600000-kotlin.trap.gz (599 of 2515)
[2026-08-24 02:51:54] Importing MenuItem$OnMenuItemClickListener.members#52.0-1199127600000-kotlin.trap.gz (600 of 2515)
[2026-08-24 02:51:54] Importing MenuItem.members#52.0-1199127600000-kotlin.trap.gz (601 of 2515)
[2026-08-24 02:51:54] Importing MotionEvent$PointerCoords.members#52.0-1199127600000-kotlin.trap.gz (602 of 2515)
[2026-08-24 02:51:54] Importing MotionEvent$PointerProperties.members#52.0-1199127600000-kotlin.trap.gz (603 of 2515)
[2026-08-24 02:51:54] Importing MotionEvent.members#52.0-1199127600000-kotlin.trap.gz (604 of 2515)
[2026-08-24 02:53:51] Importing OnReceiveContentListener.members#52.0-1199127600000-kotlin.trap.gz (605 of 2515)
[2026-08-24 02:53:51] Importing PointerIcon.members#52.0-1199127600000-kotlin.trap.gz (606 of 2515)
[2026-08-24 02:53:51] Importing RoundedCorner.members#52.0-1199127600000-kotlin.trap.gz (607 of 2515)
[2026-08-24 02:53:51] Importing ScrollCaptureCallback.members#52.0-1199127600000-kotlin.trap.gz (608 of 2515)
[2026-08-24 02:53:51] Importing ScrollCaptureSession.members#52.0-1199127600000-kotlin.trap.gz (609 of 2515)
[2026-08-24 02:53:51] Importing ScrollCaptureTarget.members#52.0-1199127600000-kotlin.trap.gz (610 of 2515)
[2026-08-24 02:53:51] Importing SearchEvent.members#52.0-1199127600000-kotlin.trap.gz (611 of 2515)
[2026-08-24 02:53:51] Importing SubMenu.members#52.0-1199127600000-kotlin.trap.gz (612 of 2515)
[2026-08-24 02:53:51] Importing Surface$OutOfResourcesException.members#52.0-1199127600000-kotlin.trap.gz (613 of 2515)
[2026-08-24 02:53:51] Importing Surface.members#52.0-1199127600000-kotlin.trap.gz (614 of 2515)
[2026-08-24 02:53:51] Importing SurfaceControl$Builder.members#52.0-1199127600000-kotlin.trap.gz (615 of 2515)
[2026-08-24 02:53:51] Importing SurfaceControl$JankData.members#52.0-1199127600000-kotlin.trap.gz (616 of 2515)
[2026-08-24 02:53:51] Importing SurfaceControl$OnJankDataListener.members#52.0-1199127600000-kotlin.trap.gz (617 of 2515)
[2026-08-24 02:53:51] Importing SurfaceControl$OnJankDataListenerRegistration.members#52.0-1199127600000-kotlin.trap.gz (618 of 2515)
[2026-08-24 02:53:51] Importing SurfaceControl$Transaction.members#52.0-1199127600000-kotlin.trap.gz (619 of 2515)
[2026-08-24 02:53:51] Importing SurfaceControl$TransactionCommittedListener.members#52.0-1199127600000-kotlin.trap.gz (620 of 2515)
[2026-08-24 02:53:51] Importing SurfaceControl$TransactionStats.members#52.0-1199127600000-kotlin.trap.gz (621 of 2515)
[2026-08-24 02:53:51] Importing SurfaceControl$TrustedPresentationThresholds.members#52.0-1199127600000-kotlin.trap.gz (622 of 2515)
[2026-08-24 02:53:51] Importing SurfaceControl.members#52.0-1199127600000-kotlin.trap.gz (623 of 2515)
[2026-08-24 02:53:51] Importing SurfaceControlInputReceiver.members#52.0-1199127600000-kotlin.trap.gz (624 of 2515)
[2026-08-24 02:53:51] Importing SurfaceHolder$BadSurfaceTypeException.members#52.0-1199127600000-kotlin.trap.gz (625 of 2515)
[2026-08-24 02:53:51] Importing SurfaceHolder$Callback.members#52.0-1199127600000-kotlin.trap.gz (626 of 2515)
[2026-08-24 02:53:51] Importing SurfaceHolder$Callback2.members#52.0-1199127600000-kotlin.trap.gz (627 of 2515)
[2026-08-24 02:53:51] Importing SurfaceHolder.members#52.0-1199127600000-kotlin.trap.gz (628 of 2515)
[2026-08-24 02:53:51] Importing TouchDelegate.members#52.0-1199127600000-kotlin.trap.gz (629 of 2515)
[2026-08-24 02:53:51] Importing View$AccessibilityDelegate.members#52.0-1199127600000-kotlin.trap.gz (630 of 2515)
[2026-08-24 02:53:51] Importing View$BaseSavedState.members#52.0-1199127600000-kotlin.trap.gz (631 of 2515)
[2026-08-24 02:53:51] Importing View$CalledFromWrongThreadListener.members#52.0-1199127600000-kotlin.trap.gz (632 of 2515)
[2026-08-24 02:53:51] Importing View$DragShadowBuilder.members#52.0-1199127600000-kotlin.trap.gz (633 of 2515)
[2026-08-24 02:53:51] Importing View$MeasureSpec.members#52.0-1199127600000-kotlin.trap.gz (634 of 2515)
[2026-08-24 02:53:51] Importing View$OnApplyWindowInsetsListener.members#52.0-1199127600000-kotlin.trap.gz (635 of 2515)
[2026-08-24 02:53:51] Importing View$OnAttachStateChangeListener.members#52.0-1199127600000-kotlin.trap.gz (636 of 2515)
[2026-08-24 02:53:51] Importing View$OnCapturedPointerListener.members#52.0-1199127600000-kotlin.trap.gz (637 of 2515)
[2026-08-24 02:53:51] Importing View$OnClickListener.members#52.0-1199127600000-kotlin.trap.gz (638 of 2515)
[2026-08-24 02:51:54] Importing View$OnContextClickListener.members#52.0-1199127600000-kotlin.trap.gz (639 of 2515)
[2026-08-24 02:51:54] Importing View$OnCreateContextMenuListener.members#52.0-1199127600000-kotlin.trap.gz (640 of 2515)
[2026-08-24 02:51:54] Importing View$OnDragListener.members#52.0-1199127600000-kotlin.trap.gz (641 of 2515)
[2026-08-24 02:51:54] Importing View$OnFocusChangeListener.members#52.0-1199127600000-kotlin.trap.gz (642 of 2515)
[2026-08-24 02:51:54] Importing View$OnGenericMotionListener.members#52.0-1199127600000-kotlin.trap.gz (643 of 2515)
[2026-08-24 02:51:54] Importing View$OnHoverListener.members#52.0-1199127600000-kotlin.trap.gz (644 of 2515)
[2026-08-24 02:51:54] Importing View$OnKeyListener.members#52.0-1199127600000-kotlin.trap.gz (645 of 2515)
[2026-08-24 02:51:54] Importing View$OnLayoutChangeListener.members#52.0-1199127600000-kotlin.trap.gz (646 of 2515)
[2026-08-24 02:51:54] Importing View$OnLongClickListener.members#52.0-1199127600000-kotlin.trap.gz (647 of 2515)
[2026-08-24 02:51:54] Importing View$OnScrollChangeListener.members#52.0-1199127600000-kotlin.trap.gz (648 of 2515)
[2026-08-24 02:51:54] Importing View$OnSystemUiVisibilityChangeListener.members#52.0-1199127600000-kotlin.trap.gz (649 of 2515)
[2026-08-24 02:51:54] Importing View$OnTouchListener.members#52.0-1199127600000-kotlin.trap.gz (650 of 2515)
[2026-08-24 02:51:54] Importing View$OnUnhandledKeyEventListener.members#52.0-1199127600000-kotlin.trap.gz (651 of 2515)
[2026-08-24 02:51:54] Importing View.members#52.0-1199127600000-kotlin.trap.gz (652 of 2515)
[2026-08-24 02:51:54] Importing ViewDebug$CapturedViewProperty.members#52.0-1199127600000-kotlin.trap.gz (653 of 2515)
[2026-08-24 02:51:54] Importing ViewDebug$ExportedProperty.members#52.0-1199127600000-kotlin.trap.gz (654 of 2515)
[2026-08-24 02:51:54] Importing ViewDebug$FlagToString.members#52.0-1199127600000-kotlin.trap.gz (655 of 2515)
[2026-08-24 02:51:54] Importing ViewDebug$HierarchyTraceType.members#52.0-1199127600000-kotlin.trap.gz (656 of 2515)
[2026-08-24 02:51:54] Importing ViewDebug$IntToString.members#52.0-1199127600000-kotlin.trap.gz (657 of 2515)
[2026-08-24 02:51:54] Importing ViewDebug$RecyclerTraceType.members#52.0-1199127600000-kotlin.trap.gz (658 of 2515)
[2026-08-24 02:51:54] Importing ViewDebug.members#52.0-1199127600000-kotlin.trap.gz (659 of 2515)
[2026-08-24 02:51:54] Importing ViewGroup$LayoutParams.members#52.0-1199127600000-kotlin.trap.gz (660 of 2515)
[2026-08-24 02:51:54] Importing ViewGroup$MarginLayoutParams.members#52.0-1199127600000-kotlin.trap.gz (661 of 2515)
[2026-08-24 02:51:54] Importing ViewGroup$OnHierarchyChangeListener.members#52.0-1199127600000-kotlin.trap.gz (662 of 2515)
[2026-08-24 02:51:54] Importing ViewGroup.members#52.0-1199127600000-kotlin.trap.gz (663 of 2515)
[2026-08-24 02:51:54] Importing ViewGroupOverlay.members#52.0-1199127600000-kotlin.trap.gz (664 of 2515)
[2026-08-24 02:51:54] Importing ViewManager.members#52.0-1199127600000-kotlin.trap.gz (665 of 2515)
[2026-08-24 02:51:54] Importing ViewOutlineProvider.members#52.0-1199127600000-kotlin.trap.gz (666 of 2515)
[2026-08-24 02:51:54] Importing ViewOverlay.members#52.0-1199127600000-kotlin.trap.gz (667 of 2515)
[2026-08-24 02:51:54] Importing ViewParent.members#52.0-1199127600000-kotlin.trap.gz (668 of 2515)
[2026-08-24 02:51:54] Importing ViewPropertyAnimator.members#52.0-1199127600000-kotlin.trap.gz (669 of 2515)
[2026-08-24 02:51:54] Importing ViewStructure$HtmlInfo$Builder.members#52.0-1199127600000-kotlin.trap.gz (670 of 2515)
[2026-08-24 02:51:54] Importing ViewStructure$HtmlInfo.members#52.0-1199127600000-kotlin.trap.gz (671 of 2515)
[2026-08-24 02:51:54] Importing ViewStructure.members#52.0-1199127600000-kotlin.trap.gz (672 of 2515)
[2026-08-24 02:51:54] Importing ViewTreeObserver$OnDrawListener.members#52.0-1199127600000-kotlin.trap.gz (673 of 2515)
[2026-08-24 02:51:54] Importing ViewTreeObserver$OnGlobalFocusChangeListener.members#52.0-1199127600000-kotlin.trap.gz (674 of 2515)
[2026-08-24 02:51:54] Importing ViewTreeObserver$OnGlobalLayoutListener.members#52.0-1199127600000-kotlin.trap.gz (675 of 2515)
[2026-08-24 02:51:54] Importing ViewTreeObserver$OnPreDrawListener.members#52.0-1199127600000-kotlin.trap.gz (676 of 2515)
[2026-08-24 02:51:54] Importing ViewTreeObserver$OnScrollChangedListener.members#52.0-1199127600000-kotlin.trap.gz (677 of 2515)
[2026-08-24 02:51:54] Importing ViewTreeObserver$OnTouchModeChangeListener.members#52.0-1199127600000-kotlin.trap.gz (678 of 2515)
[2026-08-24 02:51:54] Importing ViewTreeObserver$OnWindowAttachListener.members#52.0-1199127600000-kotlin.trap.gz (679 of 2515)
[2026-08-24 02:51:54] Importing ViewTreeObserver$OnWindowFocusChangeListener.members#52.0-1199127600000-kotlin.trap.gz (680 of 2515)
[2026-08-24 02:51:54] Importing ViewTreeObserver$OnWindowVisibilityChangeListener.members#52.0-1199127600000-kotlin.trap.gz (681 of 2515)
[2026-08-24 02:51:55] Importing ViewTreeObserver.members#52.0-1199127600000-kotlin.trap.gz (682 of 2515)
[2026-08-24 02:51:55] Importing Window$Callback.members#52.0-1199127600000-kotlin.trap.gz (683 of 2515)
[2026-08-24 02:51:55] Importing Window$OnFrameMetricsAvailableListener.members#52.0-1199127600000-kotlin.trap.gz (684 of 2515)
[2026-08-24 02:51:55] Importing Window$OnRestrictedCaptionAreaChangedListener.members#52.0-1199127600000-kotlin.trap.gz (685 of 2515)
[2026-08-24 02:51:55] Importing Window.members#52.0-1199127600000-kotlin.trap.gz (686 of 2515)
[2026-08-24 02:51:55] Importing WindowId$FocusObserver.members#52.0-1199127600000-kotlin.trap.gz (687 of 2515)
[2026-08-24 02:51:55] Importing WindowId.members#52.0-1199127600000-kotlin.trap.gz (688 of 2515)
[2026-08-24 02:51:55] Importing WindowInsets$Builder.members#52.0-1199127600000-kotlin.trap.gz (689 of 2515)
[2026-08-24 02:51:55] Importing WindowInsets$Side.members#52.0-1199127600000-kotlin.trap.gz (690 of 2515)
[2026-08-24 02:51:55] Importing WindowInsets$Type.members#52.0-1199127600000-kotlin.trap.gz (691 of 2515)
[2026-08-24 02:51:55] Importing WindowInsets.members#52.0-1199127600000-kotlin.trap.gz (692 of 2515)
[2026-08-24 02:51:55] Importing WindowInsetsAnimation$Bounds.members#52.0-1199127600000-kotlin.trap.gz (693 of 2515)
[2026-08-24 02:51:55] Importing WindowInsetsAnimation$Callback.members#52.0-1199127600000-kotlin.trap.gz (694 of 2515)
[2026-08-24 02:51:55] Importing WindowInsetsAnimation.members#52.0-1199127600000-kotlin.trap.gz (695 of 2515)
[2026-08-24 02:51:55] Importing WindowInsetsAnimationControlListener.members#52.0-1199127600000-kotlin.trap.gz (696 of 2515)
[2026-08-24 02:51:55] Importing WindowInsetsAnimationController.members#52.0-1199127600000-kotlin.trap.gz (697 of 2515)
[2026-08-24 02:51:55] Importing WindowInsetsController$OnControllableInsetsChangedListener.members#52.0-1199127600000-kotlin.trap.gz (698 of 2515)
[2026-08-24 02:51:55] Importing WindowInsetsController.members#52.0-1199127600000-kotlin.trap.gz (699 of 2515)
[2026-08-24 02:51:55] Importing WindowManager$BadTokenException.members#52.0-1199127600000-kotlin.trap.gz (700 of 2515)
[2026-08-24 02:51:55] Importing WindowManager$InvalidDisplayException.members#52.0-1199127600000-kotlin.trap.gz (701 of 2515)
[2026-08-24 02:51:55] Importing WindowManager$LayoutParams.members#52.0-1199127600000-kotlin.trap.gz (702 of 2515)
[2026-08-24 02:51:55] Importing WindowManager.members#52.0-1199127600000-kotlin.trap.gz (703 of 2515)
[2026-08-24 02:51:55] Importing WindowMetrics.members#52.0-1199127600000-kotlin.trap.gz (704 of 2515)
[2026-08-24 02:51:55] Importing AccessibilityEvent.members#52.0-1199127600000-kotlin.trap.gz (705 of 2515)
[2026-08-24 02:51:55] Importing AccessibilityEventSource.members#52.0-1199127600000-kotlin.trap.gz (706 of 2515)
[2026-08-24 02:51:55] Importing AccessibilityNodeInfo$AccessibilityAction.members#52.0-1199127600000-kotlin.trap.gz (707 of 2515)
[2026-08-24 02:51:55] Importing AccessibilityNodeInfo$CollectionInfo$Builder.members#52.0-1199127600000-kotlin.trap.gz (708 of 2515)
[2026-08-24 02:51:55] Importing AccessibilityNodeInfo$CollectionInfo.members#52.0-1199127600000-kotlin.trap.gz (709 of 2515)
[2026-08-24 02:51:55] Importing AccessibilityNodeInfo$CollectionItemInfo$Builder.members#52.0-1199127600000-kotlin.trap.gz (710 of 2515)
[2026-08-24 02:51:55] Importing AccessibilityNodeInfo$CollectionItemInfo.members#52.0-1199127600000-kotlin.trap.gz (711 of 2515)
[2026-08-24 02:51:55] Importing AccessibilityNodeInfo$ExtraRenderingInfo$Builder.members#52.0-1199127600000-kotlin.trap.gz (712 of 2515)
[2026-08-24 02:51:55] Importing AccessibilityNodeInfo$ExtraRenderingInfo.members#52.0-1199127600000-kotlin.trap.gz (713 of 2515)
[2026-08-24 02:51:55] Importing AccessibilityNodeInfo$MathInfo.members#52.0-1199127600000-kotlin.trap.gz (714 of 2515)
[2026-08-24 02:51:55] Importing AccessibilityNodeInfo$RangeInfo.members#52.0-1199127600000-kotlin.trap.gz (715 of 2515)
[2026-08-24 02:51:55] Importing AccessibilityNodeInfo$Selection.members#52.0-1199127600000-kotlin.trap.gz (716 of 2515)
[2026-08-24 02:51:55] Importing AccessibilityNodeInfo$SelectionPosition.members#52.0-1199127600000-kotlin.trap.gz (717 of 2515)
[2026-08-24 02:51:55] Importing AccessibilityNodeInfo$StructuredDataInfo.members#52.0-1199127600000-kotlin.trap.gz (718 of 2515)
[2026-08-24 02:51:55] Importing AccessibilityNodeInfo$TouchDelegateInfo.members#52.0-1199127600000-kotlin.trap.gz (719 of 2515)
[2026-08-24 02:51:55] Importing AccessibilityNodeInfo.members#52.0-1199127600000-kotlin.trap.gz (720 of 2515)
[2026-08-24 02:51:55] Importing AccessibilityNodeProvider.members#52.0-1199127600000-kotlin.trap.gz (721 of 2515)
[2026-08-24 02:51:55] Importing AccessibilityRecord.members#52.0-1199127600000-kotlin.trap.gz (722 of 2515)
[2026-08-24 02:51:55] Importing AccessibilityWindowInfo.members#52.0-1199127600000-kotlin.trap.gz (723 of 2515)
[2026-08-24 02:51:55] Importing Animation$AnimationListener.members#52.0-1199127600000-kotlin.trap.gz (724 of 2515)
[2026-08-24 02:51:55] Importing Animation$Description.members#52.0-1199127600000-kotlin.trap.gz (725 of 2515)
[2026-08-24 02:51:55] Importing Animation.members#52.0-1199127600000-kotlin.trap.gz (726 of 2515)
[2026-08-24 02:51:55] Importing Interpolator.members#52.0-1199127600000-kotlin.trap.gz (727 of 2515)
[2026-08-24 02:51:55] Importing LayoutAnimationController$AnimationParameters.members#52.0-1199127600000-kotlin.trap.gz (728 of 2515)
[2026-08-24 02:51:55] Importing LayoutAnimationController.members#52.0-1199127600000-kotlin.trap.gz (729 of 2515)
[2026-08-24 02:51:55] Importing Transformation.members#52.0-1199127600000-kotlin.trap.gz (730 of 2515)
[2026-08-24 02:51:55] Importing AutofillId.members#52.0-1199127600000-kotlin.trap.gz (731 of 2515)
[2026-08-24 02:51:55] Importing AutofillValue.members#52.0-1199127600000-kotlin.trap.gz (732 of 2515)
[2026-08-24 02:51:55] Importing ContentCaptureContext$Builder.members#52.0-1199127600000-kotlin.trap.gz (733 of 2515)
[2026-08-24 02:51:55] Importing ContentCaptureContext.members#52.0-1199127600000-kotlin.trap.gz (734 of 2515)
[2026-08-24 02:51:55] Importing ContentCaptureSession.members#52.0-1199127600000-kotlin.trap.gz (735 of 2515)
[2026-08-24 02:51:55] Importing ContentCaptureSessionId.members#52.0-1199127600000-kotlin.trap.gz (736 of 2515)
[2026-08-24 02:51:55] Importing DisplayHash.members#52.0-1199127600000-kotlin.trap.gz (737 of 2515)
[2026-08-24 02:51:55] Importing DisplayHashResultCallback.members#52.0-1199127600000-kotlin.trap.gz (738 of 2515)
[2026-08-24 02:51:55] Importing CompletionInfo.members#52.0-1199127600000-kotlin.trap.gz (739 of 2515)
[2026-08-24 02:51:55] Importing CorrectionInfo.members#52.0-1199127600000-kotlin.trap.gz (740 of 2515)
[2026-08-24 02:51:55] Importing EditorInfo.members#52.0-1199127600000-kotlin.trap.gz (741 of 2515)
[2026-08-24 02:51:55] Importing ExtractedText.members#52.0-1199127600000-kotlin.trap.gz (742 of 2515)
[2026-08-24 02:51:55] Importing ExtractedTextRequest.members#52.0-1199127600000-kotlin.trap.gz (743 of 2515)
[2026-08-24 02:51:55] Importing HandwritingGesture.members#52.0-1199127600000-kotlin.trap.gz (744 of 2515)
[2026-08-24 02:51:55] Importing InputConnection.members#52.0-1199127600000-kotlin.trap.gz (745 of 2515)
[2026-08-24 02:51:55] Importing InputContentInfo.members#52.0-1199127600000-kotlin.trap.gz (746 of 2515)
[2026-08-24 02:51:55] Importing PreviewableHandwritingGesture.members#52.0-1199127600000-kotlin.trap.gz (747 of 2515)
[2026-08-24 02:51:55] Importing SurroundingText.members#52.0-1199127600000-kotlin.trap.gz (748 of 2515)
[2026-08-24 02:51:55] Importing TextAttribute$Builder.members#52.0-1199127600000-kotlin.trap.gz (749 of 2515)
[2026-08-24 02:51:55] Importing TextAttribute.members#52.0-1199127600000-kotlin.trap.gz (750 of 2515)
[2026-08-24 02:51:55] Importing TextBoundsInfo$Builder.members#52.0-1199127600000-kotlin.trap.gz (751 of 2515)
[2026-08-24 02:51:55] Importing TextBoundsInfo.members#52.0-1199127600000-kotlin.trap.gz (752 of 2515)
[2026-08-24 02:51:55] Importing TextBoundsInfoResult.members#52.0-1199127600000-kotlin.trap.gz (753 of 2515)
[2026-08-24 02:51:55] Importing TextSnapshot.members#52.0-1199127600000-kotlin.trap.gz (754 of 2515)
[2026-08-24 02:51:55] Importing ConversationAction$Builder.members#52.0-1199127600000-kotlin.trap.gz (755 of 2515)
[2026-08-24 02:51:55] Importing ConversationAction.members#52.0-1199127600000-kotlin.trap.gz (756 of 2515)
[2026-08-24 02:51:55] Importing ConversationActions$Message$Builder.members#52.0-1199127600000-kotlin.trap.gz (757 of 2515)
[2026-08-24 02:51:55] Importing ConversationActions$Message.members#52.0-1199127600000-kotlin.trap.gz (758 of 2515)
[2026-08-24 02:51:55] Importing ConversationActions$Request$Builder.members#52.0-1199127600000-kotlin.trap.gz (759 of 2515)
[2026-08-24 02:51:55] Importing ConversationActions$Request.members#52.0-1199127600000-kotlin.trap.gz (760 of 2515)
[2026-08-24 02:51:55] Importing ConversationActions.members#52.0-1199127600000-kotlin.trap.gz (761 of 2515)
[2026-08-24 02:51:55] Importing SelectionEvent.members#52.0-1199127600000-kotlin.trap.gz (762 of 2515)
[2026-08-24 02:51:55] Importing TextClassification$Builder.members#52.0-1199127600000-kotlin.trap.gz (763 of 2515)
[2026-08-24 02:51:55] Importing TextClassification$Request$Builder.members#52.0-1199127600000-kotlin.trap.gz (764 of 2515)
[2026-08-24 02:51:55] Importing TextClassification$Request.members#52.0-1199127600000-kotlin.trap.gz (765 of 2515)
[2026-08-24 02:51:55] Importing TextClassification.members#52.0-1199127600000-kotlin.trap.gz (766 of 2515)
[2026-08-24 02:51:55] Importing TextClassificationContext$Builder.members#52.0-1199127600000-kotlin.trap.gz (767 of 2515)
[2026-08-24 02:51:55] Importing TextClassificationContext.members#52.0-1199127600000-kotlin.trap.gz (768 of 2515)
[2026-08-24 02:51:55] Importing TextClassificationSessionId.members#52.0-1199127600000-kotlin.trap.gz (769 of 2515)
[2026-08-24 02:51:55] Importing TextClassifier$EntityConfig$Builder.members#52.0-1199127600000-kotlin.trap.gz (770 of 2515)
[2026-08-24 02:51:55] Importing TextClassifier$EntityConfig.members#52.0-1199127600000-kotlin.trap.gz (771 of 2515)
[2026-08-24 02:51:55] Importing TextClassifier.members#52.0-1199127600000-kotlin.trap.gz (772 of 2515)
[2026-08-24 02:51:55] Importing TextClassifierEvent$Builder.members#52.0-1199127600000-kotlin.trap.gz (773 of 2515)
[2026-08-24 02:51:55] Importing TextClassifierEvent$ConversationActionsEvent$Builder.members#52.0-1199127600000-kotlin.trap.gz (774 of 2515)
[2026-08-24 02:51:55] Importing TextClassifierEvent$ConversationActionsEvent.members#52.0-1199127600000-kotlin.trap.gz (775 of 2515)
[2026-08-24 02:51:55] Importing TextClassifierEvent$LanguageDetectionEvent$Builder.members#52.0-1199127600000-kotlin.trap.gz (776 of 2515)
[2026-08-24 02:51:55] Importing TextClassifierEvent$LanguageDetectionEvent.members#52.0-1199127600000-kotlin.trap.gz (777 of 2515)
[2026-08-24 02:51:55] Importing TextClassifierEvent$TextLinkifyEvent$Builder.members#52.0-1199127600000-kotlin.trap.gz (778 of 2515)
[2026-08-24 02:51:55] Importing TextClassifierEvent$TextLinkifyEvent.members#52.0-1199127600000-kotlin.trap.gz (779 of 2515)
[2026-08-24 02:51:55] Importing TextClassifierEvent$TextSelectionEvent$Builder.members#52.0-1199127600000-kotlin.trap.gz (780 of 2515)
[2026-08-24 02:51:55] Importing TextClassifierEvent$TextSelectionEvent.members#52.0-1199127600000-kotlin.trap.gz (781 of 2515)
[2026-08-24 02:51:55] Importing TextClassifierEvent.members#52.0-1199127600000-kotlin.trap.gz (782 of 2515)
[2026-08-24 02:51:55] Importing TextLanguage$Builder.members#52.0-1199127600000-kotlin.trap.gz (783 of 2515)
[2026-08-24 02:51:55] Importing TextLanguage$Request$Builder.members#52.0-1199127600000-kotlin.trap.gz (784 of 2515)
[2026-08-24 02:51:55] Importing TextLanguage$Request.members#52.0-1199127600000-kotlin.trap.gz (785 of 2515)
[2026-08-24 02:51:55] Importing TextLanguage.members#52.0-1199127600000-kotlin.trap.gz (786 of 2515)
[2026-08-24 02:51:55] Importing TextLinks$Builder.members#52.0-1199127600000-kotlin.trap.gz (787 of 2515)
[2026-08-24 02:51:55] Importing TextLinks$Request$Builder.members#52.0-1199127600000-kotlin.trap.gz (788 of 2515)
[2026-08-24 02:51:55] Importing TextLinks$Request.members#52.0-1199127600000-kotlin.trap.gz (789 of 2515)
[2026-08-24 02:51:55] Importing TextLinks$TextLink.members#52.0-1199127600000-kotlin.trap.gz (790 of 2515)
[2026-08-24 02:51:55] Importing TextLinks$TextLinkSpan.members#52.0-1199127600000-kotlin.trap.gz (791 of 2515)
[2026-08-24 02:51:55] Importing TextLinks.members#52.0-1199127600000-kotlin.trap.gz (792 of 2515)
[2026-08-24 02:51:55] Importing TextSelection$Builder.members#52.0-1199127600000-kotlin.trap.gz (793 of 2515)
[2026-08-24 02:51:55] Importing TextSelection$Request$Builder.members#52.0-1199127600000-kotlin.trap.gz (794 of 2515)
[2026-08-24 02:51:55] Importing TextSelection$Request.members#52.0-1199127600000-kotlin.trap.gz (795 of 2515)
[2026-08-24 02:51:55] Importing TextSelection.members#52.0-1199127600000-kotlin.trap.gz (796 of 2515)
[2026-08-24 02:51:55] Importing TranslationCapability.members#52.0-1199127600000-kotlin.trap.gz (797 of 2515)
[2026-08-24 02:51:55] Importing TranslationRequestValue.members#52.0-1199127600000-kotlin.trap.gz (798 of 2515)
[2026-08-24 02:51:55] Importing TranslationResponseValue$Builder.members#52.0-1199127600000-kotlin.trap.gz (799 of 2515)
[2026-08-24 02:51:55] Importing TranslationResponseValue.members#52.0-1199127600000-kotlin.trap.gz (800 of 2515)
[2026-08-24 02:51:55] Importing TranslationSpec.members#52.0-1199127600000-kotlin.trap.gz (801 of 2515)
[2026-08-24 02:51:55] Importing ViewTranslationCallback.members#52.0-1199127600000-kotlin.trap.gz (802 of 2515)
[2026-08-24 02:51:55] Importing ViewTranslationRequest$Builder.members#52.0-1199127600000-kotlin.trap.gz (803 of 2515)
[2026-08-24 02:51:55] Importing ViewTranslationRequest.members#52.0-1199127600000-kotlin.trap.gz (804 of 2515)
[2026-08-24 02:51:55] Importing ViewTranslationResponse$Builder.members#52.0-1199127600000-kotlin.trap.gz (805 of 2515)
[2026-08-24 02:51:55] Importing ViewTranslationResponse.members#52.0-1199127600000-kotlin.trap.gz (806 of 2515)
[2026-08-24 02:51:55] Importing Adapter.members#52.0-1199127600000-kotlin.trap.gz (807 of 2515)
[2026-08-24 02:51:55] Importing FrameLayout$LayoutParams.members#52.0-1199127600000-kotlin.trap.gz (808 of 2515)
[2026-08-24 02:51:55] Importing FrameLayout.members#52.0-1199127600000-kotlin.trap.gz (809 of 2515)
[2026-08-24 02:51:55] Importing RemoteViews$ActionException.members#52.0-1199127600000-kotlin.trap.gz (810 of 2515)
[2026-08-24 02:51:55] Importing RemoteViews$DrawInstructions$Builder.members#52.0-1199127600000-kotlin.trap.gz (811 of 2515)
[2026-08-24 02:51:55] Importing RemoteViews$DrawInstructions.members#52.0-1199127600000-kotlin.trap.gz (812 of 2515)
[2026-08-24 02:51:55] Importing RemoteViews$RemoteCollectionItems$Builder.members#52.0-1199127600000-kotlin.trap.gz (813 of 2515)
[2026-08-24 02:51:55] Importing RemoteViews$RemoteCollectionItems.members#52.0-1199127600000-kotlin.trap.gz (814 of 2515)
[2026-08-24 02:51:55] Importing RemoteViews$RemoteResponse.members#52.0-1199127600000-kotlin.trap.gz (815 of 2515)
[2026-08-24 02:51:55] Importing RemoteViews$RemoteView.members#52.0-1199127600000-kotlin.trap.gz (816 of 2515)
[2026-08-24 02:51:55] Importing RemoteViews$RemoteViewOutlineProvider.members#52.0-1199127600000-kotlin.trap.gz (817 of 2515)
[2026-08-24 02:51:55] Importing RemoteViews.members#52.0-1199127600000-kotlin.trap.gz (818 of 2515)
[2026-08-24 02:51:55] Importing SpinnerAdapter.members#52.0-1199127600000-kotlin.trap.gz (819 of 2515)
[2026-08-24 02:51:55] Importing Toolbar$LayoutParams.members#52.0-1199127600000-kotlin.trap.gz (820 of 2515)
[2026-08-24 02:51:55] Importing Toolbar$OnMenuItemClickListener.members#52.0-1199127600000-kotlin.trap.gz (821 of 2515)
[2026-08-24 02:51:55] Importing Toolbar.members#52.0-1199127600000-kotlin.trap.gz (822 of 2515)
[2026-08-24 02:51:55] Importing BackEvent.members#52.0-1199127600000-kotlin.trap.gz (823 of 2515)
[2026-08-24 02:51:55] Importing InputTransferToken.members#52.0-1199127600000-kotlin.trap.gz (824 of 2515)
[2026-08-24 02:51:55] Importing OnBackInvokedCallback.members#52.0-1199127600000-kotlin.trap.gz (825 of 2515)
[2026-08-24 02:51:55] Importing OnBackInvokedDispatcher.members#52.0-1199127600000-kotlin.trap.gz (826 of 2515)
[2026-08-24 02:51:55] Importing SplashScreen$OnExitAnimationListener.members#52.0-1199127600000-kotlin.trap.gz (827 of 2515)
[2026-08-24 02:51:55] Importing SplashScreen.members#52.0-1199127600000-kotlin.trap.gz (828 of 2515)
[2026-08-24 02:51:55] Importing SplashScreenView.members#52.0-1199127600000-kotlin.trap.gz (829 of 2515)
[2026-08-24 02:51:55] Importing TrustedPresentationThresholds.members#52.0-1199127600000-kotlin.trap.gz (830 of 2515)
[2026-08-24 02:51:55] Importing BackEventCompat$Companion.members#52.0-347137262000-kotlin.trap.gz (831 of 2515)
[2026-08-24 02:51:55] Importing BackEventCompat$SwipeEdge.members#52.0-347137262000-kotlin.trap.gz (832 of 2515)
[2026-08-24 02:51:55] Importing BackEventCompat.members#52.0-347137262000-kotlin.trap.gz (833 of 2515)
[2026-08-24 02:51:55] Importing ComponentActivity$NonConfigurationInstances.members#52.0-347137262000-kotlin.trap.gz (834 of 2515)
[2026-08-24 02:51:55] Importing ComponentActivity.members#52.0-347137262000-kotlin.trap.gz (835 of 2515)
[2026-08-24 02:51:55] Importing FullyDrawnReporter.members#52.0-347137262000-kotlin.trap.gz (836 of 2515)
[2026-08-24 02:51:55] Importing FullyDrawnReporterOwner.members#52.0-347137262000-kotlin.trap.gz (837 of 2515)
[2026-08-24 02:51:55] Importing OnBackPressedCallback$OnBackPressedEventHandler.members#52.0-347137262000-kotlin.trap.gz (838 of 2515)
[2026-08-24 02:51:55] Importing OnBackPressedCallback.members#52.0-347137262000-kotlin.trap.gz (839 of 2515)
[2026-08-24 02:51:55] Importing OnBackPressedDispatcher.members#52.0-347137262000-kotlin.trap.gz (840 of 2515)
[2026-08-24 02:51:55] Importing OnBackPressedDispatcherOwner.members#52.0-347137262000-kotlin.trap.gz (841 of 2515)
[2026-08-24 02:51:55] Importing ActivityResultLauncherHolder.members#52.0-347137262000-kotlin.trap.gz (842 of 2515)
[2026-08-24 02:51:55] Importing ManagedActivityResultLauncher.members#52.0-347137262000-kotlin.trap.gz (843 of 2515)
[2026-08-24 02:51:55] Importing rememberLauncherForActivityResult(androidx.activity.result.contract.ActivityResultContract,kotlin.jvm.functions.Function1,and#b8069a75.members#-1.0-0-null.trap.gz (844 of 2515)
[2026-08-24 02:51:55] Importing setContent(androidx.activity.ComponentActivity,androidx.compose.runtime.CompositionContext,kotlin.jvm.#ac183be4.members#-1.0-0-null.trap.gz (845 of 2515)
[2026-08-24 02:51:55] Importing ContextAware.members#52.0-347137262000-kotlin.trap.gz (846 of 2515)
[2026-08-24 02:51:55] Importing OnContextAvailableListener.members#52.0-347137262000-kotlin.trap.gz (847 of 2515)
[2026-08-24 02:51:55] Importing ActivityResult$Companion.members#52.0-347137262000-kotlin.trap.gz (848 of 2515)
[2026-08-24 02:51:55] Importing ActivityResult.members#52.0-347137262000-kotlin.trap.gz (849 of 2515)
[2026-08-24 02:51:55] Importing ActivityResultCallback.members#52.0-347137262000-kotlin.trap.gz (850 of 2515)
[2026-08-24 02:51:55] Importing ActivityResultCaller.members#52.0-347137262000-kotlin.trap.gz (851 of 2515)
[2026-08-24 02:51:55] Importing ActivityResultLauncher.members#52.0-347137262000-kotlin.trap.gz (852 of 2515)
[2026-08-24 02:51:55] Importing ActivityResultRegistry.members#52.0-347137262000-kotlin.trap.gz (853 of 2515)
[2026-08-24 02:51:55] Importing ActivityResultRegistryOwner.members#52.0-347137262000-kotlin.trap.gz (854 of 2515)
[2026-08-24 02:51:55] Importing IntentSenderRequest$Builder.members#52.0-347137262000-kotlin.trap.gz (855 of 2515)
[2026-08-24 02:51:55] Importing IntentSenderRequest$Companion.members#52.0-347137262000-kotlin.trap.gz (856 of 2515)
[2026-08-24 02:51:55] Importing IntentSenderRequest.members#52.0-347137262000-kotlin.trap.gz (857 of 2515)
[2026-08-24 02:51:55] Importing PickVisualMediaRequest$Builder.members#52.0-347137262000-kotlin.trap.gz (858 of 2515)
[2026-08-24 02:51:55] Importing PickVisualMediaRequest.members#52.0-347137262000-kotlin.trap.gz (859 of 2515)
[2026-08-24 02:51:55] Importing ActivityResultContract$SynchronousResult.members#52.0-347137262000-kotlin.trap.gz (860 of 2515)
[2026-08-24 02:51:55] Importing ActivityResultContract.members#52.0-347137262000-kotlin.trap.gz (861 of 2515)
[2026-08-24 02:51:55] Importing ActivityResultContracts$CaptureVideo.members#52.0-347137262000-kotlin.trap.gz (862 of 2515)
[2026-08-24 02:51:55] Importing ActivityResultContracts$CreateDocument.members#52.0-347137262000-kotlin.trap.gz (863 of 2515)
[2026-08-24 02:51:55] Importing ActivityResultContracts$GetContent.members#52.0-347137262000-kotlin.trap.gz (864 of 2515)
[2026-08-24 02:51:55] Importing ActivityResultContracts$GetMultipleContents$Companion.members#52.0-347137262000-kotlin.trap.gz (865 of 2515)
[2026-08-24 02:51:55] Importing ActivityResultContracts$GetMultipleContents.members#52.0-347137262000-kotlin.trap.gz (866 of 2515)
[2026-08-24 02:51:55] Importing ActivityResultContracts$OpenDocument.members#52.0-347137262000-kotlin.trap.gz (867 of 2515)
[2026-08-24 02:51:55] Importing ActivityResultContracts$OpenDocumentTree.members#52.0-347137262000-kotlin.trap.gz (868 of 2515)
[2026-08-24 02:51:55] Importing ActivityResultContracts$OpenMultipleDocuments.members#52.0-347137262000-kotlin.trap.gz (869 of 2515)
[2026-08-24 02:51:55] Importing ActivityResultContracts$PickContact.members#52.0-347137262000-kotlin.trap.gz (870 of 2515)
[2026-08-24 02:51:55] Importing ActivityResultContracts$PickMultipleVisualMedia$Companion.members#52.0-347137262000-kotlin.trap.gz (871 of 2515)
[2026-08-24 02:51:55] Importing ActivityResultContracts$PickMultipleVisualMedia.members#52.0-347137262000-kotlin.trap.gz (872 of 2515)
[2026-08-24 02:51:55] Importing ActivityResultContracts$PickVisualMedia$Companion.members#52.0-347137262000-kotlin.trap.gz (873 of 2515)
[2026-08-24 02:51:55] Importing ActivityResultContracts$PickVisualMedia$DefaultTab$AlbumsTab.members#52.0-347137262000-kotlin.trap.gz (874 of 2515)
[2026-08-24 02:51:55] Importing ActivityResultContracts$PickVisualMedia$DefaultTab$PhotosTab.members#52.0-347137262000-kotlin.trap.gz (875 of 2515)
[2026-08-24 02:51:55] Importing ActivityResultContracts$PickVisualMedia$DefaultTab.members#52.0-347137262000-kotlin.trap.gz (876 of 2515)
[2026-08-24 02:51:55] Importing ActivityResultContracts$PickVisualMedia$ImageAndVideo.members#52.0-347137262000-kotlin.trap.gz (877 of 2515)
[2026-08-24 02:51:55] Importing ActivityResultContracts$PickVisualMedia$ImageOnly.members#52.0-347137262000-kotlin.trap.gz (878 of 2515)
[2026-08-24 02:51:55] Importing ActivityResultContracts$PickVisualMedia$MediaCapabilities$Builder.members#52.0-347137262000-kotlin.trap.gz (879 of 2515)
[2026-08-24 02:51:55] Importing ActivityResultContracts$PickVisualMedia$MediaCapabilities$Companion$HdrType.members#52.0-347137262000-kotlin.trap.gz (880 of 2515)
[2026-08-24 02:51:55] Importing ActivityResultContracts$PickVisualMedia$MediaCapabilities$Companion.members#52.0-347137262000-kotlin.trap.gz (881 of 2515)
[2026-08-24 02:51:55] Importing ActivityResultContracts$PickVisualMedia$MediaCapabilities.members#52.0-347137262000-kotlin.trap.gz (882 of 2515)
[2026-08-24 02:51:55] Importing ActivityResultContracts$PickVisualMedia$SingleMimeType.members#52.0-347137262000-kotlin.trap.gz (883 of 2515)
[2026-08-24 02:51:55] Importing ActivityResultContracts$PickVisualMedia$VideoOnly.members#52.0-347137262000-kotlin.trap.gz (884 of 2515)
[2026-08-24 02:51:55] Importing ActivityResultContracts$PickVisualMedia$VisualMediaType.members#52.0-347137262000-kotlin.trap.gz (885 of 2515)
[2026-08-24 02:51:55] Importing ActivityResultContracts$PickVisualMedia.members#52.0-347137262000-kotlin.trap.gz (886 of 2515)
[2026-08-24 02:51:55] Importing ActivityResultContracts$RequestMultiplePermissions$Companion.members#52.0-347137262000-kotlin.trap.gz (887 of 2515)
[2026-08-24 02:51:55] Importing ActivityResultContracts$RequestMultiplePermissions.members#52.0-347137262000-kotlin.trap.gz (888 of 2515)
[2026-08-24 02:51:55] Importing ActivityResultContracts$RequestPermission.members#52.0-347137262000-kotlin.trap.gz (889 of 2515)
[2026-08-24 02:51:55] Importing ActivityResultContracts$StartActivityForResult$Companion.members#52.0-347137262000-kotlin.trap.gz (890 of 2515)
[2026-08-24 02:51:55] Importing ActivityResultContracts$StartActivityForResult.members#52.0-347137262000-kotlin.trap.gz (891 of 2515)
[2026-08-24 02:51:55] Importing ActivityResultContracts$StartIntentSenderForResult$Companion.members#52.0-347137262000-kotlin.trap.gz (892 of 2515)
[2026-08-24 02:51:55] Importing ActivityResultContracts$StartIntentSenderForResult.members#52.0-347137262000-kotlin.trap.gz (893 of 2515)
[2026-08-24 02:51:55] Importing ActivityResultContracts$TakePicture.members#52.0-347137262000-kotlin.trap.gz (894 of 2515)
[2026-08-24 02:51:55] Importing ActivityResultContracts$TakePicturePreview.members#52.0-347137262000-kotlin.trap.gz (895 of 2515)
[2026-08-24 02:51:55] Importing ActivityResultContracts$TakeVideo.members#52.0-347137262000-kotlin.trap.gz (896 of 2515)
[2026-08-24 02:51:55] Importing ActivityResultContracts.members#52.0-347137262000-kotlin.trap.gz (897 of 2515)
[2026-08-24 02:51:55] Importing CallSuper.members#52.0-318189600000-kotlin.trap.gz (898 of 2515)
[2026-08-24 02:51:55] Importing ContentView.members#52.0-318189600000-kotlin.trap.gz (899 of 2515)
[2026-08-24 02:51:55] Importing EmptySuper.members#52.0-318189600000-kotlin.trap.gz (900 of 2515)
[2026-08-24 02:51:55] Importing FloatRange.members#52.0-318189600000-kotlin.trap.gz (901 of 2515)
[2026-08-24 02:51:55] Importing IntRange.members#52.0-318189600000-kotlin.trap.gz (902 of 2515)
[2026-08-24 02:51:55] Importing LayoutRes.members#52.0-318189600000-kotlin.trap.gz (903 of 2515)
[2026-08-24 02:51:55] Importing MainThread.members#52.0-318189600000-kotlin.trap.gz (904 of 2515)
[2026-08-24 02:51:55] Importing NonNull.members#52.0-318189600000-kotlin.trap.gz (905 of 2515)
[2026-08-24 02:51:55] Importing RecentlyNonNull.members#52.0-1199127600000-kotlin.trap.gz (906 of 2515)
[2026-08-24 02:51:55] Importing RecentlyNullable.members#52.0-1199127600000-kotlin.trap.gz (907 of 2515)
[2026-08-24 02:51:55] Importing RequiresApi.members#52.0-318189600000-kotlin.trap.gz (908 of 2515)
[2026-08-24 02:51:55] Importing RestrictTo$Scope.members#52.0-318189600000-kotlin.trap.gz (909 of 2515)
[2026-08-24 02:51:55] Importing RestrictTo.members#52.0-318189600000-kotlin.trap.gz (910 of 2515)
[2026-08-24 02:51:55] Importing Size.members#52.0-318189600000-kotlin.trap.gz (911 of 2515)
[2026-08-24 02:51:55] Importing VisibleForTesting.members#52.0-318189600000-kotlin.trap.gz (912 of 2515)
[2026-08-24 02:51:55] Importing IntList.members#52.0-318189600000-kotlin.trap.gz (913 of 2515)
[2026-08-24 02:51:55] Importing IntObjectMap.members#52.0-318189600000-kotlin.trap.gz (914 of 2515)
[2026-08-24 02:51:55] Importing IntSet.members#52.0-318189600000-kotlin.trap.gz (915 of 2515)
[2026-08-24 02:51:55] Importing LongSparseArray.members#52.0-318189600000-kotlin.trap.gz (916 of 2515)
[2026-08-24 02:51:55] Importing MutableIntObjectMap.members#52.0-318189600000-kotlin.trap.gz (917 of 2515)
[2026-08-24 02:51:55] Importing MutableIntSet.members#52.0-318189600000-kotlin.trap.gz (918 of 2515)
[2026-08-24 02:51:55] Importing MutableObjectIntMap.members#52.0-318189600000-kotlin.trap.gz (919 of 2515)
[2026-08-24 02:51:55] Importing MutableObjectList.members#52.0-318189600000-kotlin.trap.gz (920 of 2515)
[2026-08-24 02:51:55] Importing MutableOrderedScatterSet.members#52.0-318189600000-kotlin.trap.gz (921 of 2515)
[2026-08-24 02:51:55] Importing MutableScatterMap.members#52.0-318189600000-kotlin.trap.gz (922 of 2515)
[2026-08-24 02:51:55] Importing ObjectIntMap.members#52.0-318189600000-kotlin.trap.gz (923 of 2515)
[2026-08-24 02:51:55] Importing ObjectList.members#52.0-318189600000-kotlin.trap.gz (924 of 2515)
[2026-08-24 02:51:55] Importing OrderedScatterSet.members#52.0-318189600000-kotlin.trap.gz (925 of 2515)
[2026-08-24 02:51:55] Importing ScatterMap.members#52.0-318189600000-kotlin.trap.gz (926 of 2515)
[2026-08-24 02:51:55] Importing ScatterSet.members#52.0-318189600000-kotlin.trap.gz (927 of 2515)
[2026-08-24 02:51:55] Importing AnimationSpec.members#52.0-347137262000-kotlin.trap.gz (928 of 2515)
[2026-08-24 02:51:55] Importing AnimationVector.members#52.0-347137262000-kotlin.trap.gz (929 of 2515)
[2026-08-24 02:51:55] Importing DecayAnimationSpec.members#52.0-347137262000-kotlin.trap.gz (930 of 2515)
[2026-08-24 02:51:55] Importing FiniteAnimationSpec.members#52.0-347137262000-kotlin.trap.gz (931 of 2515)
[2026-08-24 02:51:55] Importing TwoWayConverter.members#52.0-347137262000-kotlin.trap.gz (932 of 2515)
[2026-08-24 02:51:55] Importing VectorizedAnimationSpec.members#52.0-347137262000-kotlin.trap.gz (933 of 2515)
[2026-08-24 02:51:55] Importing VectorizedDecayAnimationSpec.members#52.0-347137262000-kotlin.trap.gz (934 of 2515)
[2026-08-24 02:51:55] Importing VectorizedFiniteAnimationSpec.members#52.0-347137262000-kotlin.trap.gz (935 of 2515)
[2026-08-24 02:51:55] Importing BorderStroke.members#52.0-347137262000-kotlin.trap.gz (936 of 2515)
[2026-08-24 02:51:55] Importing ExperimentalFoundationApi.members#52.0-347137262000-kotlin.trap.gz (937 of 2515)
[2026-08-24 02:51:55] Importing MutatePriority.members#52.0-347137262000-kotlin.trap.gz (938 of 2515)
[2026-08-24 02:51:55] Importing OverscrollEffect.members#52.0-347137262000-kotlin.trap.gz (939 of 2515)
[2026-08-24 02:51:55] Importing ScrollIndicatorState.members#52.0-347137262000-kotlin.trap.gz (940 of 2515)
[2026-08-24 02:51:55] Importing FlingBehavior.members#52.0-347137262000-kotlin.trap.gz (941 of 2515)
[2026-08-24 02:51:55] Importing Orientation.members#52.0-347137262000-kotlin.trap.gz (942 of 2515)
[2026-08-24 02:51:55] Importing ScrollScope.members#52.0-347137262000-kotlin.trap.gz (943 of 2515)
[2026-08-24 02:51:55] Importing ScrollableState.members#52.0-347137262000-kotlin.trap.gz (944 of 2515)
[2026-08-24 02:51:55] Importing Interaction.members#52.0-347137262000-kotlin.trap.gz (945 of 2515)
[2026-08-24 02:51:55] Importing InteractionSource.members#52.0-347137262000-kotlin.trap.gz (946 of 2515)
[2026-08-24 02:51:55] Importing MutableInteractionSource.members#52.0-347137262000-kotlin.trap.gz (947 of 2515)
[2026-08-24 02:51:55] Importing isSystemInDarkTheme(androidx.compose.runtime.Composer,int).members#-1.0-0-null.trap.gz (948 of 2515)
[2026-08-24 02:51:55] Importing Arrangement$Absolute.members#52.0-347137262000-kotlin.trap.gz (949 of 2515)
[2026-08-24 02:51:55] Importing Arrangement$Horizontal.members#52.0-347137262000-kotlin.trap.gz (950 of 2515)
[2026-08-24 02:51:55] Importing Arrangement$HorizontalOrVertical.members#52.0-347137262000-kotlin.trap.gz (951 of 2515)
[2026-08-24 02:51:55] Importing Arrangement$SpacedAligned.members#52.0-347137262000-kotlin.trap.gz (952 of 2515)
[2026-08-24 02:51:55] Importing Arrangement$Vertical.members#52.0-347137262000-kotlin.trap.gz (953 of 2515)
[2026-08-24 02:51:55] Importing Arrangement.members#52.0-347137262000-kotlin.trap.gz (954 of 2515)
[2026-08-24 02:51:55] Importing Column(androidx.compose.ui.Modifier,androidx.compose.foundation.layout.Arrangement.Vertical,androi#9d802038.members#-1.0-0-null.trap.gz (955 of 2515)
[2026-08-24 02:51:55] Importing ColumnScope.members#52.0-347137262000-kotlin.trap.gz (956 of 2515)
[2026-08-24 02:51:55] Importing LayoutScopeMarker.members#52.0-347137262000-kotlin.trap.gz (957 of 2515)
[2026-08-24 02:51:55] Importing PaddingValues$Absolute.members#52.0-347137262000-kotlin.trap.gz (958 of 2515)
[2026-08-24 02:51:55] Importing PaddingValues$Companion.members#52.0-347137262000-kotlin.trap.gz (959 of 2515)
[2026-08-24 02:51:55] Importing PaddingValues.members#52.0-347137262000-kotlin.trap.gz (960 of 2515)
[2026-08-24 02:51:55] Importing Row(androidx.compose.ui.Modifier,androidx.compose.foundation.layout.Arrangement.Horizontal,andr#3b0de3b8.members#-1.0-0-null.trap.gz (961 of 2515)
[2026-08-24 02:51:55] Importing RowScope.members#52.0-347137262000-kotlin.trap.gz (962 of 2515)
[2026-08-24 02:51:55] Importing Spacer(androidx.compose.ui.Modifier,androidx.compose.runtime.Composer,int).members#-1.0-0-null.trap.gz (963 of 2515)
[2026-08-24 02:51:55] Importing WindowInsets$Companion.members#52.0-347137262000-kotlin.trap.gz (964 of 2515)
[2026-08-24 02:51:55] Importing WindowInsets.members#52.0-347137262000-kotlin.trap.gz (965 of 2515)
[2026-08-24 02:51:55] Importing fillMaxSize(androidx.compose.ui.Modifier,float).members#-1.0-0-null.trap.gz (966 of 2515)
[2026-08-24 02:51:55] Importing fillMaxWidth(androidx.compose.ui.Modifier,float).members#-1.0-0-null.trap.gz (967 of 2515)
[2026-08-24 02:51:55] Importing height(androidx.compose.ui.Modifier,androidx.compose.ui.unit.Dp).members#-1.0-0-null.trap.gz (968 of 2515)
[2026-08-24 02:51:55] Importing padding(androidx.compose.ui.Modifier,androidx.compose.foundation.layout.PaddingValues).members#-1.0-0-null.trap.gz (969 of 2515)
[2026-08-24 02:51:55] Importing padding(androidx.compose.ui.Modifier,androidx.compose.ui.unit.Dp).members#-1.0-0-null.trap.gz (970 of 2515)
[2026-08-24 02:51:55] Importing size(androidx.compose.ui.Modifier,androidx.compose.ui.unit.Dp).members#-1.0-0-null.trap.gz (971 of 2515)
[2026-08-24 02:51:55] Importing LazyColumn(androidx.compose.ui.Modifier,androidx.compose.foundation.lazy.LazyListState,androidx.compos#fe4bef08.members#-1.0-0-null.trap.gz (972 of 2515)
[2026-08-24 02:51:55] Importing LazyItemScope.members#52.0-347137262000-kotlin.trap.gz (973 of 2515)
[2026-08-24 02:51:55] Importing LazyItemScopeImpl.members#52.0-347137262000-kotlin.trap.gz (974 of 2515)
[2026-08-24 02:51:55] Importing LazyListItemInfo.members#52.0-347137262000-kotlin.trap.gz (975 of 2515)
[2026-08-24 02:51:55] Importing LazyListItemProvider.members#52.0-347137262000-kotlin.trap.gz (976 of 2515)
[2026-08-24 02:51:55] Importing LazyListLayoutInfo.members#52.0-347137262000-kotlin.trap.gz (977 of 2515)
[2026-08-24 02:51:55] Importing LazyListMeasureResult.members#52.0-347137262000-kotlin.trap.gz (978 of 2515)
[2026-08-24 02:51:55] Importing LazyListMeasuredItem.members#52.0-347137262000-kotlin.trap.gz (979 of 2515)
[2026-08-24 02:51:55] Importing LazyListPrefetchResultScope.members#52.0-347137262000-kotlin.trap.gz (980 of 2515)
[2026-08-24 02:51:56] Importing LazyListPrefetchScope.members#52.0-347137262000-kotlin.trap.gz (981 of 2515)
[2026-08-24 02:51:56] Importing LazyListPrefetchStrategy.members#52.0-347137262000-kotlin.trap.gz (982 of 2515)
[2026-08-24 02:51:56] Importing LazyListScope.members#52.0-347137262000-kotlin.trap.gz (983 of 2515)
[2026-08-24 02:51:56] Importing LazyListState$Companion.members#52.0-347137262000-kotlin.trap.gz (984 of 2515)
[2026-08-24 02:51:56] Importing LazyListState.members#52.0-347137262000-kotlin.trap.gz (985 of 2515)
[2026-08-24 02:51:56] Importing LazyScopeMarker.members#52.0-347137262000-kotlin.trap.gz (986 of 2515)
[2026-08-24 02:51:56] Importing items(androidx.compose.foundation.lazy.LazyListScope,java.util.List,kotlin.jvm.functions.Function#d1f7b5fc.members#-1.0-0-null.trap.gz (987 of 2515)
[2026-08-24 02:51:56] Importing Averages.members#52.0-347137262000-kotlin.trap.gz (988 of 2515)
[2026-08-24 02:51:56] Importing AwaitFirstLayoutModifier$Node.members#52.0-347137262000-kotlin.trap.gz (989 of 2515)
[2026-08-24 02:51:56] Importing AwaitFirstLayoutModifier.members#52.0-347137262000-kotlin.trap.gz (990 of 2515)
[2026-08-24 02:51:56] Importing LazyLayoutBeyondBoundsInfo$Interval.members#52.0-347137262000-kotlin.trap.gz (991 of 2515)
[2026-08-24 02:51:56] Importing LazyLayoutBeyondBoundsInfo.members#52.0-347137262000-kotlin.trap.gz (992 of 2515)
[2026-08-24 02:51:56] Importing LazyLayoutCacheWindow.members#52.0-347137262000-kotlin.trap.gz (993 of 2515)
[2026-08-24 02:51:56] Importing LazyLayoutItemAnimation$Companion.members#52.0-347137262000-kotlin.trap.gz (994 of 2515)
[2026-08-24 02:51:56] Importing LazyLayoutItemAnimation.members#52.0-347137262000-kotlin.trap.gz (995 of 2515)
[2026-08-24 02:51:56] Importing LazyLayoutItemAnimator.members#52.0-347137262000-kotlin.trap.gz (996 of 2515)
[2026-08-24 02:51:56] Importing LazyLayoutItemContentFactory.members#52.0-347137262000-kotlin.trap.gz (997 of 2515)
[2026-08-24 02:51:56] Importing LazyLayoutItemProvider.members#52.0-347137262000-kotlin.trap.gz (998 of 2515)
[2026-08-24 02:51:56] Importing LazyLayoutKeyIndexMap.members#52.0-347137262000-kotlin.trap.gz (999 of 2515)
[2026-08-24 02:51:56] Importing LazyLayoutMeasureScope.members#52.0-347137262000-kotlin.trap.gz (1000 of 2515)
[2026-08-24 02:51:56] Importing LazyLayoutMeasuredItem.members#52.0-347137262000-kotlin.trap.gz (1001 of 2515)
[2026-08-24 02:51:56] Importing LazyLayoutMeasuredItemProvider.members#52.0-347137262000-kotlin.trap.gz (1002 of 2515)
[2026-08-24 02:51:56] Importing LazyLayoutPinnedItemList$PinnedItem.members#52.0-347137262000-kotlin.trap.gz (1003 of 2515)
[2026-08-24 02:51:56] Importing LazyLayoutPinnedItemList.members#52.0-347137262000-kotlin.trap.gz (1004 of 2515)
[2026-08-24 02:51:56] Importing LazyLayoutPrefetchState$PrefetchHandle.members#52.0-347137262000-kotlin.trap.gz (1005 of 2515)
[2026-08-24 02:51:56] Importing LazyLayoutPrefetchState$PrefetchResultScope.members#52.0-347137262000-kotlin.trap.gz (1006 of 2515)
[2026-08-24 02:51:56] Importing LazyLayoutPrefetchState.members#52.0-347137262000-kotlin.trap.gz (1007 of 2515)
[2026-08-24 02:51:56] Importing NestedPrefetchScope.members#52.0-347137262000-kotlin.trap.gz (1008 of 2515)
[2026-08-24 02:51:56] Importing ObservableScopeInvalidator.members#52.0-347137262000-kotlin.trap.gz (1009 of 2515)
[2026-08-24 02:51:56] Importing PrefetchHandleProvider.members#52.0-347137262000-kotlin.trap.gz (1010 of 2515)
[2026-08-24 02:51:56] Importing PrefetchMetrics.members#52.0-347137262000-kotlin.trap.gz (1011 of 2515)
[2026-08-24 02:51:56] Importing PrefetchRequest.members#52.0-347137262000-kotlin.trap.gz (1012 of 2515)
[2026-08-24 02:51:56] Importing PrefetchRequestScope.members#52.0-347137262000-kotlin.trap.gz (1013 of 2515)
[2026-08-24 02:51:56] Importing PrefetchScheduler.members#52.0-347137262000-kotlin.trap.gz (1014 of 2515)
[2026-08-24 02:51:56] Importing CornerBasedShape.members#52.0-347137262000-kotlin.trap.gz (1015 of 2515)
[2026-08-24 02:51:56] Importing CornerSize.members#52.0-347137262000-kotlin.trap.gz (1016 of 2515)
[2026-08-24 02:51:56] Importing TextAutoSize$Companion.members#52.0-347137262000-kotlin.trap.gz (1017 of 2515)
[2026-08-24 02:51:56] Importing TextAutoSize.members#52.0-347137262000-kotlin.trap.gz (1018 of 2515)
[2026-08-24 02:51:56] Importing TextAutoSizeLayoutScope.members#52.0-347137262000-kotlin.trap.gz (1019 of 2515)
[2026-08-24 02:51:56] Importing TextSelectionColors.members#52.0-347137262000-kotlin.trap.gz (1020 of 2515)
[2026-08-24 02:51:56] Importing Icons$AutoMirrored$Filled.members#52.0-347137262000-kotlin.trap.gz (1021 of 2515)
[2026-08-24 02:51:56] Importing Icons$AutoMirrored$Outlined.members#52.0-347137262000-kotlin.trap.gz (1022 of 2515)
[2026-08-24 02:51:56] Importing Icons$AutoMirrored$Rounded.members#52.0-347137262000-kotlin.trap.gz (1023 of 2515)
[2026-08-24 02:51:56] Importing Icons$AutoMirrored$Sharp.members#52.0-347137262000-kotlin.trap.gz (1024 of 2515)
[2026-08-24 02:51:56] Importing Icons$AutoMirrored$TwoTone.members#52.0-347137262000-kotlin.trap.gz (1025 of 2515)
[2026-08-24 02:51:56] Importing Icons$AutoMirrored.members#52.0-347137262000-kotlin.trap.gz (1026 of 2515)
[2026-08-24 02:51:56] Importing Icons$Filled.members#52.0-347137262000-kotlin.trap.gz (1027 of 2515)
[2026-08-24 02:51:56] Importing Icons$Outlined.members#52.0-347137262000-kotlin.trap.gz (1028 of 2515)
[2026-08-24 02:51:56] Importing Icons$Rounded.members#52.0-347137262000-kotlin.trap.gz (1029 of 2515)
[2026-08-24 02:51:56] Importing Icons$Sharp.members#52.0-347137262000-kotlin.trap.gz (1030 of 2515)
[2026-08-24 02:51:56] Importing Icons$TwoTone.members#52.0-347137262000-kotlin.trap.gz (1031 of 2515)
[2026-08-24 02:51:56] Importing Icons.members#52.0-347137262000-kotlin.trap.gz (1032 of 2515)
[2026-08-24 02:51:56] Importing Addandroidx.compose.material.icons.Icons.Filled;field.members#-1.0-0-null.trap.gz (1033 of 2515)
[2026-08-24 02:51:56] Importing Addandroidx.compose.material.icons.Icons.Filled;property.members#-1.0-0-null.trap.gz (1034 of 2515)
[2026-08-24 02:51:56] Importing Memoryandroidx.compose.material.icons.Icons.Filled;field.members#-1.0-0-null.trap.gz (1035 of 2515)
[2026-08-24 02:51:56] Importing Memoryandroidx.compose.material.icons.Icons.Filled;property.members#-1.0-0-null.trap.gz (1036 of 2515)
[2026-08-24 02:51:56] Importing Securityandroidx.compose.material.icons.Icons.Filled;field.members#-1.0-0-null.trap.gz (1037 of 2515)
[2026-08-24 02:51:56] Importing Securityandroidx.compose.material.icons.Icons.Filled;property.members#-1.0-0-null.trap.gz (1038 of 2515)
[2026-08-24 02:51:56] Importing Settingsandroidx.compose.material.icons.Icons.Filled;field.members#-1.0-0-null.trap.gz (1039 of 2515)
[2026-08-24 02:51:56] Importing Settingsandroidx.compose.material.icons.Icons.Filled;property.members#-1.0-0-null.trap.gz (1040 of 2515)
[2026-08-24 02:51:56] Importing Storageandroidx.compose.material.icons.Icons.Filled;field.members#-1.0-0-null.trap.gz (1041 of 2515)
[2026-08-24 02:51:56] Importing Storageandroidx.compose.material.icons.Icons.Filled;property.members#-1.0-0-null.trap.gz (1042 of 2515)
[2026-08-24 02:51:56] Importing Button(kotlin.jvm.functions.Function0,androidx.compose.ui.Modifier,boolean,androidx.compose.ui.gra#757e4e1b.members#-1.0-0-null.trap.gz (1043 of 2515)
[2026-08-24 02:51:56] Importing ButtonColors.members#52.0-347137262000-kotlin.trap.gz (1044 of 2515)
[2026-08-24 02:51:56] Importing ButtonElevation.members#52.0-347137262000-kotlin.trap.gz (1045 of 2515)
[2026-08-24 02:51:56] Importing Card(androidx.compose.ui.Modifier,androidx.compose.ui.graphics.Shape,androidx.compose.material3.#cd912d7a.members#-1.0-0-null.trap.gz (1046 of 2515)
[2026-08-24 02:51:56] Importing CardColors.members#52.0-347137262000-kotlin.trap.gz (1047 of 2515)
[2026-08-24 02:51:56] Importing CardElevation.members#52.0-347137262000-kotlin.trap.gz (1048 of 2515)
[2026-08-24 02:51:56] Importing CheckboxColors.members#52.0-347137262000-kotlin.trap.gz (1049 of 2515)
[2026-08-24 02:51:56] Importing ChipColors.members#52.0-347137262000-kotlin.trap.gz (1050 of 2515)
[2026-08-24 02:51:56] Importing ColorScheme.members#52.0-347137262000-kotlin.trap.gz (1051 of 2515)
[2026-08-24 02:51:56] Importing DatePickerColors.members#52.0-347137262000-kotlin.trap.gz (1052 of 2515)
[2026-08-24 02:51:56] Importing DragHandleColors.members#52.0-347137262000-kotlin.trap.gz (1053 of 2515)
[2026-08-24 02:51:56] Importing DragHandleShapes.members#52.0-347137262000-kotlin.trap.gz (1054 of 2515)
[2026-08-24 02:51:56] Importing ExperimentalMaterial3Api.members#52.0-347137262000-kotlin.trap.gz (1055 of 2515)
[2026-08-24 02:51:56] Importing FabPosition$Companion.members#52.0-347137262000-kotlin.trap.gz (1056 of 2515)
[2026-08-24 02:51:56] Importing FabPosition.members#52.0-347137262000-kotlin.trap.gz (1057 of 2515)
[2026-08-24 02:51:56] Importing HorizontalDivider(androidx.compose.ui.Modifier,androidx.compose.ui.unit.Dp,androidx.compose.ui.graphics.Color#6bf64f2d.members#-1.0-0-null.trap.gz (1058 of 2515)
[2026-08-24 02:51:56] Importing Icon(androidx.compose.ui.graphics.vector.ImageVector,java.lang.String,androidx.compose.ui.Modifi#60c1f2fc.members#-1.0-0-null.trap.gz (1059 of 2515)
[2026-08-24 02:51:56] Importing IconButton(kotlin.jvm.functions.Function0,androidx.compose.ui.Modifier,boolean,androidx.compose.materi#e47f3852.members#-1.0-0-null.trap.gz (1060 of 2515)
[2026-08-24 02:51:56] Importing IconButtonColors.members#52.0-347137262000-kotlin.trap.gz (1061 of 2515)
[2026-08-24 02:51:56] Importing IconToggleButtonColors.members#52.0-347137262000-kotlin.trap.gz (1062 of 2515)
[2026-08-24 02:51:56] Importing ListItemColors.members#52.0-347137262000-kotlin.trap.gz (1063 of 2515)
[2026-08-24 02:51:56] Importing MaterialTheme(androidx.compose.material3.ColorScheme,androidx.compose.material3.Shapes,androidx.compose.m#7a3fc322.members#-1.0-0-null.trap.gz (1064 of 2515)
[2026-08-24 02:51:56] Importing MaterialTheme.members#52.0-347137262000-kotlin.trap.gz (1065 of 2515)
[2026-08-24 02:51:56] Importing MenuItemColors.members#52.0-347137262000-kotlin.trap.gz (1066 of 2515)
[2026-08-24 02:51:56] Importing MotionScheme$Companion.members#52.0-347137262000-kotlin.trap.gz (1067 of 2515)
[2026-08-24 02:51:56] Importing MotionScheme.members#52.0-347137262000-kotlin.trap.gz (1068 of 2515)
[2026-08-24 02:51:56] Importing NavigationBar(androidx.compose.ui.Modifier,androidx.compose.ui.graphics.Color,androidx.compose.ui.graphic#21e788d1.members#-1.0-0-null.trap.gz (1069 of 2515)
[2026-08-24 02:51:56] Importing NavigationBarItem(androidx.compose.foundation.layout.RowScope,boolean,kotlin.jvm.functions.Function0,kotlin.j#6dd1939b.members#-1.0-0-null.trap.gz (1070 of 2515)
[2026-08-24 02:51:56] Importing NavigationBarItemColors.members#52.0-347137262000-kotlin.trap.gz (1071 of 2515)
[2026-08-24 02:51:56] Importing NavigationItemColors.members#52.0-347137262000-kotlin.trap.gz (1072 of 2515)
[2026-08-24 02:51:56] Importing NavigationRailItemColors.members#52.0-347137262000-kotlin.trap.gz (1073 of 2515)
[2026-08-24 02:51:56] Importing RadioButtonColors.members#52.0-347137262000-kotlin.trap.gz (1074 of 2515)
[2026-08-24 02:51:56] Importing RichTooltipColors.members#52.0-347137262000-kotlin.trap.gz (1075 of 2515)
[2026-08-24 02:51:56] Importing Scaffold(androidx.compose.ui.Modifier,kotlin.jvm.functions.Function2,kotlin.jvm.functions.Function2,#08dd542c.members#-1.0-0-null.trap.gz (1076 of 2515)
[2026-08-24 02:51:56] Importing SegmentedButtonColors.members#52.0-347137262000-kotlin.trap.gz (1077 of 2515)
[2026-08-24 02:51:56] Importing SelectableChipColors.members#52.0-347137262000-kotlin.trap.gz (1078 of 2515)
[2026-08-24 02:51:56] Importing Shapes.members#52.0-347137262000-kotlin.trap.gz (1079 of 2515)
[2026-08-24 02:51:56] Importing SliderColors.members#52.0-347137262000-kotlin.trap.gz (1080 of 2515)
[2026-08-24 02:51:56] Importing SwitchColors.members#52.0-347137262000-kotlin.trap.gz (1081 of 2515)
[2026-08-24 02:51:56] Importing Text(java.lang.String,androidx.compose.ui.Modifier,androidx.compose.ui.graphics.Color,androidx.c#402fd4e2.members#-1.0-0-null.trap.gz (1082 of 2515)
[2026-08-24 02:51:56] Importing TextFieldColors.members#52.0-347137262000-kotlin.trap.gz (1083 of 2515)
[2026-08-24 02:51:56] Importing TimePickerColors.members#52.0-347137262000-kotlin.trap.gz (1084 of 2515)
[2026-08-24 02:51:56] Importing TopAppBar(kotlin.jvm.functions.Function2,androidx.compose.ui.Modifier,kotlin.jvm.functions.Function2,#a13da682.members#-1.0-0-null.trap.gz (1085 of 2515)
[2026-08-24 02:51:56] Importing TopAppBarColors.members#52.0-347137262000-kotlin.trap.gz (1086 of 2515)
[2026-08-24 02:51:56] Importing TopAppBarScrollBehavior.members#52.0-347137262000-kotlin.trap.gz (1087 of 2515)
[2026-08-24 02:51:56] Importing TopAppBarState$Companion.members#52.0-347137262000-kotlin.trap.gz (1088 of 2515)
[2026-08-24 02:51:56] Importing TopAppBarState.members#52.0-347137262000-kotlin.trap.gz (1089 of 2515)
[2026-08-24 02:51:56] Importing Typography.members#52.0-347137262000-kotlin.trap.gz (1090 of 2515)
[2026-08-24 02:51:56] Importing WideNavigationRailColors.members#52.0-347137262000-kotlin.trap.gz (1091 of 2515)
[2026-08-24 02:51:56] Importing darkColorScheme(androidx.compose.ui.graphics.Color,androidx.compose.ui.graphics.Color,androidx.compose.ui.g#bd13f692.members#-1.0-0-null.trap.gz (1092 of 2515)
[2026-08-24 02:51:56] Importing dynamicDarkColorScheme(android.content.Context).members#-1.0-0-null.trap.gz (1093 of 2515)
[2026-08-24 02:51:56] Importing dynamicLightColorScheme(android.content.Context).members#-1.0-0-null.trap.gz (1094 of 2515)
[2026-08-24 02:51:56] Importing lightColorScheme(androidx.compose.ui.graphics.Color,androidx.compose.ui.graphics.Color,androidx.compose.ui.g#bd13f692.members#-1.0-0-null.trap.gz (1095 of 2515)
[2026-08-24 02:51:56] Importing Anchor.members#52.0-347137262000-kotlin.trap.gz (1096 of 2515)
[2026-08-24 02:51:56] Importing Applier.members#52.0-347137262000-kotlin.trap.gz (1097 of 2515)
[2026-08-24 02:51:56] Importing CancellationHandle$Companion.members#52.0-347137262000-kotlin.trap.gz (1098 of 2515)
[2026-08-24 02:51:56] Importing CancellationHandle.members#52.0-347137262000-kotlin.trap.gz (1099 of 2515)
[2026-08-24 02:51:56] Importing Composable.members#52.0-347137262000-kotlin.trap.gz (1100 of 2515)
[2026-08-24 02:51:56] Importing ComposableInferredTarget.members#52.0-347137262000-kotlin.trap.gz (1101 of 2515)
[2026-08-24 02:51:56] Importing ComposableTarget.members#52.0-347137262000-kotlin.trap.gz (1102 of 2515)
[2026-08-24 02:51:56] Importing ComposeCompilerApi.members#52.0-347137262000-kotlin.trap.gz (1103 of 2515)
[2026-08-24 02:51:56] Importing ComposeNodeLifecycleCallback.members#52.0-347137262000-kotlin.trap.gz (1104 of 2515)
[2026-08-24 02:51:56] Importing Composer$Companion.members#52.0-347137262000-kotlin.trap.gz (1105 of 2515)
[2026-08-24 02:51:56] Importing Composer.members#52.0-347137262000-kotlin.trap.gz (1106 of 2515)
[2026-08-24 02:51:56] Importing Composition.members#52.0-347137262000-kotlin.trap.gz (1107 of 2515)
[2026-08-24 02:51:56] Importing CompositionContext.members#52.0-347137262000-kotlin.trap.gz (1108 of 2515)
[2026-08-24 02:51:56] Importing CompositionLocal.members#52.0-347137262000-kotlin.trap.gz (1109 of 2515)
[2026-08-24 02:51:56] Importing CompositionLocalAccessorScope.members#52.0-347137262000-kotlin.trap.gz (1110 of 2515)
[2026-08-24 02:51:56] Importing CompositionLocalMap$Companion.members#52.0-347137262000-kotlin.trap.gz (1111 of 2515)
[2026-08-24 02:51:56] Importing CompositionLocalMap.members#52.0-347137262000-kotlin.trap.gz (1112 of 2515)
[2026-08-24 02:51:56] Importing CompositionObserverHolder.members#52.0-347137262000-kotlin.trap.gz (1113 of 2515)
[2026-08-24 02:51:56] Importing CompositionTracer.members#52.0-347137262000-kotlin.trap.gz (1114 of 2515)
[2026-08-24 02:51:56] Importing ControlledComposition.members#52.0-347137262000-kotlin.trap.gz (1115 of 2515)
[2026-08-24 02:51:56] Importing DerivedState$Record.members#52.0-347137262000-kotlin.trap.gz (1116 of 2515)
[2026-08-24 02:51:56] Importing DerivedState.members#52.0-347137262000-kotlin.trap.gz (1117 of 2515)
[2026-08-24 02:51:56] Importing ExperimentalComposeRuntimeApi.members#52.0-347137262000-kotlin.trap.gz (1118 of 2515)
[2026-08-24 02:51:56] Importing Immutable.members#52.0-347137262000-kotlin.trap.gz (1119 of 2515)
[2026-08-24 02:51:56] Importing IntState.members#52.0-347137262000-kotlin.trap.gz (1120 of 2515)
[2026-08-24 02:51:56] Importing InternalComposeApi.members#52.0-347137262000-kotlin.trap.gz (1121 of 2515)
[2026-08-24 02:51:56] Importing InternalComposeTracingApi.members#52.0-347137262000-kotlin.trap.gz (1122 of 2515)
[2026-08-24 02:51:56] Importing InvalidationResult.members#52.0-347137262000-kotlin.trap.gz (1123 of 2515)
[2026-08-24 02:51:56] Importing MovableContent.members#52.0-347137262000-kotlin.trap.gz (1124 of 2515)
[2026-08-24 02:51:56] Importing MovableContentState.members#52.0-347137262000-kotlin.trap.gz (1125 of 2515)
[2026-08-24 02:51:56] Importing MovableContentStateReference.members#52.0-347137262000-kotlin.trap.gz (1126 of 2515)
[2026-08-24 02:51:56] Importing MutableIntState.members#52.0-347137262000-kotlin.trap.gz (1127 of 2515)
[2026-08-24 02:51:56] Importing MutableState.members#52.0-347137262000-kotlin.trap.gz (1128 of 2515)
[2026-08-24 02:51:56] Importing PersistentCompositionLocalMap$Builder.members#52.0-347137262000-kotlin.trap.gz (1129 of 2515)
[2026-08-24 02:51:56] Importing PersistentCompositionLocalMap.members#52.0-347137262000-kotlin.trap.gz (1130 of 2515)
[2026-08-24 02:51:56] Importing ProvidableCompositionLocal.members#52.0-347137262000-kotlin.trap.gz (1131 of 2515)
[2026-08-24 02:51:56] Importing ProvidedValue.members#52.0-347137262000-kotlin.trap.gz (1132 of 2515)
[2026-08-24 02:51:56] Importing ReadOnlyComposable.members#52.0-347137262000-kotlin.trap.gz (1133 of 2515)
[2026-08-24 02:51:56] Importing RecomposeScope.members#52.0-347137262000-kotlin.trap.gz (1134 of 2515)
[2026-08-24 02:51:56] Importing RecomposeScopeImpl$Companion.members#52.0-347137262000-kotlin.trap.gz (1135 of 2515)
[2026-08-24 02:51:56] Importing RecomposeScopeImpl.members#52.0-347137262000-kotlin.trap.gz (1136 of 2515)
[2026-08-24 02:51:56] Importing RecomposeScopeOwner.members#52.0-347137262000-kotlin.trap.gz (1137 of 2515)
[2026-08-24 02:51:56] Importing RememberObserver.members#52.0-347137262000-kotlin.trap.gz (1138 of 2515)
[2026-08-24 02:51:56] Importing RememberObserverHolder.members#52.0-347137262000-kotlin.trap.gz (1139 of 2515)
[2026-08-24 02:51:56] Importing ScopeUpdateScope.members#52.0-347137262000-kotlin.trap.gz (1140 of 2515)
[2026-08-24 02:51:56] Importing ShouldPauseCallback.members#52.0-347137262000-kotlin.trap.gz (1141 of 2515)
[2026-08-24 02:51:56] Importing SlotStorage.members#52.0-347137262000-kotlin.trap.gz (1142 of 2515)
[2026-08-24 02:51:56] Importing SnapshotMutationPolicy.members#52.0-347137262000-kotlin.trap.gz (1143 of 2515)
[2026-08-24 02:51:56] Importing Stable.members#52.0-347137262000-kotlin.trap.gz (1144 of 2515)
[2026-08-24 02:51:56] Importing StableMarker.members#52.0-347137262000-kotlin.trap.gz (1145 of 2515)
[2026-08-24 02:51:56] Importing State.members#52.0-347137262000-kotlin.trap.gz (1146 of 2515)
[2026-08-24 02:51:56] Importing ValueHolder.members#52.0-347137262000-kotlin.trap.gz (1147 of 2515)
[2026-08-24 02:51:56] Importing FrequentlyChangingValue.members#52.0-347137262000-kotlin.trap.gz (1148 of 2515)
[2026-08-24 02:51:56] Importing RememberInComposition.members#52.0-347137262000-kotlin.trap.gz (1149 of 2515)
[2026-08-24 02:51:56] Importing cache(androidx.compose.runtime.Composer,boolean,kotlin.jvm.functions.Function0).members#-1.0-0-null.trap.gz (1150 of 2515)
[2026-08-24 02:51:56] Importing MutableVector.members#52.0-347137262000-kotlin.trap.gz (1151 of 2515)
[2026-08-24 02:51:56] Importing GroupSourceInformation.members#52.0-347137262000-kotlin.trap.gz (1152 of 2515)
[2026-08-24 02:51:56] Importing RememberManager.members#52.0-347137262000-kotlin.trap.gz (1153 of 2515)
[2026-08-24 02:51:56] Importing GapAnchor.members#52.0-347137262000-kotlin.trap.gz (1154 of 2515)
[2026-08-24 02:51:56] Importing GapGroupSourceInformation.members#52.0-347137262000-kotlin.trap.gz (1155 of 2515)
[2026-08-24 02:51:56] Importing KeyInfo.members#52.0-347137262000-kotlin.trap.gz (1156 of 2515)
[2026-08-24 02:51:56] Importing SlotReader.members#52.0-347137262000-kotlin.trap.gz (1157 of 2515)
[2026-08-24 02:51:56] Importing SlotTable.members#52.0-347137262000-kotlin.trap.gz (1158 of 2515)
[2026-08-24 02:51:56] Importing SlotWriter$Companion.members#52.0-347137262000-kotlin.trap.gz (1159 of 2515)
[2026-08-24 02:51:56] Importing SlotWriter.members#52.0-347137262000-kotlin.trap.gz (1160 of 2515)
[2026-08-24 02:51:56] Importing ImmutableCollection.members#52.0-347137262000-kotlin.trap.gz (1161 of 2515)
[2026-08-24 02:51:56] Importing ImmutableMap.members#52.0-347137262000-kotlin.trap.gz (1162 of 2515)
[2026-08-24 02:51:56] Importing ImmutableSet.members#52.0-347137262000-kotlin.trap.gz (1163 of 2515)
[2026-08-24 02:51:56] Importing PersistentMap$Builder.members#52.0-347137262000-kotlin.trap.gz (1164 of 2515)
[2026-08-24 02:51:56] Importing PersistentMap.members#52.0-347137262000-kotlin.trap.gz (1165 of 2515)
[2026-08-24 02:51:56] Importing getValue(androidx.compose.runtime.IntState,java.lang.Object,kotlin.reflect.KProperty).members#-1.0-0-null.trap.gz (1166 of 2515)
[2026-08-24 02:51:56] Importing getValue(androidx.compose.runtime.State,java.lang.Object,kotlin.reflect.KProperty).members#-1.0-0-null.trap.gz (1167 of 2515)
[2026-08-24 02:51:56] Importing ComposableFunction0.members#-1.0-0-null.trap.gz (1168 of 2515)
[2026-08-24 02:51:56] Importing ComposableFunction1.members#-1.0-0-null.trap.gz (1169 of 2515)
[2026-08-24 02:51:56] Importing ComposableFunction2.members#-1.0-0-null.trap.gz (1170 of 2515)
[2026-08-24 02:51:56] Importing ComposableLambda.members#52.0-347137262000-kotlin.trap.gz (1171 of 2515)
[2026-08-24 02:51:56] Importing FunctionKeyMeta$Container.members#52.0-347137262000-kotlin.trap.gz (1172 of 2515)
[2026-08-24 02:51:56] Importing FunctionKeyMeta.members#52.0-347137262000-kotlin.trap.gz (1173 of 2515)
[2026-08-24 02:51:56] Importing StabilityInferred.members#52.0-347137262000-kotlin.trap.gz (1174 of 2515)
[2026-08-24 02:51:56] Importing composableLambdaInstance(int,boolean,java.lang.Object).members#-1.0-0-null.trap.gz (1175 of 2515)
[2026-08-24 02:51:56] Importing rememberComposableLambda(int,boolean,java.lang.Object,androidx.compose.runtime.Composer,int).members#-1.0-0-null.trap.gz (1176 of 2515)
[2026-08-24 02:51:56] Importing isTraceInProgress().members#-1.0-0-null.trap.gz (1177 of 2515)
[2026-08-24 02:51:56] Importing mutableIntStateOf(int).members#-1.0-0-null.trap.gz (1178 of 2515)
[2026-08-24 02:51:56] Importing mutableStateOf(java.lang.Object,androidx.compose.runtime.SnapshotMutationPolicy).members#-1.0-0-null.trap.gz (1179 of 2515)
[2026-08-24 02:51:56] Importing RetainedValuesStore.members#52.0-347137262000-kotlin.trap.gz (1180 of 2515)
[2026-08-24 02:51:56] Importing SaveableStateHolder.members#52.0-347137262000-kotlin.trap.gz (1181 of 2515)
[2026-08-24 02:51:56] Importing Saver.members#52.0-347137262000-kotlin.trap.gz (1182 of 2515)
[2026-08-24 02:51:56] Importing SaverScope.members#52.0-347137262000-kotlin.trap.gz (1183 of 2515)
[2026-08-24 02:51:56] Importing setValue(androidx.compose.runtime.MutableIntState,java.lang.Object,kotlin.reflect.KProperty,int).members#-1.0-0-null.trap.gz (1184 of 2515)
[2026-08-24 02:51:56] Importing setValue(androidx.compose.runtime.MutableState,java.lang.Object,kotlin.reflect.KProperty,java.lang.Object).members#-1.0-0-null.trap.gz (1185 of 2515)
[2026-08-24 02:51:56] Importing AutoboxingStateValueProperty.members#52.0-347137262000-kotlin.trap.gz (1186 of 2515)
[2026-08-24 02:51:56] Importing StateFactoryMarker.members#52.0-347137262000-kotlin.trap.gz (1187 of 2515)
[2026-08-24 02:51:56] Importing StateObject.members#52.0-347137262000-kotlin.trap.gz (1188 of 2515)
[2026-08-24 02:51:56] Importing StateRecord.members#52.0-347137262000-kotlin.trap.gz (1189 of 2515)
[2026-08-24 02:51:56] Importing sourceInformation(androidx.compose.runtime.Composer,java.lang.String).members#-1.0-0-null.trap.gz (1190 of 2515)
[2026-08-24 02:51:56] Importing sourceInformationMarkerEnd(androidx.compose.runtime.Composer).members#-1.0-0-null.trap.gz (1191 of 2515)
[2026-08-24 02:51:56] Importing sourceInformationMarkerStart(androidx.compose.runtime.Composer,int,java.lang.String).members#-1.0-0-null.trap.gz (1192 of 2515)
[2026-08-24 02:51:56] Importing ComposeStackTraceMode$Companion.members#52.0-347137262000-kotlin.trap.gz (1193 of 2515)
[2026-08-24 02:51:56] Importing ComposeStackTraceMode.members#52.0-347137262000-kotlin.trap.gz (1194 of 2515)
[2026-08-24 02:51:56] Importing ComposeToolingApi.members#52.0-347137262000-kotlin.trap.gz (1195 of 2515)
[2026-08-24 02:51:56] Importing CompositionData.members#52.0-347137262000-kotlin.trap.gz (1196 of 2515)
[2026-08-24 02:51:56] Importing CompositionGroup.members#52.0-347137262000-kotlin.trap.gz (1197 of 2515)
[2026-08-24 02:51:56] Importing CompositionObserver.members#52.0-347137262000-kotlin.trap.gz (1198 of 2515)
[2026-08-24 02:51:56] Importing CompositionObserverHandle.members#52.0-347137262000-kotlin.trap.gz (1199 of 2515)
[2026-08-24 02:51:56] Importing IdentifiableRecomposeScope.members#52.0-347137262000-kotlin.trap.gz (1200 of 2515)
[2026-08-24 02:51:56] Importing ObservableComposition.members#52.0-347137262000-kotlin.trap.gz (1201 of 2515)
[2026-08-24 02:51:56] Importing traceEventEnd().members#-1.0-0-null.trap.gz (1202 of 2515)
[2026-08-24 02:51:56] Importing traceEventStart(int,int,int,java.lang.String).members#-1.0-0-null.trap.gz (1203 of 2515)
[2026-08-24 02:51:56] Importing updateChangedFlags(int).members#-1.0-0-null.trap.gz (1204 of 2515)
[2026-08-24 02:51:56] Importing Alignment$Companion.members#52.0-347137262000-kotlin.trap.gz (1205 of 2515)
[2026-08-24 02:51:56] Importing Alignment$Horizontal.members#52.0-347137262000-kotlin.trap.gz (1206 of 2515)
[2026-08-24 02:51:56] Importing Alignment$Vertical.members#52.0-347137262000-kotlin.trap.gz (1207 of 2515)
[2026-08-24 02:51:56] Importing Alignment.members#52.0-347137262000-kotlin.trap.gz (1208 of 2515)
[2026-08-24 02:51:56] Importing ExperimentalComposeUiApi.members#52.0-347137262000-kotlin.trap.gz (1209 of 2515)
[2026-08-24 02:51:56] Importing ExperimentalIndirectPointerApi.members#52.0-347137262000-kotlin.trap.gz (1210 of 2515)
[2026-08-24 02:51:56] Importing InternalComposeUiApi.members#52.0-347137262000-kotlin.trap.gz (1211 of 2515)
[2026-08-24 02:51:56] Importing Modifier$Companion.members#52.0-347137262000-kotlin.trap.gz (1212 of 2515)
[2026-08-24 02:51:56] Importing Modifier$Element.members#52.0-347137262000-kotlin.trap.gz (1213 of 2515)
[2026-08-24 02:51:56] Importing Modifier$Node.members#52.0-347137262000-kotlin.trap.gz (1214 of 2515)
[2026-08-24 02:51:56] Importing Modifier.members#52.0-347137262000-kotlin.trap.gz (1215 of 2515)
[2026-08-24 02:51:56] Importing Autofill.members#52.0-347137262000-kotlin.trap.gz (1216 of 2515)
[2026-08-24 02:51:56] Importing AutofillManager.members#52.0-347137262000-kotlin.trap.gz (1217 of 2515)
[2026-08-24 02:51:56] Importing AutofillNode$Companion.members#52.0-347137262000-kotlin.trap.gz (1218 of 2515)
[2026-08-24 02:51:56] Importing AutofillNode.members#52.0-347137262000-kotlin.trap.gz (1219 of 2515)
[2026-08-24 02:51:56] Importing AutofillTree.members#52.0-347137262000-kotlin.trap.gz (1220 of 2515)
[2026-08-24 02:51:56] Importing AutofillType.members#52.0-347137262000-kotlin.trap.gz (1221 of 2515)
[2026-08-24 02:51:56] Importing DragAndDropEvent.members#52.0-347137262000-kotlin.trap.gz (1222 of 2515)
[2026-08-24 02:51:56] Importing DragAndDropManager.members#52.0-347137262000-kotlin.trap.gz (1223 of 2515)
[2026-08-24 02:51:56] Importing DragAndDropModifierNode.members#52.0-347137262000-kotlin.trap.gz (1224 of 2515)
[2026-08-24 02:51:56] Importing DragAndDropNode.members#52.0-347137262000-kotlin.trap.gz (1225 of 2515)
[2026-08-24 02:51:56] Importing DragAndDropSourceModifierNode.members#52.0-347137262000-kotlin.trap.gz (1226 of 2515)
[2026-08-24 02:51:56] Importing DragAndDropStartTransferScope.members#52.0-347137262000-kotlin.trap.gz (1227 of 2515)
[2026-08-24 02:51:56] Importing DragAndDropTarget.members#52.0-347137262000-kotlin.trap.gz (1228 of 2515)
[2026-08-24 02:51:56] Importing DragAndDropTargetModifierNode.members#52.0-347137262000-kotlin.trap.gz (1229 of 2515)
[2026-08-24 02:51:56] Importing DragAndDropTransferData.members#52.0-347137262000-kotlin.trap.gz (1230 of 2515)
[2026-08-24 02:51:56] Importing BuildDrawCacheParams.members#52.0-347137262000-kotlin.trap.gz (1231 of 2515)
[2026-08-24 02:51:56] Importing FocusDirection$Companion.members#52.0-347137262000-kotlin.trap.gz (1232 of 2515)
[2026-08-24 02:51:56] Importing FocusDirection.members#52.0-347137262000-kotlin.trap.gz (1233 of 2515)
[2026-08-24 02:51:56] Importing FocusEnterExitScope.members#52.0-347137262000-kotlin.trap.gz (1234 of 2515)
[2026-08-24 02:51:56] Importing FocusEventModifierNode.members#52.0-347137262000-kotlin.trap.gz (1235 of 2515)
[2026-08-24 02:51:56] Importing FocusListener.members#52.0-347137262000-kotlin.trap.gz (1236 of 2515)
[2026-08-24 02:51:56] Importing FocusManager.members#52.0-347137262000-kotlin.trap.gz (1237 of 2515)
[2026-08-24 02:51:56] Importing FocusOwner.members#52.0-347137262000-kotlin.trap.gz (1238 of 2515)
[2026-08-24 02:51:56] Importing FocusProperties$Companion.members#52.0-347137262000-kotlin.trap.gz (1239 of 2515)
[2026-08-24 02:51:56] Importing FocusProperties.members#52.0-347137262000-kotlin.trap.gz (1240 of 2515)
[2026-08-24 02:51:56] Importing FocusPropertiesModifierNode.members#52.0-347137262000-kotlin.trap.gz (1241 of 2515)
[2026-08-24 02:51:56] Importing FocusRequester$Companion$FocusRequesterFactory.members#52.0-347137262000-kotlin.trap.gz (1242 of 2515)
[2026-08-24 02:51:56] Importing FocusRequester$Companion.members#52.0-347137262000-kotlin.trap.gz (1243 of 2515)
[2026-08-24 02:51:56] Importing FocusRequester.members#52.0-347137262000-kotlin.trap.gz (1244 of 2515)
[2026-08-24 02:51:56] Importing FocusRequesterModifierNode.members#52.0-347137262000-kotlin.trap.gz (1245 of 2515)
[2026-08-24 02:51:56] Importing FocusState.members#52.0-347137262000-kotlin.trap.gz (1246 of 2515)
[2026-08-24 02:51:56] Importing FocusStateImpl.members#52.0-347137262000-kotlin.trap.gz (1247 of 2515)
[2026-08-24 02:51:57] Importing FocusTargetModifierNode.members#52.0-347137262000-kotlin.trap.gz (1248 of 2515)
[2026-08-24 02:51:57] Importing FocusTargetNode$FocusTargetElement.members#52.0-347137262000-kotlin.trap.gz (1249 of 2515)
[2026-08-24 02:51:57] Importing FocusTargetNode.members#52.0-347137262000-kotlin.trap.gz (1250 of 2515)
[2026-08-24 02:51:57] Importing Focusability$Companion.members#52.0-347137262000-kotlin.trap.gz (1251 of 2515)
[2026-08-24 02:51:57] Importing Focusability.members#52.0-347137262000-kotlin.trap.gz (1252 of 2515)
[2026-08-24 02:51:57] Importing CornerRadius$Companion.members#52.0-347137262000-kotlin.trap.gz (1253 of 2515)
[2026-08-24 02:51:57] Importing CornerRadius.members#52.0-347137262000-kotlin.trap.gz (1254 of 2515)
[2026-08-24 02:51:57] Importing MutableRect.members#52.0-347137262000-kotlin.trap.gz (1255 of 2515)
[2026-08-24 02:51:57] Importing Offset$Companion.members#52.0-347137262000-kotlin.trap.gz (1256 of 2515)
[2026-08-24 02:51:57] Importing Offset.members#52.0-347137262000-kotlin.trap.gz (1257 of 2515)
[2026-08-24 02:51:57] Importing Rect$Companion.members#52.0-347137262000-kotlin.trap.gz (1258 of 2515)
[2026-08-24 02:51:57] Importing Rect.members#52.0-347137262000-kotlin.trap.gz (1259 of 2515)
[2026-08-24 02:51:57] Importing RoundRect$Companion.members#52.0-347137262000-kotlin.trap.gz (1260 of 2515)
[2026-08-24 02:51:57] Importing RoundRect.members#52.0-347137262000-kotlin.trap.gz (1261 of 2515)
[2026-08-24 02:51:57] Importing Size$Companion.members#52.0-347137262000-kotlin.trap.gz (1262 of 2515)
[2026-08-24 02:51:57] Importing Size.members#52.0-347137262000-kotlin.trap.gz (1263 of 2515)
[2026-08-24 02:51:57] Importing BlendMode$Companion.members#52.0-347137262000-kotlin.trap.gz (1264 of 2515)
[2026-08-24 02:51:57] Importing BlendMode.members#52.0-347137262000-kotlin.trap.gz (1265 of 2515)
[2026-08-24 02:51:57] Importing Brush$Companion.members#52.0-347137262000-kotlin.trap.gz (1266 of 2515)
[2026-08-24 02:51:57] Importing Brush.members#52.0-347137262000-kotlin.trap.gz (1267 of 2515)
[2026-08-24 02:51:57] Importing Canvas.members#52.0-347137262000-kotlin.trap.gz (1268 of 2515)
[2026-08-24 02:51:57] Importing ClipOp$Companion.members#52.0-347137262000-kotlin.trap.gz (1269 of 2515)
[2026-08-24 02:51:57] Importing ClipOp.members#52.0-347137262000-kotlin.trap.gz (1270 of 2515)
[2026-08-24 02:51:57] Importing Color$Companion.members#52.0-347137262000-kotlin.trap.gz (1271 of 2515)
[2026-08-24 02:51:57] Importing Color(long).members#-1.0-0-null.trap.gz (1272 of 2515)
[2026-08-24 02:51:57] Importing Color.members#52.0-347137262000-kotlin.trap.gz (1273 of 2515)
[2026-08-24 02:51:57] Importing ColorFilter$Companion.members#52.0-347137262000-kotlin.trap.gz (1274 of 2515)
[2026-08-24 02:51:57] Importing ColorFilter.members#52.0-347137262000-kotlin.trap.gz (1275 of 2515)
[2026-08-24 02:51:57] Importing ColorMatrix.members#52.0-347137262000-kotlin.trap.gz (1276 of 2515)
[2026-08-24 02:51:57] Importing CompositingStrategy$Companion.members#52.0-347137262000-kotlin.trap.gz (1277 of 2515)
[2026-08-24 02:51:57] Importing CompositingStrategy.members#52.0-347137262000-kotlin.trap.gz (1278 of 2515)
[2026-08-24 02:51:57] Importing FilterQuality$Companion.members#52.0-347137262000-kotlin.trap.gz (1279 of 2515)
[2026-08-24 02:51:57] Importing FilterQuality.members#52.0-347137262000-kotlin.trap.gz (1280 of 2515)
[2026-08-24 02:51:57] Importing GraphicsContext.members#52.0-347137262000-kotlin.trap.gz (1281 of 2515)
[2026-08-24 02:51:57] Importing GraphicsLayerScope.members#52.0-347137262000-kotlin.trap.gz (1282 of 2515)
[2026-08-24 02:51:57] Importing ImageBitmap$Companion.members#52.0-347137262000-kotlin.trap.gz (1283 of 2515)
[2026-08-24 02:51:57] Importing ImageBitmap.members#52.0-347137262000-kotlin.trap.gz (1284 of 2515)
[2026-08-24 02:51:57] Importing ImageBitmapConfig$Companion.members#52.0-347137262000-kotlin.trap.gz (1285 of 2515)
[2026-08-24 02:51:57] Importing ImageBitmapConfig.members#52.0-347137262000-kotlin.trap.gz (1286 of 2515)
[2026-08-24 02:51:57] Importing Interpolatable$Companion.members#52.0-347137262000-kotlin.trap.gz (1287 of 2515)
[2026-08-24 02:51:57] Importing Interpolatable.members#52.0-347137262000-kotlin.trap.gz (1288 of 2515)
[2026-08-24 02:51:57] Importing Matrix$Companion.members#52.0-347137262000-kotlin.trap.gz (1289 of 2515)
[2026-08-24 02:51:57] Importing Matrix.members#52.0-347137262000-kotlin.trap.gz (1290 of 2515)
[2026-08-24 02:51:57] Importing Outline$Generic.members#52.0-347137262000-kotlin.trap.gz (1291 of 2515)
[2026-08-24 02:51:57] Importing Outline$Rectangle.members#52.0-347137262000-kotlin.trap.gz (1292 of 2515)
[2026-08-24 02:51:57] Importing Outline$Rounded.members#52.0-347137262000-kotlin.trap.gz (1293 of 2515)
[2026-08-24 02:51:57] Importing Outline.members#52.0-347137262000-kotlin.trap.gz (1294 of 2515)
[2026-08-24 02:51:57] Importing Paint.members#52.0-347137262000-kotlin.trap.gz (1295 of 2515)
[2026-08-24 02:51:57] Importing PaintingStyle$Companion.members#52.0-347137262000-kotlin.trap.gz (1296 of 2515)
[2026-08-24 02:51:57] Importing PaintingStyle.members#52.0-347137262000-kotlin.trap.gz (1297 of 2515)
[2026-08-24 02:51:57] Importing Path$Companion.members#52.0-347137262000-kotlin.trap.gz (1298 of 2515)
[2026-08-24 02:51:57] Importing Path$Direction.members#52.0-347137262000-kotlin.trap.gz (1299 of 2515)
[2026-08-24 02:51:57] Importing Path.members#52.0-347137262000-kotlin.trap.gz (1300 of 2515)
[2026-08-24 02:51:57] Importing PathEffect$Companion.members#52.0-347137262000-kotlin.trap.gz (1301 of 2515)
[2026-08-24 02:51:57] Importing PathEffect.members#52.0-347137262000-kotlin.trap.gz (1302 of 2515)
[2026-08-24 02:51:57] Importing PathFillType$Companion.members#52.0-347137262000-kotlin.trap.gz (1303 of 2515)
[2026-08-24 02:51:57] Importing PathFillType.members#52.0-347137262000-kotlin.trap.gz (1304 of 2515)
[2026-08-24 02:51:57] Importing PathIterator$ConicEvaluation.members#52.0-347137262000-kotlin.trap.gz (1305 of 2515)
[2026-08-24 02:51:57] Importing PathIterator.members#52.0-347137262000-kotlin.trap.gz (1306 of 2515)
[2026-08-24 02:51:57] Importing PathOperation$Companion.members#52.0-347137262000-kotlin.trap.gz (1307 of 2515)
[2026-08-24 02:51:57] Importing PathOperation.members#52.0-347137262000-kotlin.trap.gz (1308 of 2515)
[2026-08-24 02:51:57] Importing PathSegment$Type.members#52.0-347137262000-kotlin.trap.gz (1309 of 2515)
[2026-08-24 02:51:57] Importing PathSegment.members#52.0-347137262000-kotlin.trap.gz (1310 of 2515)
[2026-08-24 02:51:57] Importing PointMode$Companion.members#52.0-347137262000-kotlin.trap.gz (1311 of 2515)
[2026-08-24 02:51:57] Importing PointMode.members#52.0-347137262000-kotlin.trap.gz (1312 of 2515)
[2026-08-24 02:51:57] Importing RenderEffect.members#52.0-347137262000-kotlin.trap.gz (1313 of 2515)
[2026-08-24 02:51:57] Importing ReusableGraphicsLayerScope.members#52.0-347137262000-kotlin.trap.gz (1314 of 2515)
[2026-08-24 02:51:57] Importing Shadow$Companion.members#52.0-347137262000-kotlin.trap.gz (1315 of 2515)
[2026-08-24 02:51:57] Importing Shadow.members#52.0-347137262000-kotlin.trap.gz (1316 of 2515)
[2026-08-24 02:51:57] Importing Shape.members#52.0-347137262000-kotlin.trap.gz (1317 of 2515)
[2026-08-24 02:51:57] Importing StampedPathEffectStyle$Companion.members#52.0-347137262000-kotlin.trap.gz (1318 of 2515)
[2026-08-24 02:51:57] Importing StampedPathEffectStyle.members#52.0-347137262000-kotlin.trap.gz (1319 of 2515)
[2026-08-24 02:51:57] Importing StrokeCap$Companion.members#52.0-347137262000-kotlin.trap.gz (1320 of 2515)
[2026-08-24 02:51:57] Importing StrokeCap.members#52.0-347137262000-kotlin.trap.gz (1321 of 2515)
[2026-08-24 02:51:57] Importing StrokeJoin$Companion.members#52.0-347137262000-kotlin.trap.gz (1322 of 2515)
[2026-08-24 02:51:57] Importing StrokeJoin.members#52.0-347137262000-kotlin.trap.gz (1323 of 2515)
[2026-08-24 02:51:57] Importing TileMode$Companion.members#52.0-347137262000-kotlin.trap.gz (1324 of 2515)
[2026-08-24 02:51:57] Importing TileMode.members#52.0-347137262000-kotlin.trap.gz (1325 of 2515)
[2026-08-24 02:51:57] Importing TransformOrigin$Companion.members#52.0-347137262000-kotlin.trap.gz (1326 of 2515)
[2026-08-24 02:51:57] Importing TransformOrigin.members#52.0-347137262000-kotlin.trap.gz (1327 of 2515)
[2026-08-24 02:51:57] Importing VertexMode$Companion.members#52.0-347137262000-kotlin.trap.gz (1328 of 2515)
[2026-08-24 02:51:57] Importing VertexMode.members#52.0-347137262000-kotlin.trap.gz (1329 of 2515)
[2026-08-24 02:51:57] Importing Vertices.members#52.0-347137262000-kotlin.trap.gz (1330 of 2515)
[2026-08-24 02:51:57] Importing ColorModel$Companion.members#52.0-347137262000-kotlin.trap.gz (1331 of 2515)
[2026-08-24 02:51:57] Importing ColorModel.members#52.0-347137262000-kotlin.trap.gz (1332 of 2515)
[2026-08-24 02:51:57] Importing ColorSpace$Companion.members#52.0-347137262000-kotlin.trap.gz (1333 of 2515)
[2026-08-24 02:51:57] Importing ColorSpace.members#52.0-347137262000-kotlin.trap.gz (1334 of 2515)
[2026-08-24 02:51:57] Importing DoubleFunction.members#52.0-347137262000-kotlin.trap.gz (1335 of 2515)
[2026-08-24 02:51:57] Importing Rgb$Companion.members#52.0-347137262000-kotlin.trap.gz (1336 of 2515)
[2026-08-24 02:51:57] Importing Rgb.members#52.0-347137262000-kotlin.trap.gz (1337 of 2515)
[2026-08-24 02:51:57] Importing TransferParameters.members#52.0-347137262000-kotlin.trap.gz (1338 of 2515)
[2026-08-24 02:51:57] Importing WhitePoint.members#52.0-347137262000-kotlin.trap.gz (1339 of 2515)
[2026-08-24 02:51:57] Importing CanvasDrawScope$DrawParams.members#52.0-347137262000-kotlin.trap.gz (1340 of 2515)
[2026-08-24 02:51:57] Importing CanvasDrawScope.members#52.0-347137262000-kotlin.trap.gz (1341 of 2515)
[2026-08-24 02:51:57] Importing ContentDrawScope.members#52.0-347137262000-kotlin.trap.gz (1342 of 2515)
[2026-08-24 02:51:57] Importing DrawContext.members#52.0-347137262000-kotlin.trap.gz (1343 of 2515)
[2026-08-24 02:51:57] Importing DrawScope$Companion.members#52.0-347137262000-kotlin.trap.gz (1344 of 2515)
[2026-08-24 02:51:57] Importing DrawScope.members#52.0-347137262000-kotlin.trap.gz (1345 of 2515)
[2026-08-24 02:51:57] Importing DrawScopeMarker.members#52.0-347137262000-kotlin.trap.gz (1346 of 2515)
[2026-08-24 02:51:57] Importing DrawStyle.members#52.0-347137262000-kotlin.trap.gz (1347 of 2515)
[2026-08-24 02:51:57] Importing DrawTransform.members#52.0-347137262000-kotlin.trap.gz (1348 of 2515)
[2026-08-24 02:51:57] Importing CompositingStrategy$Companion.members#52.0-347137262000-kotlin.trap.gz (1349 of 2515)
[2026-08-24 02:51:57] Importing CompositingStrategy.members#52.0-347137262000-kotlin.trap.gz (1350 of 2515)
[2026-08-24 02:51:57] Importing GraphicsLayer$Companion.members#52.0-347137262000-kotlin.trap.gz (1351 of 2515)
[2026-08-24 02:51:57] Importing GraphicsLayer.members#52.0-347137262000-kotlin.trap.gz (1352 of 2515)
[2026-08-24 02:51:57] Importing GraphicsLayerImpl$Companion.members#52.0-347137262000-kotlin.trap.gz (1353 of 2515)
[2026-08-24 02:51:57] Importing GraphicsLayerImpl.members#52.0-347137262000-kotlin.trap.gz (1354 of 2515)
[2026-08-24 02:51:57] Importing Painter.members#52.0-347137262000-kotlin.trap.gz (1355 of 2515)
[2026-08-24 02:51:57] Importing DropShadowPainter.members#52.0-347137262000-kotlin.trap.gz (1356 of 2515)
[2026-08-24 02:51:57] Importing DropShadowRenderer.members#52.0-347137262000-kotlin.trap.gz (1357 of 2515)
[2026-08-24 02:51:57] Importing DropShadowRendererProvider$Companion.members#52.0-347137262000-kotlin.trap.gz (1358 of 2515)
[2026-08-24 02:51:57] Importing DropShadowRendererProvider.members#52.0-347137262000-kotlin.trap.gz (1359 of 2515)
[2026-08-24 02:51:57] Importing InnerShadowPainter.members#52.0-347137262000-kotlin.trap.gz (1360 of 2515)
[2026-08-24 02:51:57] Importing InnerShadowRenderer.members#52.0-347137262000-kotlin.trap.gz (1361 of 2515)
[2026-08-24 02:51:57] Importing InnerShadowRendererProvider$Companion.members#52.0-347137262000-kotlin.trap.gz (1362 of 2515)
[2026-08-24 02:51:57] Importing InnerShadowRendererProvider.members#52.0-347137262000-kotlin.trap.gz (1363 of 2515)
[2026-08-24 02:51:57] Importing Shadow.members#52.0-347137262000-kotlin.trap.gz (1364 of 2515)
[2026-08-24 02:51:57] Importing ShadowContext.members#52.0-347137262000-kotlin.trap.gz (1365 of 2515)
[2026-08-24 02:51:57] Importing ShadowRenderer.members#52.0-347137262000-kotlin.trap.gz (1366 of 2515)
[2026-08-24 02:51:57] Importing ImageVector$Builder.members#52.0-347137262000-kotlin.trap.gz (1367 of 2515)
[2026-08-24 02:51:57] Importing ImageVector$Companion.members#52.0-347137262000-kotlin.trap.gz (1368 of 2515)
[2026-08-24 02:51:57] Importing ImageVector.members#52.0-347137262000-kotlin.trap.gz (1369 of 2515)
[2026-08-24 02:51:57] Importing PathNode$ArcTo.members#52.0-347137262000-kotlin.trap.gz (1370 of 2515)
[2026-08-24 02:51:57] Importing PathNode$Close.members#52.0-347137262000-kotlin.trap.gz (1371 of 2515)
[2026-08-24 02:51:57] Importing PathNode$CurveTo.members#52.0-347137262000-kotlin.trap.gz (1372 of 2515)
[2026-08-24 02:51:57] Importing PathNode$HorizontalTo.members#52.0-347137262000-kotlin.trap.gz (1373 of 2515)
[2026-08-24 02:51:57] Importing PathNode$LineTo.members#52.0-347137262000-kotlin.trap.gz (1374 of 2515)
[2026-08-24 02:51:57] Importing PathNode$MoveTo.members#52.0-347137262000-kotlin.trap.gz (1375 of 2515)
[2026-08-24 02:51:57] Importing PathNode$QuadTo.members#52.0-347137262000-kotlin.trap.gz (1376 of 2515)
[2026-08-24 02:51:57] Importing PathNode$ReflectiveCurveTo.members#52.0-347137262000-kotlin.trap.gz (1377 of 2515)
[2026-08-24 02:51:57] Importing PathNode$ReflectiveQuadTo.members#52.0-347137262000-kotlin.trap.gz (1378 of 2515)
[2026-08-24 02:51:57] Importing PathNode$RelativeArcTo.members#52.0-347137262000-kotlin.trap.gz (1379 of 2515)
[2026-08-24 02:51:57] Importing PathNode$RelativeCurveTo.members#52.0-347137262000-kotlin.trap.gz (1380 of 2515)
[2026-08-24 02:51:57] Importing PathNode$RelativeHorizontalTo.members#52.0-347137262000-kotlin.trap.gz (1381 of 2515)
[2026-08-24 02:51:57] Importing PathNode$RelativeLineTo.members#52.0-347137262000-kotlin.trap.gz (1382 of 2515)
[2026-08-24 02:51:57] Importing PathNode$RelativeMoveTo.members#52.0-347137262000-kotlin.trap.gz (1383 of 2515)
[2026-08-24 02:51:57] Importing PathNode$RelativeQuadTo.members#52.0-347137262000-kotlin.trap.gz (1384 of 2515)
[2026-08-24 02:51:57] Importing PathNode$RelativeReflectiveCurveTo.members#52.0-347137262000-kotlin.trap.gz (1385 of 2515)
[2026-08-24 02:51:57] Importing PathNode$RelativeReflectiveQuadTo.members#52.0-347137262000-kotlin.trap.gz (1386 of 2515)
[2026-08-24 02:51:57] Importing PathNode$RelativeVerticalTo.members#52.0-347137262000-kotlin.trap.gz (1387 of 2515)
[2026-08-24 02:51:57] Importing PathNode$VerticalTo.members#52.0-347137262000-kotlin.trap.gz (1388 of 2515)
[2026-08-24 02:51:57] Importing PathNode.members#52.0-347137262000-kotlin.trap.gz (1389 of 2515)
[2026-08-24 02:51:57] Importing VectorGroup.members#52.0-347137262000-kotlin.trap.gz (1390 of 2515)
[2026-08-24 02:51:57] Importing VectorNode.members#52.0-347137262000-kotlin.trap.gz (1391 of 2515)
[2026-08-24 02:51:57] Importing HapticFeedback.members#52.0-347137262000-kotlin.trap.gz (1392 of 2515)
[2026-08-24 02:51:57] Importing HapticFeedbackType$Companion.members#52.0-347137262000-kotlin.trap.gz (1393 of 2515)
[2026-08-24 02:51:57] Importing HapticFeedbackType.members#52.0-347137262000-kotlin.trap.gz (1394 of 2515)
[2026-08-24 02:51:57] Importing InputMode$Companion.members#52.0-347137262000-kotlin.trap.gz (1395 of 2515)
[2026-08-24 02:51:57] Importing InputMode.members#52.0-347137262000-kotlin.trap.gz (1396 of 2515)
[2026-08-24 02:51:57] Importing InputModeManager.members#52.0-347137262000-kotlin.trap.gz (1397 of 2515)
[2026-08-24 02:51:57] Importing IndirectPointerEvent.members#52.0-347137262000-kotlin.trap.gz (1398 of 2515)
[2026-08-24 02:51:57] Importing IndirectPointerEventPrimaryDirectionalMotionAxis$Companion.members#52.0-347137262000-kotlin.trap.gz (1399 of 2515)
[2026-08-24 02:51:57] Importing IndirectPointerEventPrimaryDirectionalMotionAxis.members#52.0-347137262000-kotlin.trap.gz (1400 of 2515)
[2026-08-24 02:51:57] Importing IndirectPointerEventType$Companion.members#52.0-347137262000-kotlin.trap.gz (1401 of 2515)
[2026-08-24 02:51:57] Importing IndirectPointerEventType.members#52.0-347137262000-kotlin.trap.gz (1402 of 2515)
[2026-08-24 02:51:57] Importing IndirectPointerInputChange.members#52.0-347137262000-kotlin.trap.gz (1403 of 2515)
[2026-08-24 02:51:57] Importing KeyEvent.members#52.0-347137262000-kotlin.trap.gz (1404 of 2515)
[2026-08-24 02:51:57] Importing NestedScrollConnection.members#52.0-347137262000-kotlin.trap.gz (1405 of 2515)
[2026-08-24 02:51:57] Importing NestedScrollDispatcher.members#52.0-347137262000-kotlin.trap.gz (1406 of 2515)
[2026-08-24 02:51:57] Importing NestedScrollNode.members#52.0-347137262000-kotlin.trap.gz (1407 of 2515)
[2026-08-24 02:51:57] Importing NestedScrollSource$Companion.members#52.0-347137262000-kotlin.trap.gz (1408 of 2515)
[2026-08-24 02:51:57] Importing NestedScrollSource.members#52.0-347137262000-kotlin.trap.gz (1409 of 2515)
[2026-08-24 02:51:57] Importing ConsumedData.members#52.0-347137262000-kotlin.trap.gz (1410 of 2515)
[2026-08-24 02:51:57] Importing HistoricalChange.members#52.0-347137262000-kotlin.trap.gz (1411 of 2515)
[2026-08-24 02:51:57] Importing InternalPointerEvent.members#52.0-347137262000-kotlin.trap.gz (1412 of 2515)
[2026-08-24 02:51:57] Importing PointerButtons.members#52.0-347137262000-kotlin.trap.gz (1413 of 2515)
[2026-08-24 02:51:57] Importing PointerEvent.members#52.0-347137262000-kotlin.trap.gz (1414 of 2515)
[2026-08-24 02:51:57] Importing PointerEventPass.members#52.0-347137262000-kotlin.trap.gz (1415 of 2515)
[2026-08-24 02:51:57] Importing PointerEventType$Companion.members#52.0-347137262000-kotlin.trap.gz (1416 of 2515)
[2026-08-24 02:51:57] Importing PointerEventType.members#52.0-347137262000-kotlin.trap.gz (1417 of 2515)
[2026-08-24 02:51:57] Importing PointerIcon$Companion.members#52.0-347137262000-kotlin.trap.gz (1418 of 2515)
[2026-08-24 02:51:57] Importing PointerIcon.members#52.0-347137262000-kotlin.trap.gz (1419 of 2515)
[2026-08-24 02:51:57] Importing PointerIconService.members#52.0-347137262000-kotlin.trap.gz (1420 of 2515)
[2026-08-24 02:51:57] Importing PointerId.members#52.0-347137262000-kotlin.trap.gz (1421 of 2515)
[2026-08-24 02:51:57] Importing PointerInputChange.members#52.0-347137262000-kotlin.trap.gz (1422 of 2515)
[2026-08-24 02:51:57] Importing PointerInputEvent.members#52.0-347137262000-kotlin.trap.gz (1423 of 2515)
[2026-08-24 02:51:57] Importing PointerInputEventData.members#52.0-347137262000-kotlin.trap.gz (1424 of 2515)
[2026-08-24 02:51:57] Importing PointerKeyboardModifiers.members#52.0-347137262000-kotlin.trap.gz (1425 of 2515)
[2026-08-24 02:51:57] Importing PointerType$Companion.members#52.0-347137262000-kotlin.trap.gz (1426 of 2515)
[2026-08-24 02:51:57] Importing PointerType.members#52.0-347137262000-kotlin.trap.gz (1427 of 2515)
[2026-08-24 02:51:57] Importing PositionCalculator.members#52.0-347137262000-kotlin.trap.gz (1428 of 2515)
[2026-08-24 02:51:57] Importing RotaryScrollEvent.members#52.0-347137262000-kotlin.trap.gz (1429 of 2515)
[2026-08-24 02:51:57] Importing AlignmentLine$Companion.members#52.0-347137262000-kotlin.trap.gz (1430 of 2515)
[2026-08-24 02:51:57] Importing AlignmentLine.members#52.0-347137262000-kotlin.trap.gz (1431 of 2515)
[2026-08-24 02:51:57] Importing BeyondBoundsLayout$BeyondBoundsScope.members#52.0-347137262000-kotlin.trap.gz (1432 of 2515)
[2026-08-24 02:51:57] Importing BeyondBoundsLayout$LayoutDirection$Companion.members#52.0-347137262000-kotlin.trap.gz (1433 of 2515)
[2026-08-24 02:51:57] Importing BeyondBoundsLayout$LayoutDirection.members#52.0-347137262000-kotlin.trap.gz (1434 of 2515)
[2026-08-24 02:51:57] Importing BeyondBoundsLayout.members#52.0-347137262000-kotlin.trap.gz (1435 of 2515)
[2026-08-24 02:51:57] Importing HorizontalAlignmentLine.members#52.0-347137262000-kotlin.trap.gz (1436 of 2515)
[2026-08-24 02:51:57] Importing IntrinsicMeasurable.members#52.0-347137262000-kotlin.trap.gz (1437 of 2515)
[2026-08-24 02:51:57] Importing IntrinsicMeasureScope.members#52.0-347137262000-kotlin.trap.gz (1438 of 2515)
[2026-08-24 02:51:57] Importing LayoutCoordinates.members#52.0-347137262000-kotlin.trap.gz (1439 of 2515)
[2026-08-24 02:51:57] Importing LayoutInfo.members#52.0-347137262000-kotlin.trap.gz (1440 of 2515)
[2026-08-24 02:51:57] Importing LayoutNodeSubcompositionsState.members#52.0-347137262000-kotlin.trap.gz (1441 of 2515)
[2026-08-24 02:51:57] Importing LookaheadLayoutCoordinates.members#52.0-347137262000-kotlin.trap.gz (1442 of 2515)
[2026-08-24 02:51:57] Importing Measurable.members#52.0-347137262000-kotlin.trap.gz (1443 of 2515)
[2026-08-24 02:51:57] Importing MeasurePolicy.members#52.0-347137262000-kotlin.trap.gz (1444 of 2515)
[2026-08-24 02:51:57] Importing MeasureResult.members#52.0-347137262000-kotlin.trap.gz (1445 of 2515)
[2026-08-24 02:51:57] Importing MeasureScope.members#52.0-347137262000-kotlin.trap.gz (1446 of 2515)
[2026-08-24 02:51:57] Importing MeasureScopeMarker.members#52.0-347137262000-kotlin.trap.gz (1447 of 2515)
[2026-08-24 02:51:57] Importing Measured.members#52.0-347137262000-kotlin.trap.gz (1448 of 2515)
[2026-08-24 02:51:57] Importing ModifierInfo.members#52.0-347137262000-kotlin.trap.gz (1449 of 2515)
[2026-08-24 02:51:57] Importing Placeable$PlacementScope.members#52.0-347137262000-kotlin.trap.gz (1450 of 2515)
[2026-08-24 02:51:57] Importing Placeable.members#52.0-347137262000-kotlin.trap.gz (1451 of 2515)
[2026-08-24 02:51:57] Importing PlacementScopeMarker.members#52.0-347137262000-kotlin.trap.gz (1452 of 2515)
[2026-08-24 02:51:57] Importing Remeasurement.members#52.0-347137262000-kotlin.trap.gz (1453 of 2515)
[2026-08-24 02:51:57] Importing RemeasurementModifier.members#52.0-347137262000-kotlin.trap.gz (1454 of 2515)
[2026-08-24 02:51:57] Importing Ruler.members#52.0-347137262000-kotlin.trap.gz (1455 of 2515)
[2026-08-24 02:51:57] Importing RulerScope.members#52.0-347137262000-kotlin.trap.gz (1456 of 2515)
[2026-08-24 02:51:57] Importing SubcomposeLayoutState$PausedPrecomposition.members#52.0-347137262000-kotlin.trap.gz (1457 of 2515)
[2026-08-24 02:51:57] Importing SubcomposeLayoutState$PrecomposedSlotHandle.members#52.0-347137262000-kotlin.trap.gz (1458 of 2515)
[2026-08-24 02:51:57] Importing SubcomposeLayoutState.members#52.0-347137262000-kotlin.trap.gz (1459 of 2515)
[2026-08-24 02:51:57] Importing SubcomposeMeasureScope.members#52.0-347137262000-kotlin.trap.gz (1460 of 2515)
[2026-08-24 02:51:57] Importing SubcomposeSlotReusePolicy$SlotIdsSet.members#52.0-347137262000-kotlin.trap.gz (1461 of 2515)
[2026-08-24 02:51:57] Importing SubcomposeSlotReusePolicy.members#52.0-347137262000-kotlin.trap.gz (1462 of 2515)
[2026-08-24 02:51:57] Importing VerticalAlignmentLine.members#52.0-347137262000-kotlin.trap.gz (1463 of 2515)
[2026-08-24 02:51:57] Importing VerticalRuler$Companion.members#52.0-347137262000-kotlin.trap.gz (1464 of 2515)
[2026-08-24 02:51:57] Importing VerticalRuler.members#52.0-347137262000-kotlin.trap.gz (1465 of 2515)
[2026-08-24 02:51:57] Importing ModifierLocal.members#52.0-347137262000-kotlin.trap.gz (1466 of 2515)
[2026-08-24 02:51:57] Importing ModifierLocalManager.members#52.0-347137262000-kotlin.trap.gz (1467 of 2515)
[2026-08-24 02:51:57] Importing ModifierLocalMap.members#52.0-347137262000-kotlin.trap.gz (1468 of 2515)
[2026-08-24 02:51:57] Importing ModifierLocalModifierNode.members#52.0-347137262000-kotlin.trap.gz (1469 of 2515)
[2026-08-24 02:51:57] Importing ModifierLocalReadScope.members#52.0-347137262000-kotlin.trap.gz (1470 of 2515)
[2026-08-24 02:51:57] Importing AlignmentLines.members#52.0-347137262000-kotlin.trap.gz (1471 of 2515)
[2026-08-24 02:51:57] Importing AlignmentLinesOwner.members#52.0-347137262000-kotlin.trap.gz (1472 of 2515)
[2026-08-24 02:51:57] Importing BackwardsCompatNode.members#52.0-347137262000-kotlin.trap.gz (1473 of 2515)
[2026-08-24 02:51:57] Importing ComposeUiNode$Companion.members#52.0-347137262000-kotlin.trap.gz (1474 of 2515)
[2026-08-24 02:51:57] Importing ComposeUiNode.members#52.0-347137262000-kotlin.trap.gz (1475 of 2515)
[2026-08-24 02:51:57] Importing CompositionLocalConsumerModifierNode.members#52.0-347137262000-kotlin.trap.gz (1476 of 2515)
[2026-08-24 02:51:57] Importing DelegatableNode$RegistrationHandle.members#52.0-347137262000-kotlin.trap.gz (1477 of 2515)
[2026-08-24 02:51:57] Importing DelegatableNode.members#52.0-347137262000-kotlin.trap.gz (1478 of 2515)
[2026-08-24 02:51:57] Importing DrawModifierNode.members#52.0-347137262000-kotlin.trap.gz (1479 of 2515)
[2026-08-24 02:51:57] Importing GlobalPositionAwareModifierNode.members#52.0-347137262000-kotlin.trap.gz (1480 of 2515)
[2026-08-24 02:51:57] Importing HitTestResult.members#52.0-347137262000-kotlin.trap.gz (1481 of 2515)
[2026-08-24 02:51:57] Importing InnerNodeCoordinator$Companion.members#52.0-347137262000-kotlin.trap.gz (1482 of 2515)
[2026-08-24 02:51:57] Importing InnerNodeCoordinator.members#52.0-347137262000-kotlin.trap.gz (1483 of 2515)
[2026-08-24 02:51:57] Importing InternalCoreApi.members#52.0-347137262000-kotlin.trap.gz (1484 of 2515)
[2026-08-24 02:51:57] Importing InteroperableComposeUiNode.members#52.0-347137262000-kotlin.trap.gz (1485 of 2515)
[2026-08-24 02:51:57] Importing LayoutAwareModifierNode.members#52.0-347137262000-kotlin.trap.gz (1486 of 2515)
[2026-08-24 02:51:57] Importing LayoutModifierNode.members#52.0-347137262000-kotlin.trap.gz (1487 of 2515)
[2026-08-24 02:51:57] Importing LayoutModifierNodeCoordinator$Companion.members#52.0-347137262000-kotlin.trap.gz (1488 of 2515)
[2026-08-24 02:51:57] Importing LayoutModifierNodeCoordinator.members#52.0-347137262000-kotlin.trap.gz (1489 of 2515)
[2026-08-24 02:51:57] Importing LayoutNode$Companion.members#52.0-347137262000-kotlin.trap.gz (1490 of 2515)
[2026-08-24 02:51:57] Importing LayoutNode$LayoutState.members#52.0-347137262000-kotlin.trap.gz (1491 of 2515)
[2026-08-24 02:51:57] Importing LayoutNode$NoIntrinsicsMeasurePolicy.members#52.0-347137262000-kotlin.trap.gz (1492 of 2515)
[2026-08-24 02:51:57] Importing LayoutNode$UsageByParent.members#52.0-347137262000-kotlin.trap.gz (1493 of 2515)
[2026-08-24 02:51:57] Importing LayoutNode.members#52.0-347137262000-kotlin.trap.gz (1494 of 2515)
[2026-08-24 02:51:57] Importing LayoutNodeDrawScope.members#52.0-347137262000-kotlin.trap.gz (1495 of 2515)
[2026-08-24 02:51:57] Importing LayoutNodeLayoutDelegate.members#52.0-347137262000-kotlin.trap.gz (1496 of 2515)
[2026-08-24 02:51:57] Importing LookaheadCapablePlaceable$Companion.members#52.0-347137262000-kotlin.trap.gz (1497 of 2515)
[2026-08-24 02:51:57] Importing LookaheadCapablePlaceable.members#52.0-347137262000-kotlin.trap.gz (1498 of 2515)
[2026-08-24 02:51:57] Importing LookaheadDelegate.members#52.0-347137262000-kotlin.trap.gz (1499 of 2515)
[2026-08-24 02:51:57] Importing LookaheadPassDelegate.members#52.0-347137262000-kotlin.trap.gz (1500 of 2515)
[2026-08-24 02:51:57] Importing MeasurePassDelegate.members#52.0-347137262000-kotlin.trap.gz (1501 of 2515)
[2026-08-24 02:51:57] Importing MeasureScopeWithLayoutNode.members#52.0-347137262000-kotlin.trap.gz (1502 of 2515)
[2026-08-24 02:51:57] Importing ModifierNodeElement.members#52.0-347137262000-kotlin.trap.gz (1503 of 2515)
[2026-08-24 02:51:57] Importing MotionReferencePlacementDelegate.members#52.0-347137262000-kotlin.trap.gz (1504 of 2515)
[2026-08-24 02:51:57] Importing NodeChain$Logger.members#52.0-347137262000-kotlin.trap.gz (1505 of 2515)
[2026-08-24 02:51:57] Importing NodeChain.members#52.0-347137262000-kotlin.trap.gz (1506 of 2515)
[2026-08-24 02:51:57] Importing NodeCoordinator$Companion.members#52.0-347137262000-kotlin.trap.gz (1507 of 2515)
[2026-08-24 02:51:57] Importing NodeCoordinator$HitTestSource.members#52.0-347137262000-kotlin.trap.gz (1508 of 2515)
[2026-08-24 02:51:57] Importing NodeCoordinator.members#52.0-347137262000-kotlin.trap.gz (1509 of 2515)
[2026-08-24 02:51:57] Importing NodeKind.members#52.0-347137262000-kotlin.trap.gz (1510 of 2515)
[2026-08-24 02:51:57] Importing ObserverModifierNode.members#52.0-347137262000-kotlin.trap.gz (1511 of 2515)
[2026-08-24 02:51:57] Importing ObserverNodeOwnerScope$Companion.members#52.0-347137262000-kotlin.trap.gz (1512 of 2515)
[2026-08-24 02:51:57] Importing ObserverNodeOwnerScope.members#52.0-347137262000-kotlin.trap.gz (1513 of 2515)
[2026-08-24 02:51:57] Importing OutOfFrameExecutor.members#52.0-347137262000-kotlin.trap.gz (1514 of 2515)
[2026-08-24 02:51:57] Importing OwnedLayer.members#52.0-347137262000-kotlin.trap.gz (1515 of 2515)
[2026-08-24 02:51:57] Importing Owner$Companion.members#52.0-347137262000-kotlin.trap.gz (1516 of 2515)
[2026-08-24 02:51:57] Importing Owner$OnLayoutCompletedListener.members#52.0-347137262000-kotlin.trap.gz (1517 of 2515)
[2026-08-24 02:51:57] Importing Owner.members#52.0-347137262000-kotlin.trap.gz (1518 of 2515)
[2026-08-24 02:51:57] Importing OwnerScope.members#52.0-347137262000-kotlin.trap.gz (1519 of 2515)
[2026-08-24 02:51:57] Importing OwnerSnapshotObserver.members#52.0-347137262000-kotlin.trap.gz (1520 of 2515)
[2026-08-24 02:51:57] Importing ParentDataModifierNode.members#52.0-347137262000-kotlin.trap.gz (1521 of 2515)
[2026-08-24 02:51:57] Importing PointerInputModifierNode.members#52.0-347137262000-kotlin.trap.gz (1522 of 2515)
[2026-08-24 02:51:57] Importing RootForTest$UncaughtExceptionHandler.members#52.0-347137262000-kotlin.trap.gz (1523 of 2515)
[2026-08-24 02:51:57] Importing RootForTest.members#52.0-347137262000-kotlin.trap.gz (1524 of 2515)
[2026-08-24 02:51:57] Importing SemanticsModifierNode.members#52.0-347137262000-kotlin.trap.gz (1525 of 2515)
[2026-08-24 02:51:57] Importing TailModifierNode.members#52.0-347137262000-kotlin.trap.gz (1526 of 2515)
[2026-08-24 02:51:57] Importing TouchBoundsExpansion$Companion.members#52.0-347137262000-kotlin.trap.gz (1527 of 2515)
[2026-08-24 02:51:58] Importing TouchBoundsExpansion.members#52.0-347137262000-kotlin.trap.gz (1528 of 2515)
[2026-08-24 02:51:58] Importing TraversableNode$Companion$TraverseDescendantsAction.members#52.0-347137262000-kotlin.trap.gz (1529 of 2515)
[2026-08-24 02:51:58] Importing TraversableNode$Companion.members#52.0-347137262000-kotlin.trap.gz (1530 of 2515)
[2026-08-24 02:51:58] Importing TraversableNode.members#52.0-347137262000-kotlin.trap.gz (1531 of 2515)
[2026-08-24 02:51:58] Importing AccessibilityManager.members#52.0-347137262000-kotlin.trap.gz (1532 of 2515)
[2026-08-24 02:51:58] Importing ClipEntry.members#52.0-347137262000-kotlin.trap.gz (1533 of 2515)
[2026-08-24 02:51:58] Importing ClipMetadata.members#52.0-347137262000-kotlin.trap.gz (1534 of 2515)
[2026-08-24 02:51:58] Importing Clipboard.members#52.0-347137262000-kotlin.trap.gz (1535 of 2515)
[2026-08-24 02:51:58] Importing ClipboardManager.members#52.0-347137262000-kotlin.trap.gz (1536 of 2515)
[2026-08-24 02:51:58] Importing InspectableValue.members#52.0-347137262000-kotlin.trap.gz (1537 of 2515)
[2026-08-24 02:51:58] Importing InspectorInfo.members#52.0-347137262000-kotlin.trap.gz (1538 of 2515)
[2026-08-24 02:51:58] Importing LocalContext;field.members#-1.0-0-null.trap.gz (1539 of 2515)
[2026-08-24 02:51:58] Importing LocalContext;property.members#-1.0-0-null.trap.gz (1540 of 2515)
[2026-08-24 02:51:58] Importing PlatformTextInputMethodRequest.members#52.0-347137262000-kotlin.trap.gz (1541 of 2515)
[2026-08-24 02:51:58] Importing PlatformTextInputSession.members#52.0-347137262000-kotlin.trap.gz (1542 of 2515)
[2026-08-24 02:51:58] Importing PlatformTextInputSessionScope.members#52.0-347137262000-kotlin.trap.gz (1543 of 2515)
[2026-08-24 02:51:58] Importing SoftwareKeyboardController.members#52.0-347137262000-kotlin.trap.gz (1544 of 2515)
[2026-08-24 02:51:58] Importing TextToolbar.members#52.0-347137262000-kotlin.trap.gz (1545 of 2515)
[2026-08-24 02:51:58] Importing TextToolbarStatus.members#52.0-347137262000-kotlin.trap.gz (1546 of 2515)
[2026-08-24 02:51:58] Importing ValueElement.members#52.0-347137262000-kotlin.trap.gz (1547 of 2515)
[2026-08-24 02:51:58] Importing ValueElementSequence.members#52.0-347137262000-kotlin.trap.gz (1548 of 2515)
[2026-08-24 02:51:58] Importing ViewConfiguration.members#52.0-347137262000-kotlin.trap.gz (1549 of 2515)
[2026-08-24 02:51:58] Importing WindowInfo.members#52.0-347137262000-kotlin.trap.gz (1550 of 2515)
[2026-08-24 02:51:58] Importing EmptySemanticsModifier.members#52.0-347137262000-kotlin.trap.gz (1551 of 2515)
[2026-08-24 02:51:58] Importing SemanticsConfiguration.members#52.0-347137262000-kotlin.trap.gz (1552 of 2515)
[2026-08-24 02:51:58] Importing SemanticsInfo.members#52.0-347137262000-kotlin.trap.gz (1553 of 2515)
[2026-08-24 02:51:58] Importing SemanticsListener.members#52.0-347137262000-kotlin.trap.gz (1554 of 2515)
[2026-08-24 02:51:58] Importing SemanticsNode.members#52.0-347137262000-kotlin.trap.gz (1555 of 2515)
[2026-08-24 02:51:58] Importing SemanticsOwner.members#52.0-347137262000-kotlin.trap.gz (1556 of 2515)
[2026-08-24 02:51:58] Importing SemanticsPropertyKey.members#52.0-347137262000-kotlin.trap.gz (1557 of 2515)
[2026-08-24 02:51:58] Importing SemanticsPropertyReceiver.members#52.0-347137262000-kotlin.trap.gz (1558 of 2515)
[2026-08-24 02:51:58] Importing RectList.members#52.0-347137262000-kotlin.trap.gz (1559 of 2515)
[2026-08-24 02:51:58] Importing RectManager.members#52.0-347137262000-kotlin.trap.gz (1560 of 2515)
[2026-08-24 02:51:58] Importing RelativeLayoutBounds.members#52.0-347137262000-kotlin.trap.gz (1561 of 2515)
[2026-08-24 02:51:58] Importing ToggleableState.members#52.0-347137262000-kotlin.trap.gz (1562 of 2515)
[2026-08-24 02:51:58] Importing AnnotatedString$Annotation.members#52.0-347137262000-kotlin.trap.gz (1563 of 2515)
[2026-08-24 02:51:58] Importing AnnotatedString$Builder$BulletScope.members#52.0-347137262000-kotlin.trap.gz (1564 of 2515)
[2026-08-24 02:51:58] Importing AnnotatedString$Builder.members#52.0-347137262000-kotlin.trap.gz (1565 of 2515)
[2026-08-24 02:51:58] Importing AnnotatedString$Companion.members#52.0-347137262000-kotlin.trap.gz (1566 of 2515)
[2026-08-24 02:51:58] Importing AnnotatedString$Range.members#52.0-347137262000-kotlin.trap.gz (1567 of 2515)
[2026-08-24 02:51:58] Importing AnnotatedString.members#52.0-347137262000-kotlin.trap.gz (1568 of 2515)
[2026-08-24 02:51:58] Importing Bullet$Companion.members#52.0-347137262000-kotlin.trap.gz (1569 of 2515)
[2026-08-24 02:51:58] Importing Bullet.members#52.0-347137262000-kotlin.trap.gz (1570 of 2515)
[2026-08-24 02:51:58] Importing EmojiSupportMatch$Companion.members#52.0-347137262000-kotlin.trap.gz (1571 of 2515)
[2026-08-24 02:51:58] Importing EmojiSupportMatch.members#52.0-347137262000-kotlin.trap.gz (1572 of 2515)
[2026-08-24 02:51:58] Importing ExperimentalTextApi.members#52.0-347137262000-kotlin.trap.gz (1573 of 2515)
[2026-08-24 02:51:58] Importing InternalTextApi.members#52.0-347137262000-kotlin.trap.gz (1574 of 2515)
[2026-08-24 02:51:58] Importing LinkAnnotation$Clickable.members#52.0-347137262000-kotlin.trap.gz (1575 of 2515)
[2026-08-24 02:51:58] Importing LinkAnnotation$Url.members#52.0-347137262000-kotlin.trap.gz (1576 of 2515)
[2026-08-24 02:51:58] Importing LinkAnnotation.members#52.0-347137262000-kotlin.trap.gz (1577 of 2515)
[2026-08-24 02:51:58] Importing LinkInteractionListener.members#52.0-347137262000-kotlin.trap.gz (1578 of 2515)
[2026-08-24 02:51:58] Importing MultiParagraph.members#52.0-347137262000-kotlin.trap.gz (1579 of 2515)
[2026-08-24 02:51:58] Importing MultiParagraphIntrinsics.members#52.0-347137262000-kotlin.trap.gz (1580 of 2515)
[2026-08-24 02:51:58] Importing Paragraph.members#52.0-347137262000-kotlin.trap.gz (1581 of 2515)
[2026-08-24 02:51:58] Importing ParagraphInfo.members#52.0-347137262000-kotlin.trap.gz (1582 of 2515)
[2026-08-24 02:51:58] Importing ParagraphIntrinsicInfo.members#52.0-347137262000-kotlin.trap.gz (1583 of 2515)
[2026-08-24 02:51:58] Importing ParagraphIntrinsics.members#52.0-347137262000-kotlin.trap.gz (1584 of 2515)
[2026-08-24 02:51:58] Importing ParagraphStyle.members#52.0-347137262000-kotlin.trap.gz (1585 of 2515)
[2026-08-24 02:51:58] Importing Placeholder.members#52.0-347137262000-kotlin.trap.gz (1586 of 2515)
[2026-08-24 02:51:58] Importing PlaceholderVerticalAlign$Companion.members#52.0-347137262000-kotlin.trap.gz (1587 of 2515)
[2026-08-24 02:51:58] Importing PlaceholderVerticalAlign.members#52.0-347137262000-kotlin.trap.gz (1588 of 2515)
[2026-08-24 02:51:58] Importing PlatformParagraphStyle$Companion.members#52.0-347137262000-kotlin.trap.gz (1589 of 2515)
[2026-08-24 02:51:58] Importing PlatformParagraphStyle.members#52.0-347137262000-kotlin.trap.gz (1590 of 2515)
[2026-08-24 02:51:58] Importing PlatformSpanStyle$Companion.members#52.0-347137262000-kotlin.trap.gz (1591 of 2515)
[2026-08-24 02:51:58] Importing PlatformSpanStyle.members#52.0-347137262000-kotlin.trap.gz (1592 of 2515)
[2026-08-24 02:51:58] Importing PlatformTextStyle.members#52.0-347137262000-kotlin.trap.gz (1593 of 2515)
[2026-08-24 02:51:58] Importing SpanStyle.members#52.0-347137262000-kotlin.trap.gz (1594 of 2515)
[2026-08-24 02:51:58] Importing TextGranularity$Companion.members#52.0-347137262000-kotlin.trap.gz (1595 of 2515)
[2026-08-24 02:51:58] Importing TextGranularity.members#52.0-347137262000-kotlin.trap.gz (1596 of 2515)
[2026-08-24 02:51:58] Importing TextInclusionStrategy$Companion.members#52.0-347137262000-kotlin.trap.gz (1597 of 2515)
[2026-08-24 02:51:58] Importing TextInclusionStrategy.members#52.0-347137262000-kotlin.trap.gz (1598 of 2515)
[2026-08-24 02:51:58] Importing TextLayoutInput.members#52.0-347137262000-kotlin.trap.gz (1599 of 2515)
[2026-08-24 02:51:58] Importing TextLayoutResult.members#52.0-347137262000-kotlin.trap.gz (1600 of 2515)
[2026-08-24 02:51:58] Importing TextLinkStyles.members#52.0-347137262000-kotlin.trap.gz (1601 of 2515)
[2026-08-24 02:51:58] Importing TextRange$Companion.members#52.0-347137262000-kotlin.trap.gz (1602 of 2515)
[2026-08-24 02:51:58] Importing TextRange.members#52.0-347137262000-kotlin.trap.gz (1603 of 2515)
[2026-08-24 02:51:58] Importing TextStyle$Companion.members#52.0-347137262000-kotlin.trap.gz (1604 of 2515)
[2026-08-24 02:51:58] Importing TextStyle.members#52.0-347137262000-kotlin.trap.gz (1605 of 2515)
[2026-08-24 02:51:58] Importing TtsAnnotation.members#52.0-347137262000-kotlin.trap.gz (1606 of 2515)
[2026-08-24 02:51:58] Importing UrlAnnotation.members#52.0-347137262000-kotlin.trap.gz (1607 of 2515)
[2026-08-24 02:51:58] Importing Font$Companion.members#52.0-347137262000-kotlin.trap.gz (1608 of 2515)
[2026-08-24 02:51:58] Importing Font$ResourceLoader.members#52.0-347137262000-kotlin.trap.gz (1609 of 2515)
[2026-08-24 02:51:58] Importing Font.members#52.0-347137262000-kotlin.trap.gz (1610 of 2515)
[2026-08-24 02:51:58] Importing FontFamily$Companion.members#52.0-347137262000-kotlin.trap.gz (1611 of 2515)
[2026-08-24 02:51:58] Importing FontFamily$Resolver.members#52.0-347137262000-kotlin.trap.gz (1612 of 2515)
[2026-08-24 02:51:58] Importing FontFamily.members#52.0-347137262000-kotlin.trap.gz (1613 of 2515)
[2026-08-24 02:51:58] Importing FontLoadingStrategy$Companion.members#52.0-347137262000-kotlin.trap.gz (1614 of 2515)
[2026-08-24 02:51:58] Importing FontLoadingStrategy.members#52.0-347137262000-kotlin.trap.gz (1615 of 2515)
[2026-08-24 02:51:58] Importing FontStyle$Companion.members#52.0-347137262000-kotlin.trap.gz (1616 of 2515)
[2026-08-24 02:51:58] Importing FontStyle.members#52.0-347137262000-kotlin.trap.gz (1617 of 2515)
[2026-08-24 02:51:58] Importing FontSynthesis$Companion.members#52.0-347137262000-kotlin.trap.gz (1618 of 2515)
[2026-08-24 02:51:58] Importing FontSynthesis.members#52.0-347137262000-kotlin.trap.gz (1619 of 2515)
[2026-08-24 02:51:58] Importing FontWeight$Companion.members#52.0-347137262000-kotlin.trap.gz (1620 of 2515)
[2026-08-24 02:51:58] Importing FontWeight.members#52.0-347137262000-kotlin.trap.gz (1621 of 2515)
[2026-08-24 02:51:58] Importing GenericFontFamily.members#52.0-347137262000-kotlin.trap.gz (1622 of 2515)
[2026-08-24 02:51:58] Importing SystemFontFamily.members#52.0-347137262000-kotlin.trap.gz (1623 of 2515)
[2026-08-24 02:51:58] Importing EditCommand.members#52.0-347137262000-kotlin.trap.gz (1624 of 2515)
[2026-08-24 02:51:58] Importing EditingBuffer$Companion.members#52.0-347137262000-kotlin.trap.gz (1625 of 2515)
[2026-08-24 02:51:58] Importing EditingBuffer.members#52.0-347137262000-kotlin.trap.gz (1626 of 2515)
[2026-08-24 02:51:58] Importing ImeAction$Companion.members#52.0-347137262000-kotlin.trap.gz (1627 of 2515)
[2026-08-24 02:51:58] Importing ImeAction.members#52.0-347137262000-kotlin.trap.gz (1628 of 2515)
[2026-08-24 02:51:58] Importing ImeOptions$Companion.members#52.0-347137262000-kotlin.trap.gz (1629 of 2515)
[2026-08-24 02:51:58] Importing ImeOptions.members#52.0-347137262000-kotlin.trap.gz (1630 of 2515)
[2026-08-24 02:51:58] Importing KeyboardCapitalization$Companion.members#52.0-347137262000-kotlin.trap.gz (1631 of 2515)
[2026-08-24 02:51:58] Importing KeyboardCapitalization.members#52.0-347137262000-kotlin.trap.gz (1632 of 2515)
[2026-08-24 02:51:58] Importing KeyboardType$Companion.members#52.0-347137262000-kotlin.trap.gz (1633 of 2515)
[2026-08-24 02:51:58] Importing KeyboardType.members#52.0-347137262000-kotlin.trap.gz (1634 of 2515)
[2026-08-24 02:51:58] Importing OffsetMapping$Companion.members#52.0-347137262000-kotlin.trap.gz (1635 of 2515)
[2026-08-24 02:51:58] Importing OffsetMapping.members#52.0-347137262000-kotlin.trap.gz (1636 of 2515)
[2026-08-24 02:51:58] Importing PlatformImeOptions.members#52.0-347137262000-kotlin.trap.gz (1637 of 2515)
[2026-08-24 02:51:58] Importing PlatformTextInputService.members#52.0-347137262000-kotlin.trap.gz (1638 of 2515)
[2026-08-24 02:51:58] Importing TextFieldValue$Companion.members#52.0-347137262000-kotlin.trap.gz (1639 of 2515)
[2026-08-24 02:51:58] Importing TextFieldValue.members#52.0-347137262000-kotlin.trap.gz (1640 of 2515)
[2026-08-24 02:51:58] Importing TextInputService.members#52.0-347137262000-kotlin.trap.gz (1641 of 2515)
[2026-08-24 02:51:58] Importing TextInputSession.members#52.0-347137262000-kotlin.trap.gz (1642 of 2515)
[2026-08-24 02:51:58] Importing Locale$Companion.members#52.0-347137262000-kotlin.trap.gz (1643 of 2515)
[2026-08-24 02:51:58] Importing Locale.members#52.0-347137262000-kotlin.trap.gz (1644 of 2515)
[2026-08-24 02:51:58] Importing LocaleList$Companion.members#52.0-347137262000-kotlin.trap.gz (1645 of 2515)
[2026-08-24 02:51:58] Importing LocaleList.members#52.0-347137262000-kotlin.trap.gz (1646 of 2515)
[2026-08-24 02:51:58] Importing BaselineShift$Companion.members#52.0-347137262000-kotlin.trap.gz (1647 of 2515)
[2026-08-24 02:51:58] Importing BaselineShift.members#52.0-347137262000-kotlin.trap.gz (1648 of 2515)
[2026-08-24 02:51:58] Importing Hyphens$Companion.members#52.0-347137262000-kotlin.trap.gz (1649 of 2515)
[2026-08-24 02:51:58] Importing Hyphens.members#52.0-347137262000-kotlin.trap.gz (1650 of 2515)
[2026-08-24 02:51:58] Importing LineBreak$Companion.members#52.0-347137262000-kotlin.trap.gz (1651 of 2515)
[2026-08-24 02:51:58] Importing LineBreak$Strategy$Companion.members#52.0-347137262000-kotlin.trap.gz (1652 of 2515)
[2026-08-24 02:51:58] Importing LineBreak$Strategy.members#52.0-347137262000-kotlin.trap.gz (1653 of 2515)
[2026-08-24 02:51:58] Importing LineBreak$Strictness$Companion.members#52.0-347137262000-kotlin.trap.gz (1654 of 2515)
[2026-08-24 02:51:58] Importing LineBreak$Strictness.members#52.0-347137262000-kotlin.trap.gz (1655 of 2515)
[2026-08-24 02:51:58] Importing LineBreak$WordBreak$Companion.members#52.0-347137262000-kotlin.trap.gz (1656 of 2515)
[2026-08-24 02:51:58] Importing LineBreak$WordBreak.members#52.0-347137262000-kotlin.trap.gz (1657 of 2515)
[2026-08-24 02:51:58] Importing LineBreak.members#52.0-347137262000-kotlin.trap.gz (1658 of 2515)
[2026-08-24 02:51:58] Importing LineHeightStyle$Alignment$Companion.members#52.0-347137262000-kotlin.trap.gz (1659 of 2515)
[2026-08-24 02:51:58] Importing LineHeightStyle$Alignment.members#52.0-347137262000-kotlin.trap.gz (1660 of 2515)
[2026-08-24 02:51:58] Importing LineHeightStyle$Companion.members#52.0-347137262000-kotlin.trap.gz (1661 of 2515)
[2026-08-24 02:51:58] Importing LineHeightStyle$Mode$Companion.members#52.0-347137262000-kotlin.trap.gz (1662 of 2515)
[2026-08-24 02:51:58] Importing LineHeightStyle$Mode.members#52.0-347137262000-kotlin.trap.gz (1663 of 2515)
[2026-08-24 02:51:58] Importing LineHeightStyle$Trim$Companion.members#52.0-347137262000-kotlin.trap.gz (1664 of 2515)
[2026-08-24 02:51:58] Importing LineHeightStyle$Trim.members#52.0-347137262000-kotlin.trap.gz (1665 of 2515)
[2026-08-24 02:51:58] Importing LineHeightStyle.members#52.0-347137262000-kotlin.trap.gz (1666 of 2515)
[2026-08-24 02:51:58] Importing ResolvedTextDirection.members#52.0-347137262000-kotlin.trap.gz (1667 of 2515)
[2026-08-24 02:51:58] Importing TextAlign$Companion.members#52.0-347137262000-kotlin.trap.gz (1668 of 2515)
[2026-08-24 02:51:58] Importing TextAlign.members#52.0-347137262000-kotlin.trap.gz (1669 of 2515)
[2026-08-24 02:51:58] Importing TextDecoration$Companion.members#52.0-347137262000-kotlin.trap.gz (1670 of 2515)
[2026-08-24 02:51:58] Importing TextDecoration.members#52.0-347137262000-kotlin.trap.gz (1671 of 2515)
[2026-08-24 02:51:58] Importing TextDirection$Companion.members#52.0-347137262000-kotlin.trap.gz (1672 of 2515)
[2026-08-24 02:51:58] Importing TextDirection.members#52.0-347137262000-kotlin.trap.gz (1673 of 2515)
[2026-08-24 02:51:58] Importing TextForegroundStyle$Companion.members#52.0-347137262000-kotlin.trap.gz (1674 of 2515)
[2026-08-24 02:51:58] Importing TextForegroundStyle$Unspecified.members#52.0-347137262000-kotlin.trap.gz (1675 of 2515)
[2026-08-24 02:51:58] Importing TextForegroundStyle.members#52.0-347137262000-kotlin.trap.gz (1676 of 2515)
[2026-08-24 02:51:58] Importing TextGeometricTransform$Companion.members#52.0-347137262000-kotlin.trap.gz (1677 of 2515)
[2026-08-24 02:51:58] Importing TextGeometricTransform.members#52.0-347137262000-kotlin.trap.gz (1678 of 2515)
[2026-08-24 02:51:58] Importing TextIndent$Companion.members#52.0-347137262000-kotlin.trap.gz (1679 of 2515)
[2026-08-24 02:51:58] Importing TextIndent.members#52.0-347137262000-kotlin.trap.gz (1680 of 2515)
[2026-08-24 02:51:58] Importing TextMotion$Companion.members#52.0-347137262000-kotlin.trap.gz (1681 of 2515)
[2026-08-24 02:51:58] Importing TextMotion$Linearity$Companion.members#52.0-347137262000-kotlin.trap.gz (1682 of 2515)
[2026-08-24 02:51:58] Importing TextMotion$Linearity.members#52.0-347137262000-kotlin.trap.gz (1683 of 2515)
[2026-08-24 02:51:58] Importing TextMotion.members#52.0-347137262000-kotlin.trap.gz (1684 of 2515)
[2026-08-24 02:51:58] Importing TextOverflow$Companion.members#52.0-347137262000-kotlin.trap.gz (1685 of 2515)
[2026-08-24 02:51:58] Importing TextOverflow.members#52.0-347137262000-kotlin.trap.gz (1686 of 2515)
[2026-08-24 02:51:58] Importing Constraints$Companion.members#52.0-347137262000-kotlin.trap.gz (1687 of 2515)
[2026-08-24 02:51:58] Importing Constraints.members#52.0-347137262000-kotlin.trap.gz (1688 of 2515)
[2026-08-24 02:51:58] Importing Density.members#52.0-347137262000-kotlin.trap.gz (1689 of 2515)
[2026-08-24 02:51:58] Importing Dp$Companion.members#52.0-347137262000-kotlin.trap.gz (1690 of 2515)
[2026-08-24 02:51:58] Importing Dp.members#52.0-347137262000-kotlin.trap.gz (1691 of 2515)
[2026-08-24 02:51:58] Importing DpOffset$Companion.members#52.0-347137262000-kotlin.trap.gz (1692 of 2515)
[2026-08-24 02:51:58] Importing DpOffset.members#52.0-347137262000-kotlin.trap.gz (1693 of 2515)
[2026-08-24 02:51:58] Importing DpRect$Companion.members#52.0-347137262000-kotlin.trap.gz (1694 of 2515)
[2026-08-24 02:51:58] Importing DpRect.members#52.0-347137262000-kotlin.trap.gz (1695 of 2515)
[2026-08-24 02:51:58] Importing DpSize$Companion.members#52.0-347137262000-kotlin.trap.gz (1696 of 2515)
[2026-08-24 02:51:58] Importing DpSize.members#52.0-347137262000-kotlin.trap.gz (1697 of 2515)
[2026-08-24 02:51:58] Importing FontScaling.members#52.0-347137262000-kotlin.trap.gz (1698 of 2515)
[2026-08-24 02:51:58] Importing IntOffset$Companion.members#52.0-347137262000-kotlin.trap.gz (1699 of 2515)
[2026-08-24 02:51:58] Importing IntOffset.members#52.0-347137262000-kotlin.trap.gz (1700 of 2515)
[2026-08-24 02:51:58] Importing IntRect$Companion.members#52.0-347137262000-kotlin.trap.gz (1701 of 2515)
[2026-08-24 02:51:58] Importing IntRect.members#52.0-347137262000-kotlin.trap.gz (1702 of 2515)
[2026-08-24 02:51:58] Importing IntSize$Companion.members#52.0-347137262000-kotlin.trap.gz (1703 of 2515)
[2026-08-24 02:51:58] Importing IntSize.members#52.0-347137262000-kotlin.trap.gz (1704 of 2515)
[2026-08-24 02:51:58] Importing LayoutDirection.members#52.0-347137262000-kotlin.trap.gz (1705 of 2515)
[2026-08-24 02:51:58] Importing TextUnit$Companion.members#52.0-347137262000-kotlin.trap.gz (1706 of 2515)
[2026-08-24 02:51:58] Importing TextUnit.members#52.0-347137262000-kotlin.trap.gz (1707 of 2515)
[2026-08-24 02:51:58] Importing TextUnitType$Companion.members#52.0-347137262000-kotlin.trap.gz (1708 of 2515)
[2026-08-24 02:51:58] Importing TextUnitType.members#52.0-347137262000-kotlin.trap.gz (1709 of 2515)
[2026-08-24 02:51:58] Importing Velocity$Companion.members#52.0-347137262000-kotlin.trap.gz (1710 of 2515)
[2026-08-24 02:51:58] Importing Velocity.members#52.0-347137262000-kotlin.trap.gz (1711 of 2515)
[2026-08-24 02:51:58] Importing dpint;field.members#-1.0-0-null.trap.gz (1712 of 2515)
[2026-08-24 02:51:58] Importing dpint;property.members#-1.0-0-null.trap.gz (1713 of 2515)
[2026-08-24 02:51:58] Importing spdouble;field.members#-1.0-0-null.trap.gz (1714 of 2515)
[2026-08-24 02:51:58] Importing spdouble;property.members#-1.0-0-null.trap.gz (1715 of 2515)
[2026-08-24 02:51:58] Importing spint;field.members#-1.0-0-null.trap.gz (1716 of 2515)
[2026-08-24 02:51:58] Importing spint;property.members#-1.0-0-null.trap.gz (1717 of 2515)
[2026-08-24 02:51:58] Importing AndroidViewHolder$Companion.members#52.0-347137262000-kotlin.trap.gz (1718 of 2515)
[2026-08-24 02:51:58] Importing AndroidViewHolder.members#52.0-347137262000-kotlin.trap.gz (1719 of 2515)
[2026-08-24 02:51:58] Importing ActivityOptionsCompat$BackgroundActivityStartMode.members#55.0-347137262000-kotlin.trap.gz (1720 of 2515)
[2026-08-24 02:51:58] Importing ActivityOptionsCompat.members#55.0-347137262000-kotlin.trap.gz (1721 of 2515)
[2026-08-24 02:51:58] Importing ComponentActivity$ExtraData.members#55.0-347137262000-kotlin.trap.gz (1722 of 2515)
[2026-08-24 02:51:58] Importing ComponentActivity.members#55.0-347137262000-kotlin.trap.gz (1723 of 2515)
[2026-08-24 02:51:58] Importing MultiWindowModeChangedInfo.members#55.0-347137262000-kotlin.trap.gz (1724 of 2515)
[2026-08-24 02:51:58] Importing OnMultiWindowModeChangedProvider.members#55.0-347137262000-kotlin.trap.gz (1725 of 2515)
[2026-08-24 02:51:58] Importing OnNewIntentProvider.members#55.0-347137262000-kotlin.trap.gz (1726 of 2515)
[2026-08-24 02:51:58] Importing OnPictureInPictureModeChangedProvider.members#55.0-347137262000-kotlin.trap.gz (1727 of 2515)
[2026-08-24 02:51:58] Importing OnPictureInPictureUiStateChangedProvider.members#55.0-347137262000-kotlin.trap.gz (1728 of 2515)
[2026-08-24 02:51:58] Importing OnUserLeaveHintProvider.members#55.0-347137262000-kotlin.trap.gz (1729 of 2515)
[2026-08-24 02:51:58] Importing PictureInPictureModeChangedInfo.members#55.0-347137262000-kotlin.trap.gz (1730 of 2515)
[2026-08-24 02:51:58] Importing PictureInPictureParamsCompat$Builder.members#55.0-347137262000-kotlin.trap.gz (1731 of 2515)
[2026-08-24 02:51:58] Importing PictureInPictureParamsCompat.members#55.0-347137262000-kotlin.trap.gz (1732 of 2515)
[2026-08-24 02:51:58] Importing PictureInPictureProvider.members#55.0-347137262000-kotlin.trap.gz (1733 of 2515)
[2026-08-24 02:51:58] Importing PictureInPictureUiStateCompat$Companion.members#55.0-347137262000-kotlin.trap.gz (1734 of 2515)
[2026-08-24 02:51:58] Importing PictureInPictureUiStateCompat.members#55.0-347137262000-kotlin.trap.gz (1735 of 2515)
[2026-08-24 02:51:58] Importing OnConfigurationChangedProvider.members#55.0-347137262000-kotlin.trap.gz (1736 of 2515)
[2026-08-24 02:51:58] Importing OnTrimMemoryProvider.members#55.0-347137262000-kotlin.trap.gz (1737 of 2515)
[2026-08-24 02:51:58] Importing Insets$Api29Impl.members#55.0-347137262000-kotlin.trap.gz (1738 of 2515)
[2026-08-24 02:51:58] Importing Insets.members#55.0-347137262000-kotlin.trap.gz (1739 of 2515)
[2026-08-24 02:51:58] Importing Consumer.members#55.0-347137262000-kotlin.trap.gz (1740 of 2515)
[2026-08-24 02:51:58] Importing Pair.members#55.0-347137262000-kotlin.trap.gz (1741 of 2515)
[2026-08-24 02:51:58] Importing DisplayCutoutCompat$Api28Impl.members#55.0-347137262000-kotlin.trap.gz (1742 of 2515)
[2026-08-24 02:51:58] Importing DisplayCutoutCompat$Api29Impl.members#55.0-347137262000-kotlin.trap.gz (1743 of 2515)
[2026-08-24 02:51:58] Importing DisplayCutoutCompat$Api30Impl.members#55.0-347137262000-kotlin.trap.gz (1744 of 2515)
[2026-08-24 02:51:58] Importing DisplayCutoutCompat$Api31Impl.members#55.0-347137262000-kotlin.trap.gz (1745 of 2515)
[2026-08-24 02:51:58] Importing DisplayCutoutCompat$Api33Impl.members#55.0-347137262000-kotlin.trap.gz (1746 of 2515)
[2026-08-24 02:51:58] Importing DisplayCutoutCompat.members#55.0-347137262000-kotlin.trap.gz (1747 of 2515)
[2026-08-24 02:51:58] Importing DisplayShapeCompat.members#55.0-347137262000-kotlin.trap.gz (1748 of 2515)
[2026-08-24 02:51:58] Importing KeyEventDispatcher$Component.members#55.0-347137262000-kotlin.trap.gz (1749 of 2515)
[2026-08-24 02:51:58] Importing KeyEventDispatcher.members#55.0-347137262000-kotlin.trap.gz (1750 of 2515)
[2026-08-24 02:51:58] Importing MenuHost.members#55.0-347137262000-kotlin.trap.gz (1751 of 2515)
[2026-08-24 02:51:58] Importing MenuProvider.members#55.0-347137262000-kotlin.trap.gz (1752 of 2515)
[2026-08-24 02:51:58] Importing NestedScrollingParent.members#55.0-347137262000-kotlin.trap.gz (1753 of 2515)
[2026-08-24 02:51:58] Importing NestedScrollingParent2.members#55.0-347137262000-kotlin.trap.gz (1754 of 2515)
[2026-08-24 02:51:58] Importing NestedScrollingParent3.members#55.0-347137262000-kotlin.trap.gz (1755 of 2515)
[2026-08-24 02:51:58] Importing OnApplyWindowInsetsListener.members#55.0-347137262000-kotlin.trap.gz (1756 of 2515)
[2026-08-24 02:51:58] Importing RoundedCornerCompat$Position.members#55.0-347137262000-kotlin.trap.gz (1757 of 2515)
[2026-08-24 02:51:58] Importing RoundedCornerCompat.members#55.0-347137262000-kotlin.trap.gz (1758 of 2515)
[2026-08-24 02:51:58] Importing WindowInsetsCompat$Builder.members#55.0-347137262000-kotlin.trap.gz (1759 of 2515)
[2026-08-24 02:51:58] Importing WindowInsetsCompat$Side$InsetsSide.members#55.0-347137262000-kotlin.trap.gz (1760 of 2515)
[2026-08-24 02:51:58] Importing WindowInsetsCompat$Side.members#55.0-347137262000-kotlin.trap.gz (1761 of 2515)
[2026-08-24 02:51:58] Importing WindowInsetsCompat$Type$InsetsType.members#55.0-347137262000-kotlin.trap.gz (1762 of 2515)
[2026-08-24 02:51:58] Importing WindowInsetsCompat$Type.members#55.0-347137262000-kotlin.trap.gz (1763 of 2515)
[2026-08-24 02:51:58] Importing WindowInsetsCompat.members#55.0-347137262000-kotlin.trap.gz (1764 of 2515)
[2026-08-24 02:51:58] Importing AtomicReference.members#55.0-318189600000-kotlin.trap.gz (1765 of 2515)
[2026-08-24 02:51:58] Importing HasDefaultViewModelProviderFactory.members#55.0-347137262000-kotlin.trap.gz (1766 of 2515)
[2026-08-24 02:51:58] Importing Lifecycle$Event$Companion.members#55.0-318189600000-kotlin.trap.gz (1767 of 2515)
[2026-08-24 02:51:58] Importing Lifecycle$Event.members#55.0-318189600000-kotlin.trap.gz (1768 of 2515)
[2026-08-24 02:51:58] Importing Lifecycle$State.members#55.0-318189600000-kotlin.trap.gz (1769 of 2515)
[2026-08-24 02:51:58] Importing Lifecycle.members#55.0-318189600000-kotlin.trap.gz (1770 of 2515)
[2026-08-24 02:51:58] Importing LifecycleObserver.members#55.0-318189600000-kotlin.trap.gz (1771 of 2515)
[2026-08-24 02:51:58] Importing LifecycleOwner.members#55.0-318189600000-kotlin.trap.gz (1772 of 2515)
[2026-08-24 02:51:58] Importing ViewModel.members#55.0-347137262000-kotlin.trap.gz (1773 of 2515)
[2026-08-24 02:51:58] Importing ViewModelProvider$AndroidViewModelFactory$Companion.members#55.0-347137262000-kotlin.trap.gz (1774 of 2515)
[2026-08-24 02:51:58] Importing ViewModelProvider$AndroidViewModelFactory.members#55.0-347137262000-kotlin.trap.gz (1775 of 2515)
[2026-08-24 02:51:58] Importing ViewModelProvider$Companion.members#55.0-347137262000-kotlin.trap.gz (1776 of 2515)
[2026-08-24 02:51:58] Importing ViewModelProvider$Factory$Companion.members#55.0-347137262000-kotlin.trap.gz (1777 of 2515)
[2026-08-24 02:51:58] Importing ViewModelProvider$Factory.members#55.0-347137262000-kotlin.trap.gz (1778 of 2515)
[2026-08-24 02:51:58] Importing ViewModelProvider$NewInstanceFactory$Companion.members#55.0-347137262000-kotlin.trap.gz (1779 of 2515)
[2026-08-24 02:51:58] Importing ViewModelProvider$NewInstanceFactory.members#55.0-347137262000-kotlin.trap.gz (1780 of 2515)
[2026-08-24 02:51:58] Importing ViewModelProvider$OnRequeryFactory.members#55.0-347137262000-kotlin.trap.gz (1781 of 2515)
[2026-08-24 02:51:58] Importing ViewModelProvider.members#55.0-347137262000-kotlin.trap.gz (1782 of 2515)
[2026-08-24 02:51:58] Importing ViewModelStore.members#55.0-347137262000-kotlin.trap.gz (1783 of 2515)
[2026-08-24 02:51:58] Importing ViewModelStoreOwner.members#55.0-347137262000-kotlin.trap.gz (1784 of 2515)
[2026-08-24 02:51:58] Importing CreationExtras$Companion.members#55.0-347137262000-kotlin.trap.gz (1785 of 2515)
[2026-08-24 02:51:58] Importing CreationExtras$Empty.members#55.0-347137262000-kotlin.trap.gz (1786 of 2515)
[2026-08-24 02:51:58] Importing CreationExtras$Key.members#55.0-347137262000-kotlin.trap.gz (1787 of 2515)
[2026-08-24 02:51:58] Importing CreationExtras.members#55.0-347137262000-kotlin.trap.gz (1788 of 2515)
[2026-08-24 02:51:58] Importing ViewModelInitializer.members#55.0-347137262000-kotlin.trap.gz (1789 of 2515)
[2026-08-24 02:51:58] Importing NavigationEvent$Companion.members#52.0-347137262000-kotlin.trap.gz (1790 of 2515)
[2026-08-24 02:51:58] Importing NavigationEvent$SwipeEdge.members#52.0-347137262000-kotlin.trap.gz (1791 of 2515)
[2026-08-24 02:51:58] Importing NavigationEvent.members#52.0-347137262000-kotlin.trap.gz (1792 of 2515)
[2026-08-24 02:51:58] Importing NavigationEventDispatcher$Companion.members#52.0-347137262000-kotlin.trap.gz (1793 of 2515)
[2026-08-24 02:51:58] Importing NavigationEventDispatcher$Priority.members#52.0-347137262000-kotlin.trap.gz (1794 of 2515)
[2026-08-24 02:51:58] Importing NavigationEventDispatcher.members#52.0-347137262000-kotlin.trap.gz (1795 of 2515)
[2026-08-24 02:51:58] Importing NavigationEventDispatcherOwner.members#52.0-347137262000-kotlin.trap.gz (1796 of 2515)
[2026-08-24 02:51:58] Importing NavigationEventHandler.members#52.0-347137262000-kotlin.trap.gz (1797 of 2515)
[2026-08-24 02:51:58] Importing NavigationEventHistory.members#52.0-347137262000-kotlin.trap.gz (1798 of 2515)
[2026-08-24 02:51:58] Importing NavigationEventInfo$None.members#52.0-347137262000-kotlin.trap.gz (1799 of 2515)
[2026-08-24 02:51:58] Importing NavigationEventInfo.members#52.0-347137262000-kotlin.trap.gz (1800 of 2515)
[2026-08-24 02:51:58] Importing NavigationEventInput.members#52.0-347137262000-kotlin.trap.gz (1801 of 2515)
[2026-08-24 02:51:58] Importing NavigationEventProcessor.members#52.0-347137262000-kotlin.trap.gz (1802 of 2515)
[2026-08-24 02:51:58] Importing NavigationEventTransitionState$Companion.members#52.0-347137262000-kotlin.trap.gz (1803 of 2515)
[2026-08-24 02:51:58] Importing NavigationEventTransitionState$Direction.members#52.0-347137262000-kotlin.trap.gz (1804 of 2515)
[2026-08-24 02:51:58] Importing NavigationEventTransitionState$Idle.members#52.0-347137262000-kotlin.trap.gz (1805 of 2515)
[2026-08-24 02:51:58] Importing NavigationEventTransitionState$InProgress.members#52.0-347137262000-kotlin.trap.gz (1806 of 2515)
[2026-08-24 02:51:58] Importing NavigationEventTransitionState.members#52.0-347137262000-kotlin.trap.gz (1807 of 2515)
[2026-08-24 02:51:58] Importing OnBackCompletedFallback.members#52.0-347137262000-kotlin.trap.gz (1808 of 2515)
[2026-08-24 02:51:58] Importing SavedStateRegistry$AutoRecreated.members#52.0-347137262000-kotlin.trap.gz (1809 of 2515)
[2026-08-24 02:51:58] Importing SavedStateRegistry$SavedStateProvider.members#52.0-347137262000-kotlin.trap.gz (1810 of 2515)
[2026-08-24 02:51:58] Importing SavedStateRegistry.members#52.0-347137262000-kotlin.trap.gz (1811 of 2515)
[2026-08-24 02:51:58] Importing SavedStateRegistryOwner.members#52.0-347137262000-kotlin.trap.gz (1812 of 2515)
[2026-08-24 02:51:58] Importing SavedStateRegistryImpl.members#52.0-347137262000-kotlin.trap.gz (1813 of 2515)
[2026-08-24 02:51:58] Importing AegisIsolatedClient.members#0.0-0-kotlin.trap.gz (1814 of 2515)
[2026-08-24 02:51:58] Importing AegisIsolatedClientKt.members#0.0-0-kotlin.trap.gz (1815 of 2515)
[2026-08-24 02:51:58] Importing AegisIsolatedService$Companion.members#0.0-0-kotlin.trap.gz (1816 of 2515)
[2026-08-24 02:51:58] Importing AegisIsolatedService.members#0.0-0-kotlin.trap.gz (1817 of 2515)
[2026-08-24 02:51:58] Importing AegisIsolatedServiceKt.members#0.0-0-kotlin.trap.gz (1818 of 2515)
[2026-08-24 02:51:58] Importing ComposableSingletons$MainActivityKt.members#0.0-0-kotlin.trap.gz (1819 of 2515)
[2026-08-24 02:51:58] Importing ImageInfo.members#0.0-0-kotlin.trap.gz (1820 of 2515)
[2026-08-24 02:51:58] Importing ImageManager.members#0.0-0-kotlin.trap.gz (1821 of 2515)
[2026-08-24 02:51:58] Importing ImageManagerKt.members#0.0-0-kotlin.trap.gz (1822 of 2515)
[2026-08-24 02:51:58] Importing MainActivity.members#0.0-0-kotlin.trap.gz (1823 of 2515)
[2026-08-24 02:51:58] Importing MainActivityKt$DashboardScreen(androidx.compose.ui.Modifier,androidx.compose.runtime.Composer,int,int).members#0.0-0-kotlin.trap.gz (1824 of 2515)
[2026-08-24 02:51:58] Importing MainActivityKt$EmptyVMCard(androidx.compose.runtime.Composer,int).members#0.0-0-kotlin.trap.gz (1825 of 2515)
[2026-08-24 02:51:58] Importing MainActivityKt$ImagesScreen(androidx.compose.ui.Modifier,androidx.compose.runtime.Composer,int,int).members#0.0-0-kotlin.trap.gz (1826 of 2515)
[2026-08-24 02:51:58] Importing MainActivityKt$SecureGSIApp(androidx.compose.runtime.Composer,int).members#0.0-0-kotlin.trap.gz (1827 of 2515)
[2026-08-24 02:51:58] Importing MainActivityKt$SecureGSITheme(kotlin.jvm.functions.Function2,androidx.compose.runtime.Composer,int).members#0.0-0-kotlin.trap.gz (1828 of 2515)
[2026-08-24 02:51:58] Importing MainActivityKt$SecurityOption(java.lang.String,java.lang.String,androidx.compose.runtime.Composer,int).members#0.0-0-kotlin.trap.gz (1829 of 2515)
[2026-08-24 02:51:58] Importing MainActivityKt$SecurityScreen(androidx.compose.ui.Modifier,androidx.compose.runtime.Composer,int,int).members#0.0-0-kotlin.trap.gz (1830 of 2515)
[2026-08-24 02:51:58] Importing MainActivityKt$SecuritySummaryCard(androidx.compose.runtime.Composer,int).members#0.0-0-kotlin.trap.gz (1831 of 2515)
[2026-08-24 02:51:58] Importing MainActivityKt$StatusRow(java.lang.String,java.lang.String,androidx.compose.runtime.Composer,int).members#0.0-0-kotlin.trap.gz (1832 of 2515)
[2026-08-24 02:51:58] Importing MainActivityKt$SystemStatusCard(androidx.compose.runtime.Composer,int).members#0.0-0-kotlin.trap.gz (1833 of 2515)
[2026-08-24 02:51:58] Importing MainActivityKt$formatFileSize(long).members#0.0-0-kotlin.trap.gz (1834 of 2515)
[2026-08-24 02:51:58] Importing MainActivityKt.members#0.0-0-kotlin.trap.gz (1835 of 2515)
[2026-08-24 02:51:58] Importing RustBridge.members#0.0-0-kotlin.trap.gz (1836 of 2515)
[2026-08-24 02:51:58] Importing RustBridgeKt.members#0.0-0-kotlin.trap.gz (1837 of 2515)
[2026-08-24 02:51:58] Importing SystemStatus.members#0.0-0-kotlin.trap.gz (1838 of 2515)
[2026-08-24 02:51:58] Importing SystemStatusKt.members#0.0-0-kotlin.trap.gz (1839 of 2515)
[2026-08-24 02:51:58] Importing SystemStatusReader.members#0.0-0-kotlin.trap.gz (1840 of 2515)
[2026-08-24 02:51:58] Importing ColorKt$Pink40;property.members#0.0-0-kotlin.trap.gz (1841 of 2515)
[2026-08-24 02:51:58] Importing ColorKt$Pink80;property.members#0.0-0-kotlin.trap.gz (1842 of 2515)
[2026-08-24 02:51:58] Importing ColorKt$Purple40;property.members#0.0-0-kotlin.trap.gz (1843 of 2515)
[2026-08-24 02:51:58] Importing ColorKt$Purple80;property.members#0.0-0-kotlin.trap.gz (1844 of 2515)
[2026-08-24 02:51:58] Importing ColorKt$PurpleGrey40;property.members#0.0-0-kotlin.trap.gz (1845 of 2515)
[2026-08-24 02:51:59] Importing ColorKt$PurpleGrey80;property.members#0.0-0-kotlin.trap.gz (1846 of 2515)
[2026-08-24 02:51:59] Importing ColorKt.members#0.0-0-kotlin.trap.gz (1847 of 2515)
[2026-08-24 02:51:59] Importing ThemeKt$DarkColorScheme;property.members#0.0-0-kotlin.trap.gz (1848 of 2515)
[2026-08-24 02:51:59] Importing ThemeKt$LightColorScheme;property.members#0.0-0-kotlin.trap.gz (1849 of 2515)
[2026-08-24 02:51:59] Importing ThemeKt$SecureGSITheme(boolean,boolean,kotlin.jvm.functions.Function2,androidx.compose.runtime.Composer,int,int).members#0.0-0-kotlin.trap.gz (1850 of 2515)
[2026-08-24 02:51:59] Importing ThemeKt.members#0.0-0-kotlin.trap.gz (1851 of 2515)
[2026-08-24 02:51:59] Importing TypeKt$Typography;property.members#0.0-0-kotlin.trap.gz (1852 of 2515)
[2026-08-24 02:51:59] Importing TypeKt.members#0.0-0-kotlin.trap.gz (1853 of 2515)
[2026-08-24 02:51:59] Importing Closeable.members#52.0-1199127600000-kotlin.trap.gz (1854 of 2515)
[2026-08-24 02:51:59] Importing Console.members#52.0-1199127600000-kotlin.trap.gz (1855 of 2515)
[2026-08-24 02:51:59] Importing File.members#52.0-1199127600000-kotlin.trap.gz (1856 of 2515)
[2026-08-24 02:51:59] Importing FileDescriptor.members#52.0-1199127600000-kotlin.trap.gz (1857 of 2515)
[2026-08-24 02:51:59] Importing FileFilter.members#52.0-1199127600000-kotlin.trap.gz (1858 of 2515)
[2026-08-24 02:51:59] Importing FileInputStream.members#52.0-1199127600000-kotlin.trap.gz (1859 of 2515)
[2026-08-24 02:51:59] Importing FileOutputStream.members#52.0-1199127600000-kotlin.trap.gz (1860 of 2515)
[2026-08-24 02:51:59] Importing FilenameFilter.members#52.0-1199127600000-kotlin.trap.gz (1861 of 2515)
[2026-08-24 02:51:59] Importing FilterOutputStream.members#52.0-1199127600000-kotlin.trap.gz (1862 of 2515)
[2026-08-24 02:51:59] Importing Flushable.members#52.0-1199127600000-kotlin.trap.gz (1863 of 2515)
[2026-08-24 02:51:59] Importing IOException.members#52.0-1199127600000-kotlin.trap.gz (1864 of 2515)
[2026-08-24 02:51:59] Importing InputStream.members#52.0-1199127600000-kotlin.trap.gz (1865 of 2515)
[2026-08-24 02:51:59] Importing OutputStream.members#52.0-1199127600000-kotlin.trap.gz (1866 of 2515)
[2026-08-24 02:51:59] Importing PrintStream.members#52.0-1199127600000-kotlin.trap.gz (1867 of 2515)
[2026-08-24 02:51:59] Importing PrintWriter.members#52.0-1199127600000-kotlin.trap.gz (1868 of 2515)
[2026-08-24 02:51:59] Importing Reader.members#52.0-1199127600000-kotlin.trap.gz (1869 of 2515)
[2026-08-24 02:51:59] Importing Serializable.members#52.0-1199127600000-kotlin.trap.gz (1870 of 2515)
[2026-08-24 02:51:59] Importing Writer.members#52.0-1199127600000-kotlin.trap.gz (1871 of 2515)
[2026-08-24 02:51:59] Importing Appendable.members#52.0-1199127600000-kotlin.trap.gz (1872 of 2515)
[2026-08-24 02:51:59] Importing AutoCloseable.members#52.0-1199127600000-kotlin.trap.gz (1873 of 2515)
[2026-08-24 02:51:59] Importing Boolean.members#52.0-1199127600000-kotlin.trap.gz (1874 of 2515)
[2026-08-24 02:51:59] Importing Byte.members#52.0-1199127600000-kotlin.trap.gz (1875 of 2515)
[2026-08-24 02:51:59] Importing CharSequence.members#52.0-1199127600000-kotlin.trap.gz (1876 of 2515)
[2026-08-24 02:51:59] Importing Character$Subset.members#52.0-1199127600000-kotlin.trap.gz (1877 of 2515)
[2026-08-24 02:51:59] Importing Character$UnicodeBlock.members#52.0-1199127600000-kotlin.trap.gz (1878 of 2515)
[2026-08-24 02:51:59] Importing Character$UnicodeScript.members#52.0-1199127600000-kotlin.trap.gz (1879 of 2515)
[2026-08-24 02:51:59] Importing Character.members#52.0-1199127600000-kotlin.trap.gz (1880 of 2515)
[2026-08-24 02:51:59] Importing Class.members#52.0-1199127600000-kotlin.trap.gz (1881 of 2515)
[2026-08-24 02:51:59] Importing ClassLoader.members#52.0-1199127600000-kotlin.trap.gz (1882 of 2515)
[2026-08-24 02:51:59] Importing Cloneable.members#52.0-1199127600000-kotlin.trap.gz (1883 of 2515)
[2026-08-24 02:51:59] Importing Comparable.members#52.0-1199127600000-kotlin.trap.gz (1884 of 2515)
[2026-08-24 02:51:59] Importing Deprecated.members#52.0-1199127600000-kotlin.trap.gz (1885 of 2515)
[2026-08-24 02:51:59] Importing Double.members#52.0-1199127600000-kotlin.trap.gz (1886 of 2515)
[2026-08-24 02:51:59] Importing Enum.members#52.0-1199127600000-kotlin.trap.gz (1887 of 2515)
[2026-08-24 02:51:59] Importing Exception.members#52.0-1199127600000-kotlin.trap.gz (1888 of 2515)
[2026-08-24 02:51:59] Importing Float.members#52.0-1199127600000-kotlin.trap.gz (1889 of 2515)
[2026-08-24 02:51:59] Importing FunctionalInterface.members#52.0-1199127600000-kotlin.trap.gz (1890 of 2515)
[2026-08-24 02:51:59] Importing IllegalStateException.members#52.0-1199127600000-kotlin.trap.gz (1891 of 2515)
[2026-08-24 02:51:59] Importing Integer.members#52.0-1199127600000-kotlin.trap.gz (1892 of 2515)
[2026-08-24 02:51:59] Importing Iterable.members#52.0-1199127600000-kotlin.trap.gz (1893 of 2515)
[2026-08-24 02:51:59] Importing Long.members#52.0-1199127600000-kotlin.trap.gz (1894 of 2515)
[2026-08-24 02:51:59] Importing Number.members#52.0-1199127600000-kotlin.trap.gz (1895 of 2515)
[2026-08-24 02:51:59] Importing Object.members#52.0-1199127600000-kotlin.trap.gz (1896 of 2515)
[2026-08-24 02:51:59] Importing Package.members#52.0-1199127600000-kotlin.trap.gz (1897 of 2515)
[2026-08-24 02:51:59] Importing Readable.members#52.0-1199127600000-kotlin.trap.gz (1898 of 2515)
[2026-08-24 02:51:59] Importing Runnable.members#52.0-1199127600000-kotlin.trap.gz (1899 of 2515)
[2026-08-24 02:51:59] Importing RuntimeException.members#52.0-1199127600000-kotlin.trap.gz (1900 of 2515)
[2026-08-24 02:51:59] Importing SafeVarargs.members#52.0-1199127600000-kotlin.trap.gz (1901 of 2515)
[2026-08-24 02:51:59] Importing SecurityException.members#52.0-1199127600000-kotlin.trap.gz (1902 of 2515)
[2026-08-24 02:51:59] Importing SecurityManager.members#52.0-1199127600000-kotlin.trap.gz (1903 of 2515)
[2026-08-24 02:51:59] Importing Short.members#52.0-1199127600000-kotlin.trap.gz (1904 of 2515)
[2026-08-24 02:51:59] Importing StackTraceElement.members#52.0-1199127600000-kotlin.trap.gz (1905 of 2515)
[2026-08-24 02:51:59] Importing String.members#52.0-1199127600000-kotlin.trap.gz (1906 of 2515)
[2026-08-24 02:51:59] Importing StringBuffer.members#52.0-1199127600000-kotlin.trap.gz (1907 of 2515)
[2026-08-24 02:51:59] Importing StringBuilder.members#52.0-1199127600000-kotlin.trap.gz (1908 of 2515)
[2026-08-24 02:51:59] Importing System.members#52.0-1199127600000-kotlin.trap.gz (1909 of 2515)
[2026-08-24 02:51:59] Importing Thread$State.members#52.0-1199127600000-kotlin.trap.gz (1910 of 2515)
[2026-08-24 02:51:59] Importing Thread$UncaughtExceptionHandler.members#52.0-1199127600000-kotlin.trap.gz (1911 of 2515)
[2026-08-24 02:51:59] Importing Thread.members#52.0-1199127600000-kotlin.trap.gz (1912 of 2515)
[2026-08-24 02:51:59] Importing ThreadGroup.members#52.0-1199127600000-kotlin.trap.gz (1913 of 2515)
[2026-08-24 02:51:59] Importing Throwable.members#52.0-1199127600000-kotlin.trap.gz (1914 of 2515)
[2026-08-24 02:51:59] Importing Void.members#52.0-1199127600000-kotlin.trap.gz (1915 of 2515)
[2026-08-24 02:51:59] Importing Annotation.members#52.0-1199127600000-kotlin.trap.gz (1916 of 2515)
[2026-08-24 02:51:59] Importing Documented.members#52.0-1199127600000-kotlin.trap.gz (1917 of 2515)
[2026-08-24 02:51:59] Importing ElementType.members#52.0-1199127600000-kotlin.trap.gz (1918 of 2515)
[2026-08-24 02:51:59] Importing Repeatable.members#52.0-1199127600000-kotlin.trap.gz (1919 of 2515)
[2026-08-24 02:51:59] Importing Retention.members#52.0-1199127600000-kotlin.trap.gz (1920 of 2515)
[2026-08-24 02:51:59] Importing RetentionPolicy.members#52.0-1199127600000-kotlin.trap.gz (1921 of 2515)
[2026-08-24 02:51:59] Importing Target.members#52.0-1199127600000-kotlin.trap.gz (1922 of 2515)
[2026-08-24 02:51:59] Importing TypeDescriptor$OfField.members#52.0-1199127600000-kotlin.trap.gz (1923 of 2515)
[2026-08-24 02:51:59] Importing TypeDescriptor$OfMethod.members#52.0-1199127600000-kotlin.trap.gz (1924 of 2515)
[2026-08-24 02:51:59] Importing TypeDescriptor.members#52.0-1199127600000-kotlin.trap.gz (1925 of 2515)
[2026-08-24 02:51:59] Importing AccessibleObject.members#52.0-1199127600000-kotlin.trap.gz (1926 of 2515)
[2026-08-24 02:51:59] Importing AnnotatedElement.members#52.0-1199127600000-kotlin.trap.gz (1927 of 2515)
[2026-08-24 02:51:59] Importing Constructor.members#52.0-1199127600000-kotlin.trap.gz (1928 of 2515)
[2026-08-24 02:51:59] Importing Executable.members#52.0-1199127600000-kotlin.trap.gz (1929 of 2515)
[2026-08-24 02:51:59] Importing Field.members#52.0-1199127600000-kotlin.trap.gz (1930 of 2515)
[2026-08-24 02:51:59] Importing GenericDeclaration.members#52.0-1199127600000-kotlin.trap.gz (1931 of 2515)
[2026-08-24 02:51:59] Importing Member.members#52.0-1199127600000-kotlin.trap.gz (1932 of 2515)
[2026-08-24 02:51:59] Importing Method.members#52.0-1199127600000-kotlin.trap.gz (1933 of 2515)
[2026-08-24 02:51:59] Importing Parameter.members#52.0-1199127600000-kotlin.trap.gz (1934 of 2515)
[2026-08-24 02:51:59] Importing RecordComponent.members#52.0-1199127600000-kotlin.trap.gz (1935 of 2515)
[2026-08-24 02:51:59] Importing Type.members#52.0-1199127600000-kotlin.trap.gz (1936 of 2515)
[2026-08-24 02:51:59] Importing TypeVariable.members#52.0-1199127600000-kotlin.trap.gz (1937 of 2515)
[2026-08-24 02:51:59] Importing ContentHandler.members#52.0-1199127600000-kotlin.trap.gz (1938 of 2515)
[2026-08-24 02:51:59] Importing ContentHandlerFactory.members#52.0-1199127600000-kotlin.trap.gz (1939 of 2515)
[2026-08-24 02:51:59] Importing DatagramPacket.members#52.0-1199127600000-kotlin.trap.gz (1940 of 2515)
[2026-08-24 02:51:59] Importing DatagramSocket.members#52.0-1199127600000-kotlin.trap.gz (1941 of 2515)
[2026-08-24 02:51:59] Importing DatagramSocketImpl.members#52.0-1199127600000-kotlin.trap.gz (1942 of 2515)
[2026-08-24 02:51:59] Importing DatagramSocketImplFactory.members#52.0-1199127600000-kotlin.trap.gz (1943 of 2515)
[2026-08-24 02:51:59] Importing FileNameMap.members#52.0-1199127600000-kotlin.trap.gz (1944 of 2515)
[2026-08-24 02:51:59] Importing InetAddress.members#52.0-1199127600000-kotlin.trap.gz (1945 of 2515)
[2026-08-24 02:51:59] Importing InetSocketAddress.members#52.0-1199127600000-kotlin.trap.gz (1946 of 2515)
[2026-08-24 02:51:59] Importing InterfaceAddress.members#52.0-1199127600000-kotlin.trap.gz (1947 of 2515)
[2026-08-24 02:51:59] Importing NetworkInterface.members#52.0-1199127600000-kotlin.trap.gz (1948 of 2515)
[2026-08-24 02:51:59] Importing ProtocolFamily.members#52.0-1199127600000-kotlin.trap.gz (1949 of 2515)
[2026-08-24 02:51:59] Importing Proxy$Type.members#52.0-1199127600000-kotlin.trap.gz (1950 of 2515)
[2026-08-24 02:51:59] Importing Proxy.members#52.0-1199127600000-kotlin.trap.gz (1951 of 2515)
[2026-08-24 02:51:59] Importing ServerSocket.members#52.0-1199127600000-kotlin.trap.gz (1952 of 2515)
[2026-08-24 02:51:59] Importing Socket.members#52.0-1199127600000-kotlin.trap.gz (1953 of 2515)
[2026-08-24 02:51:59] Importing SocketAddress.members#52.0-1199127600000-kotlin.trap.gz (1954 of 2515)
[2026-08-24 02:51:59] Importing SocketImpl.members#52.0-1199127600000-kotlin.trap.gz (1955 of 2515)
[2026-08-24 02:51:59] Importing SocketImplFactory.members#52.0-1199127600000-kotlin.trap.gz (1956 of 2515)
[2026-08-24 02:51:59] Importing SocketOption.members#52.0-1199127600000-kotlin.trap.gz (1957 of 2515)
[2026-08-24 02:51:59] Importing SocketOptions.members#52.0-1199127600000-kotlin.trap.gz (1958 of 2515)
[2026-08-24 02:51:59] Importing URI.members#52.0-1199127600000-kotlin.trap.gz (1959 of 2515)
[2026-08-24 02:51:59] Importing URL.members#52.0-1199127600000-kotlin.trap.gz (1960 of 2515)
[2026-08-24 02:51:59] Importing URLConnection.members#52.0-1199127600000-kotlin.trap.gz (1961 of 2515)
[2026-08-24 02:51:59] Importing URLStreamHandler.members#52.0-1199127600000-kotlin.trap.gz (1962 of 2515)
[2026-08-24 02:51:59] Importing URLStreamHandlerFactory.members#52.0-1199127600000-kotlin.trap.gz (1963 of 2515)
[2026-08-24 02:51:59] Importing Buffer.members#52.0-1199127600000-kotlin.trap.gz (1964 of 2515)
[2026-08-24 02:51:59] Importing ByteBuffer.members#52.0-1199127600000-kotlin.trap.gz (1965 of 2515)
[2026-08-24 02:51:59] Importing ByteOrder.members#52.0-1199127600000-kotlin.trap.gz (1966 of 2515)
[2026-08-24 02:51:59] Importing CharBuffer.members#52.0-1199127600000-kotlin.trap.gz (1967 of 2515)
[2026-08-24 02:51:59] Importing DoubleBuffer.members#52.0-1199127600000-kotlin.trap.gz (1968 of 2515)
[2026-08-24 02:51:59] Importing FloatBuffer.members#52.0-1199127600000-kotlin.trap.gz (1969 of 2515)
[2026-08-24 02:51:59] Importing IntBuffer.members#52.0-1199127600000-kotlin.trap.gz (1970 of 2515)
[2026-08-24 02:51:59] Importing LongBuffer.members#52.0-1199127600000-kotlin.trap.gz (1971 of 2515)
[2026-08-24 02:51:59] Importing MappedByteBuffer.members#52.0-1199127600000-kotlin.trap.gz (1972 of 2515)
[2026-08-24 02:51:59] Importing ShortBuffer.members#52.0-1199127600000-kotlin.trap.gz (1973 of 2515)
[2026-08-24 02:51:59] Importing AsynchronousChannel.members#52.0-1199127600000-kotlin.trap.gz (1974 of 2515)
[2026-08-24 02:51:59] Importing AsynchronousFileChannel.members#52.0-1199127600000-kotlin.trap.gz (1975 of 2515)
[2026-08-24 02:51:59] Importing ByteChannel.members#52.0-1199127600000-kotlin.trap.gz (1976 of 2515)
[2026-08-24 02:51:59] Importing Channel.members#52.0-1199127600000-kotlin.trap.gz (1977 of 2515)
[2026-08-24 02:51:59] Importing CompletionHandler.members#52.0-1199127600000-kotlin.trap.gz (1978 of 2515)
[2026-08-24 02:51:59] Importing DatagramChannel.members#52.0-1199127600000-kotlin.trap.gz (1979 of 2515)
[2026-08-24 02:51:59] Importing FileChannel$MapMode.members#52.0-1199127600000-kotlin.trap.gz (1980 of 2515)
[2026-08-24 02:51:59] Importing FileChannel.members#52.0-1199127600000-kotlin.trap.gz (1981 of 2515)
[2026-08-24 02:51:59] Importing FileLock.members#52.0-1199127600000-kotlin.trap.gz (1982 of 2515)
[2026-08-24 02:51:59] Importing GatheringByteChannel.members#52.0-1199127600000-kotlin.trap.gz (1983 of 2515)
[2026-08-24 02:51:59] Importing InterruptibleChannel.members#52.0-1199127600000-kotlin.trap.gz (1984 of 2515)
[2026-08-24 02:51:59] Importing MembershipKey.members#52.0-1199127600000-kotlin.trap.gz (1985 of 2515)
[2026-08-24 02:51:59] Importing MulticastChannel.members#52.0-1199127600000-kotlin.trap.gz (1986 of 2515)
[2026-08-24 02:51:59] Importing NetworkChannel.members#52.0-1199127600000-kotlin.trap.gz (1987 of 2515)
[2026-08-24 02:51:59] Importing Pipe$SinkChannel.members#52.0-1199127600000-kotlin.trap.gz (1988 of 2515)
[2026-08-24 02:51:59] Importing Pipe$SourceChannel.members#52.0-1199127600000-kotlin.trap.gz (1989 of 2515)
[2026-08-24 02:51:59] Importing Pipe.members#52.0-1199127600000-kotlin.trap.gz (1990 of 2515)
[2026-08-24 02:51:59] Importing ReadableByteChannel.members#52.0-1199127600000-kotlin.trap.gz (1991 of 2515)
[2026-08-24 02:51:59] Importing ScatteringByteChannel.members#52.0-1199127600000-kotlin.trap.gz (1992 of 2515)
[2026-08-24 02:51:59] Importing SeekableByteChannel.members#52.0-1199127600000-kotlin.trap.gz (1993 of 2515)
[2026-08-24 02:51:59] Importing SelectableChannel.members#52.0-1199127600000-kotlin.trap.gz (1994 of 2515)
[2026-08-24 02:51:59] Importing SelectionKey.members#52.0-1199127600000-kotlin.trap.gz (1995 of 2515)
[2026-08-24 02:51:59] Importing Selector.members#52.0-1199127600000-kotlin.trap.gz (1996 of 2515)
[2026-08-24 02:51:59] Importing ServerSocketChannel.members#52.0-1199127600000-kotlin.trap.gz (1997 of 2515)
[2026-08-24 02:51:59] Importing SocketChannel.members#52.0-1199127600000-kotlin.trap.gz (1998 of 2515)
[2026-08-24 02:51:59] Importing WritableByteChannel.members#52.0-1199127600000-kotlin.trap.gz (1999 of 2515)
[2026-08-24 02:51:59] Importing AbstractInterruptibleChannel.members#52.0-1199127600000-kotlin.trap.gz (2000 of 2515)
[2026-08-24 02:51:59] Importing AbstractSelectableChannel.members#52.0-1199127600000-kotlin.trap.gz (2001 of 2515)
[2026-08-24 02:51:59] Importing AbstractSelectionKey.members#52.0-1199127600000-kotlin.trap.gz (2002 of 2515)
[2026-08-24 02:51:59] Importing AbstractSelector.members#52.0-1199127600000-kotlin.trap.gz (2003 of 2515)
[2026-08-24 02:51:59] Importing SelectorProvider.members#52.0-1199127600000-kotlin.trap.gz (2004 of 2515)
[2026-08-24 02:51:59] Importing Charset.members#52.0-1199127600000-kotlin.trap.gz (2005 of 2515)
[2026-08-24 02:51:59] Importing CharsetDecoder.members#52.0-1199127600000-kotlin.trap.gz (2006 of 2515)
[2026-08-24 02:51:59] Importing CharsetEncoder.members#52.0-1199127600000-kotlin.trap.gz (2007 of 2515)
[2026-08-24 02:51:59] Importing CoderResult.members#52.0-1199127600000-kotlin.trap.gz (2008 of 2515)
[2026-08-24 02:51:59] Importing CodingErrorAction.members#52.0-1199127600000-kotlin.trap.gz (2009 of 2515)
[2026-08-24 02:51:59] Importing AccessMode.members#52.0-1199127600000-kotlin.trap.gz (2010 of 2515)
[2026-08-24 02:51:59] Importing CopyOption.members#52.0-1199127600000-kotlin.trap.gz (2011 of 2515)
[2026-08-24 02:51:59] Importing DirectoryStream$Filter.members#52.0-1199127600000-kotlin.trap.gz (2012 of 2515)
[2026-08-24 02:51:59] Importing DirectoryStream.members#52.0-1199127600000-kotlin.trap.gz (2013 of 2515)
[2026-08-24 02:51:59] Importing FileStore.members#52.0-1199127600000-kotlin.trap.gz (2014 of 2515)
[2026-08-24 02:51:59] Importing FileSystem.members#52.0-1199127600000-kotlin.trap.gz (2015 of 2515)
[2026-08-24 02:51:59] Importing LinkOption.members#52.0-1199127600000-kotlin.trap.gz (2016 of 2515)
[2026-08-24 02:51:59] Importing OpenOption.members#52.0-1199127600000-kotlin.trap.gz (2017 of 2515)
[2026-08-24 02:51:59] Importing Path.members#52.0-1199127600000-kotlin.trap.gz (2018 of 2515)
[2026-08-24 02:51:59] Importing PathMatcher.members#52.0-1199127600000-kotlin.trap.gz (2019 of 2515)
[2026-08-24 02:51:59] Importing WatchEvent$Kind.members#52.0-1199127600000-kotlin.trap.gz (2020 of 2515)
[2026-08-24 02:51:59] Importing WatchEvent$Modifier.members#52.0-1199127600000-kotlin.trap.gz (2021 of 2515)
[2026-08-24 02:51:59] Importing WatchEvent.members#52.0-1199127600000-kotlin.trap.gz (2022 of 2515)
[2026-08-24 02:51:59] Importing WatchKey.members#52.0-1199127600000-kotlin.trap.gz (2023 of 2515)
[2026-08-24 02:51:59] Importing WatchService.members#52.0-1199127600000-kotlin.trap.gz (2024 of 2515)
[2026-08-24 02:51:59] Importing Watchable.members#52.0-1199127600000-kotlin.trap.gz (2025 of 2515)
[2026-08-24 02:51:59] Importing AttributeView.members#52.0-1199127600000-kotlin.trap.gz (2026 of 2515)
[2026-08-24 02:51:59] Importing BasicFileAttributes.members#52.0-1199127600000-kotlin.trap.gz (2027 of 2515)
[2026-08-24 02:51:59] Importing FileAttribute.members#52.0-1199127600000-kotlin.trap.gz (2028 of 2515)
[2026-08-24 02:51:59] Importing FileAttributeView.members#52.0-1199127600000-kotlin.trap.gz (2029 of 2515)
[2026-08-24 02:51:59] Importing FileStoreAttributeView.members#52.0-1199127600000-kotlin.trap.gz (2030 of 2515)
[2026-08-24 02:51:59] Importing FileTime.members#52.0-1199127600000-kotlin.trap.gz (2031 of 2515)
[2026-08-24 02:51:59] Importing GroupPrincipal.members#52.0-1199127600000-kotlin.trap.gz (2032 of 2515)
[2026-08-24 02:51:59] Importing UserPrincipal.members#52.0-1199127600000-kotlin.trap.gz (2033 of 2515)
[2026-08-24 02:51:59] Importing UserPrincipalLookupService.members#52.0-1199127600000-kotlin.trap.gz (2034 of 2515)
[2026-08-24 02:51:59] Importing FileSystemProvider.members#52.0-1199127600000-kotlin.trap.gz (2035 of 2515)
[2026-08-24 02:51:59] Importing AccessControlContext.members#52.0-1199127600000-kotlin.trap.gz (2036 of 2515)
[2026-08-24 02:51:59] Importing CodeSigner.members#52.0-1199127600000-kotlin.trap.gz (2037 of 2515)
[2026-08-24 02:51:59] Importing CodeSource.members#52.0-1199127600000-kotlin.trap.gz (2038 of 2515)
[2026-08-24 02:51:59] Importing DomainCombiner.members#52.0-1199127600000-kotlin.trap.gz (2039 of 2515)
[2026-08-24 02:51:59] Importing Guard.members#52.0-1199127600000-kotlin.trap.gz (2040 of 2515)
[2026-08-24 02:51:59] Importing Key.members#52.0-1199127600000-kotlin.trap.gz (2041 of 2515)
[2026-08-24 02:51:59] Importing Permission.members#52.0-1199127600000-kotlin.trap.gz (2042 of 2515)
[2026-08-24 02:51:59] Importing PermissionCollection.members#52.0-1199127600000-kotlin.trap.gz (2043 of 2515)
[2026-08-24 02:51:59] Importing Principal.members#52.0-1199127600000-kotlin.trap.gz (2044 of 2515)
[2026-08-24 02:51:59] Importing PrivilegedAction.members#52.0-1199127600000-kotlin.trap.gz (2045 of 2515)
[2026-08-24 02:51:59] Importing PrivilegedExceptionAction.members#52.0-1199127600000-kotlin.trap.gz (2046 of 2515)
[2026-08-24 02:51:59] Importing ProtectionDomain.members#52.0-1199127600000-kotlin.trap.gz (2047 of 2515)
[2026-08-24 02:51:59] Importing Provider$Service.members#52.0-1199127600000-kotlin.trap.gz (2048 of 2515)
[2026-08-24 02:51:59] Importing Provider.members#52.0-1199127600000-kotlin.trap.gz (2049 of 2515)
[2026-08-24 02:51:59] Importing PublicKey.members#52.0-1199127600000-kotlin.trap.gz (2050 of 2515)
[2026-08-24 02:51:59] Importing Timestamp.members#52.0-1199127600000-kotlin.trap.gz (2051 of 2515)
[2026-08-24 02:51:59] Importing CertPath$CertPathRep.members#52.0-1199127600000-kotlin.trap.gz (2052 of 2515)
[2026-08-24 02:51:59] Importing CertPath.members#52.0-1199127600000-kotlin.trap.gz (2053 of 2515)
[2026-08-24 02:51:59] Importing Certificate$CertificateRep.members#52.0-1199127600000-kotlin.trap.gz (2054 of 2515)
[2026-08-24 02:51:59] Importing Certificate.members#52.0-1199127600000-kotlin.trap.gz (2055 of 2515)
[2026-08-24 02:51:59] Importing AttributedCharacterIterator$Attribute.members#52.0-1199127600000-kotlin.trap.gz (2056 of 2515)
[2026-08-24 02:51:59] Importing AttributedCharacterIterator.members#52.0-1199127600000-kotlin.trap.gz (2057 of 2515)
[2026-08-24 02:51:59] Importing CharacterIterator.members#52.0-1199127600000-kotlin.trap.gz (2058 of 2515)
[2026-08-24 02:51:59] Importing FieldPosition.members#52.0-1199127600000-kotlin.trap.gz (2059 of 2515)
[2026-08-24 02:51:59] Importing Format$Field.members#52.0-1199127600000-kotlin.trap.gz (2060 of 2515)
[2026-08-24 02:51:59] Importing Format.members#52.0-1199127600000-kotlin.trap.gz (2061 of 2515)
[2026-08-24 02:51:59] Importing ParsePosition.members#52.0-1199127600000-kotlin.trap.gz (2062 of 2515)
[2026-08-24 02:51:59] Importing Clock.members#52.0-1199127600000-kotlin.trap.gz (2063 of 2515)
[2026-08-24 02:51:59] Importing DayOfWeek.members#52.0-1199127600000-kotlin.trap.gz (2064 of 2515)
[2026-08-24 02:51:59] Importing Duration.members#52.0-1199127600000-kotlin.trap.gz (2065 of 2515)
[2026-08-24 02:51:59] Importing Instant.members#52.0-1199127600000-kotlin.trap.gz (2066 of 2515)
[2026-08-24 02:51:59] Importing InstantSource.members#52.0-1199127600000-kotlin.trap.gz (2067 of 2515)
[2026-08-24 02:51:59] Importing LocalDate.members#52.0-1199127600000-kotlin.trap.gz (2068 of 2515)
[2026-08-24 02:51:59] Importing LocalDateTime.members#52.0-1199127600000-kotlin.trap.gz (2069 of 2515)
[2026-08-24 02:51:59] Importing LocalTime.members#52.0-1199127600000-kotlin.trap.gz (2070 of 2515)
[2026-08-24 02:53:56] Importing Month.members#52.0-1199127600000-kotlin.trap.gz (2071 of 2515)
[2026-08-24 02:53:56] Importing OffsetDateTime.members#52.0-1199127600000-kotlin.trap.gz (2072 of 2515)
[2026-08-24 02:53:56] Importing OffsetTime.members#52.0-1199127600000-kotlin.trap.gz (2073 of 2515)
[2026-08-24 02:53:56] Importing Period.members#52.0-1199127600000-kotlin.trap.gz (2074 of 2515)
[2026-08-24 02:53:56] Importing ZoneId.members#52.0-1199127600000-kotlin.trap.gz (2075 of 2515)
[2026-08-24 02:53:56] Importing ZoneOffset.members#52.0-1199127600000-kotlin.trap.gz (2076 of 2515)
[2026-08-24 02:53:56] Importing ZonedDateTime.members#52.0-1199127600000-kotlin.trap.gz (2077 of 2515)
[2026-08-24 02:53:56] Importing AbstractChronology.members#52.0-1199127600000-kotlin.trap.gz (2078 of 2515)
[2026-08-24 02:53:56] Importing ChronoLocalDate.members#52.0-1199127600000-kotlin.trap.gz (2079 of 2515)
[2026-08-24 02:53:56] Importing ChronoLocalDateTime.members#52.0-1199127600000-kotlin.trap.gz (2080 of 2515)
[2026-08-24 02:53:56] Importing ChronoPeriod.members#52.0-1199127600000-kotlin.trap.gz (2081 of 2515)
[2026-08-24 02:53:56] Importing ChronoZonedDateTime.members#52.0-1199127600000-kotlin.trap.gz (2082 of 2515)
[2026-08-24 02:53:56] Importing Chronology.members#52.0-1199127600000-kotlin.trap.gz (2083 of 2515)
[2026-08-24 02:53:56] Importing Era.members#52.0-1199127600000-kotlin.trap.gz (2084 of 2515)
[2026-08-24 02:53:56] Importing IsoChronology.members#52.0-1199127600000-kotlin.trap.gz (2085 of 2515)
[2026-08-24 02:53:56] Importing IsoEra.members#52.0-1199127600000-kotlin.trap.gz (2086 of 2515)
[2026-08-24 02:53:56] Importing DateTimeFormatter.members#52.0-1199127600000-kotlin.trap.gz (2087 of 2515)
[2026-08-24 02:53:56] Importing DecimalStyle.members#52.0-1199127600000-kotlin.trap.gz (2088 of 2515)
[2026-08-24 02:53:56] Importing FormatStyle.members#52.0-1199127600000-kotlin.trap.gz (2089 of 2515)
[2026-08-24 02:53:56] Importing ResolverStyle.members#52.0-1199127600000-kotlin.trap.gz (2090 of 2515)
[2026-08-24 02:53:56] Importing TextStyle.members#52.0-1199127600000-kotlin.trap.gz (2091 of 2515)
[2026-08-24 02:53:56] Importing ChronoField.members#52.0-1199127600000-kotlin.trap.gz (2092 of 2515)
[2026-08-24 02:53:56] Importing ChronoUnit.members#52.0-1199127600000-kotlin.trap.gz (2093 of 2515)
[2026-08-24 02:53:56] Importing Temporal.members#52.0-1199127600000-kotlin.trap.gz (2094 of 2515)
[2026-08-24 02:53:56] Importing TemporalAccessor.members#52.0-1199127600000-kotlin.trap.gz (2095 of 2515)
[2026-08-24 02:53:56] Importing TemporalAdjuster.members#52.0-1199127600000-kotlin.trap.gz (2096 of 2515)
[2026-08-24 02:51:59] Importing TemporalAmount.members#52.0-1199127600000-kotlin.trap.gz (2097 of 2515)
[2026-08-24 02:51:59] Importing TemporalField.members#52.0-1199127600000-kotlin.trap.gz (2098 of 2515)
[2026-08-24 02:51:59] Importing TemporalQuery.members#52.0-1199127600000-kotlin.trap.gz (2099 of 2515)
[2026-08-24 02:51:59] Importing TemporalUnit.members#52.0-1199127600000-kotlin.trap.gz (2100 of 2515)
[2026-08-24 02:51:59] Importing ValueRange.members#52.0-1199127600000-kotlin.trap.gz (2101 of 2515)
[2026-08-24 02:51:59] Importing ZoneOffsetTransition.members#52.0-1199127600000-kotlin.trap.gz (2102 of 2515)
[2026-08-24 02:51:59] Importing ZoneOffsetTransitionRule$TimeDefinition.members#52.0-1199127600000-kotlin.trap.gz (2103 of 2515)
[2026-08-24 02:51:59] Importing ZoneOffsetTransitionRule.members#52.0-1199127600000-kotlin.trap.gz (2104 of 2515)
[2026-08-24 02:51:59] Importing ZoneRules.members#52.0-1199127600000-kotlin.trap.gz (2105 of 2515)
[2026-08-24 02:51:59] Importing AbstractCollection.members#52.0-1199127600000-kotlin.trap.gz (2106 of 2515)
[2026-08-24 02:51:59] Importing AbstractList.members#52.0-1199127600000-kotlin.trap.gz (2107 of 2515)
[2026-08-24 02:51:59] Importing AbstractMap$SimpleEntry.members#52.0-1199127600000-kotlin.trap.gz (2108 of 2515)
[2026-08-24 02:51:59] Importing AbstractMap$SimpleImmutableEntry.members#52.0-1199127600000-kotlin.trap.gz (2109 of 2515)
[2026-08-24 02:51:59] Importing AbstractMap.members#52.0-1199127600000-kotlin.trap.gz (2110 of 2515)
[2026-08-24 02:51:59] Importing AbstractSet.members#52.0-1199127600000-kotlin.trap.gz (2111 of 2515)
[2026-08-24 02:51:59] Importing ArrayList.members#52.0-1199127600000-kotlin.trap.gz (2112 of 2515)
[2026-08-24 02:51:59] Importing Collection.members#52.0-1199127600000-kotlin.trap.gz (2113 of 2515)
[2026-08-24 02:51:59] Importing Comparator.members#52.0-1199127600000-kotlin.trap.gz (2114 of 2515)
[2026-08-24 02:51:59] Importing Date.members#52.0-1199127600000-kotlin.trap.gz (2115 of 2515)
[2026-08-24 02:51:59] Importing Dictionary.members#52.0-1199127600000-kotlin.trap.gz (2116 of 2515)
[2026-08-24 02:51:59] Importing DoubleSummaryStatistics.members#52.0-1199127600000-kotlin.trap.gz (2117 of 2515)
[2026-08-24 02:51:59] Importing Enumeration.members#52.0-1199127600000-kotlin.trap.gz (2118 of 2515)
[2026-08-24 02:51:59] Importing HashMap.members#52.0-1199127600000-kotlin.trap.gz (2119 of 2515)
[2026-08-24 02:51:59] Importing HashSet.members#52.0-1199127600000-kotlin.trap.gz (2120 of 2515)
[2026-08-24 02:51:59] Importing Hashtable.members#52.0-1199127600000-kotlin.trap.gz (2121 of 2515)
[2026-08-24 02:51:59] Importing IntSummaryStatistics.members#52.0-1199127600000-kotlin.trap.gz (2122 of 2515)
[2026-08-24 02:51:59] Importing Iterator.members#52.0-1199127600000-kotlin.trap.gz (2123 of 2515)
[2026-08-24 02:51:59] Importing List.members#52.0-1199127600000-kotlin.trap.gz (2124 of 2515)
[2026-08-24 02:51:59] Importing ListIterator.members#52.0-1199127600000-kotlin.trap.gz (2125 of 2515)
[2026-08-24 02:51:59] Importing Locale$Builder.members#52.0-1199127600000-kotlin.trap.gz (2126 of 2515)
[2026-08-24 02:51:59] Importing Locale$Category.members#52.0-1199127600000-kotlin.trap.gz (2127 of 2515)
[2026-08-24 02:51:59] Importing Locale$FilteringMode.members#52.0-1199127600000-kotlin.trap.gz (2128 of 2515)
[2026-08-24 02:51:59] Importing Locale$IsoCountryCode.members#52.0-1199127600000-kotlin.trap.gz (2129 of 2515)
[2026-08-24 02:52:00] Importing Locale$LanguageRange.members#52.0-1199127600000-kotlin.trap.gz (2130 of 2515)
[2026-08-24 02:52:00] Importing Locale.members#52.0-1199127600000-kotlin.trap.gz (2131 of 2515)
[2026-08-24 02:52:00] Importing LongSummaryStatistics.members#52.0-1199127600000-kotlin.trap.gz (2132 of 2515)
[2026-08-24 02:52:00] Importing Map$Entry.members#52.0-1199127600000-kotlin.trap.gz (2133 of 2515)
[2026-08-24 02:52:00] Importing Map.members#52.0-1199127600000-kotlin.trap.gz (2134 of 2515)
[2026-08-24 02:52:00] Importing Optional.members#52.0-1199127600000-kotlin.trap.gz (2135 of 2515)
[2026-08-24 02:52:00] Importing OptionalDouble.members#52.0-1199127600000-kotlin.trap.gz (2136 of 2515)
[2026-08-24 02:52:00] Importing OptionalInt.members#52.0-1199127600000-kotlin.trap.gz (2137 of 2515)
[2026-08-24 02:52:00] Importing OptionalLong.members#52.0-1199127600000-kotlin.trap.gz (2138 of 2515)
[2026-08-24 02:52:00] Importing PrimitiveIterator$OfDouble.members#52.0-1199127600000-kotlin.trap.gz (2139 of 2515)
[2026-08-24 02:52:00] Importing PrimitiveIterator$OfInt.members#52.0-1199127600000-kotlin.trap.gz (2140 of 2515)
[2026-08-24 02:52:00] Importing PrimitiveIterator$OfLong.members#52.0-1199127600000-kotlin.trap.gz (2141 of 2515)
[2026-08-24 02:52:00] Importing PrimitiveIterator.members#52.0-1199127600000-kotlin.trap.gz (2142 of 2515)
[2026-08-24 02:52:00] Importing Properties.members#52.0-1199127600000-kotlin.trap.gz (2143 of 2515)
[2026-08-24 02:52:00] Importing Random.members#52.0-1199127600000-kotlin.trap.gz (2144 of 2515)
[2026-08-24 02:52:00] Importing RandomAccess.members#52.0-1199127600000-kotlin.trap.gz (2145 of 2515)
[2026-08-24 02:52:00] Importing SequencedCollection.members#52.0-1199127600000-kotlin.trap.gz (2146 of 2515)
[2026-08-24 02:52:00] Importing SequencedMap.members#52.0-1199127600000-kotlin.trap.gz (2147 of 2515)
[2026-08-24 02:52:00] Importing SequencedSet.members#52.0-1199127600000-kotlin.trap.gz (2148 of 2515)
[2026-08-24 02:52:00] Importing Set.members#52.0-1199127600000-kotlin.trap.gz (2149 of 2515)
[2026-08-24 02:52:00] Importing SortedMap.members#52.0-1199127600000-kotlin.trap.gz (2150 of 2515)
[2026-08-24 02:52:00] Importing Spliterator$OfDouble.members#52.0-1199127600000-kotlin.trap.gz (2151 of 2515)
[2026-08-24 02:52:00] Importing Spliterator$OfInt.members#52.0-1199127600000-kotlin.trap.gz (2152 of 2515)
[2026-08-24 02:52:00] Importing Spliterator$OfLong.members#52.0-1199127600000-kotlin.trap.gz (2153 of 2515)
[2026-08-24 02:52:00] Importing Spliterator$OfPrimitive.members#52.0-1199127600000-kotlin.trap.gz (2154 of 2515)
[2026-08-24 02:52:00] Importing Spliterator.members#52.0-1199127600000-kotlin.trap.gz (2155 of 2515)
[2026-08-24 02:52:00] Importing UUID.members#52.0-1199127600000-kotlin.trap.gz (2156 of 2515)
[2026-08-24 02:52:00] Importing Callable.members#52.0-1199127600000-kotlin.trap.gz (2157 of 2515)
[2026-08-24 02:52:00] Importing Executor.members#52.0-1199127600000-kotlin.trap.gz (2158 of 2515)
[2026-08-24 02:52:00] Importing ExecutorService.members#52.0-1199127600000-kotlin.trap.gz (2159 of 2515)
[2026-08-24 02:52:00] Importing Future$State.members#52.0-1199127600000-kotlin.trap.gz (2160 of 2515)
[2026-08-24 02:52:00] Importing Future.members#52.0-1199127600000-kotlin.trap.gz (2161 of 2515)
[2026-08-24 02:52:00] Importing TimeUnit.members#52.0-1199127600000-kotlin.trap.gz (2162 of 2515)
[2026-08-24 02:52:00] Importing BiConsumer.members#52.0-1199127600000-kotlin.trap.gz (2163 of 2515)
[2026-08-24 02:52:00] Importing BiFunction.members#52.0-1199127600000-kotlin.trap.gz (2164 of 2515)
[2026-08-24 02:52:00] Importing BinaryOperator.members#52.0-1199127600000-kotlin.trap.gz (2165 of 2515)
[2026-08-24 02:52:00] Importing Consumer.members#52.0-1199127600000-kotlin.trap.gz (2166 of 2515)
[2026-08-24 02:52:00] Importing DoubleBinaryOperator.members#52.0-1199127600000-kotlin.trap.gz (2167 of 2515)
[2026-08-24 02:52:00] Importing DoubleConsumer.members#52.0-1199127600000-kotlin.trap.gz (2168 of 2515)
[2026-08-24 02:52:00] Importing DoubleFunction.members#52.0-1199127600000-kotlin.trap.gz (2169 of 2515)
[2026-08-24 02:52:00] Importing DoublePredicate.members#52.0-1199127600000-kotlin.trap.gz (2170 of 2515)
[2026-08-24 02:52:00] Importing DoubleSupplier.members#52.0-1199127600000-kotlin.trap.gz (2171 of 2515)
[2026-08-24 02:52:00] Importing DoubleToIntFunction.members#52.0-1199127600000-kotlin.trap.gz (2172 of 2515)
[2026-08-24 02:52:00] Importing DoubleToLongFunction.members#52.0-1199127600000-kotlin.trap.gz (2173 of 2515)
[2026-08-24 02:52:00] Importing DoubleUnaryOperator.members#52.0-1199127600000-kotlin.trap.gz (2174 of 2515)
[2026-08-24 02:52:00] Importing Function.members#52.0-1199127600000-kotlin.trap.gz (2175 of 2515)
[2026-08-24 02:52:00] Importing IntBinaryOperator.members#52.0-1199127600000-kotlin.trap.gz (2176 of 2515)
[2026-08-24 02:52:00] Importing IntConsumer.members#52.0-1199127600000-kotlin.trap.gz (2177 of 2515)
[2026-08-24 02:52:00] Importing IntFunction.members#52.0-1199127600000-kotlin.trap.gz (2178 of 2515)
[2026-08-24 02:52:00] Importing IntPredicate.members#52.0-1199127600000-kotlin.trap.gz (2179 of 2515)
[2026-08-24 02:52:00] Importing IntSupplier.members#52.0-1199127600000-kotlin.trap.gz (2180 of 2515)
[2026-08-24 02:52:00] Importing IntToDoubleFunction.members#52.0-1199127600000-kotlin.trap.gz (2181 of 2515)
[2026-08-24 02:52:00] Importing IntToLongFunction.members#52.0-1199127600000-kotlin.trap.gz (2182 of 2515)
[2026-08-24 02:52:00] Importing IntUnaryOperator.members#52.0-1199127600000-kotlin.trap.gz (2183 of 2515)
[2026-08-24 02:52:00] Importing LongBinaryOperator.members#52.0-1199127600000-kotlin.trap.gz (2184 of 2515)
[2026-08-24 02:52:00] Importing LongConsumer.members#52.0-1199127600000-kotlin.trap.gz (2185 of 2515)
[2026-08-24 02:52:00] Importing LongFunction.members#52.0-1199127600000-kotlin.trap.gz (2186 of 2515)
[2026-08-24 02:52:00] Importing LongPredicate.members#52.0-1199127600000-kotlin.trap.gz (2187 of 2515)
[2026-08-24 02:52:00] Importing LongSupplier.members#52.0-1199127600000-kotlin.trap.gz (2188 of 2515)
[2026-08-24 02:52:00] Importing LongToDoubleFunction.members#52.0-1199127600000-kotlin.trap.gz (2189 of 2515)
[2026-08-24 02:52:00] Importing LongToIntFunction.members#52.0-1199127600000-kotlin.trap.gz (2190 of 2515)
[2026-08-24 02:52:00] Importing LongUnaryOperator.members#52.0-1199127600000-kotlin.trap.gz (2191 of 2515)
[2026-08-24 02:52:00] Importing ObjDoubleConsumer.members#52.0-1199127600000-kotlin.trap.gz (2192 of 2515)
[2026-08-24 02:52:00] Importing ObjIntConsumer.members#52.0-1199127600000-kotlin.trap.gz (2193 of 2515)
[2026-08-24 02:52:00] Importing ObjLongConsumer.members#52.0-1199127600000-kotlin.trap.gz (2194 of 2515)
[2026-08-24 02:52:00] Importing Predicate.members#52.0-1199127600000-kotlin.trap.gz (2195 of 2515)
[2026-08-24 02:52:00] Importing Supplier.members#52.0-1199127600000-kotlin.trap.gz (2196 of 2515)
[2026-08-24 02:52:00] Importing ToDoubleFunction.members#52.0-1199127600000-kotlin.trap.gz (2197 of 2515)
[2026-08-24 02:52:00] Importing ToIntFunction.members#52.0-1199127600000-kotlin.trap.gz (2198 of 2515)
[2026-08-24 02:52:00] Importing ToLongFunction.members#52.0-1199127600000-kotlin.trap.gz (2199 of 2515)
[2026-08-24 02:52:00] Importing UnaryOperator.members#52.0-1199127600000-kotlin.trap.gz (2200 of 2515)
[2026-08-24 02:52:00] Importing RandomGenerator$ArbitrarilyJumpableGenerator.members#52.0-1199127600000-kotlin.trap.gz (2201 of 2515)
[2026-08-24 02:52:00] Importing RandomGenerator$JumpableGenerator.members#52.0-1199127600000-kotlin.trap.gz (2202 of 2515)
[2026-08-24 02:52:00] Importing RandomGenerator$LeapableGenerator.members#52.0-1199127600000-kotlin.trap.gz (2203 of 2515)
[2026-08-24 02:52:00] Importing RandomGenerator$SplittableGenerator.members#52.0-1199127600000-kotlin.trap.gz (2204 of 2515)
[2026-08-24 02:52:00] Importing RandomGenerator$StreamableGenerator.members#52.0-1199127600000-kotlin.trap.gz (2205 of 2515)
[2026-08-24 02:52:00] Importing RandomGenerator.members#52.0-1199127600000-kotlin.trap.gz (2206 of 2515)
[2026-08-24 02:52:00] Importing MatchResult.members#52.0-1199127600000-kotlin.trap.gz (2207 of 2515)
[2026-08-24 02:52:00] Importing Matcher.members#52.0-1199127600000-kotlin.trap.gz (2208 of 2515)
[2026-08-24 02:52:00] Importing Pattern.members#52.0-1199127600000-kotlin.trap.gz (2209 of 2515)
[2026-08-24 02:52:00] Importing BaseStream.members#52.0-1199127600000-kotlin.trap.gz (2210 of 2515)
[2026-08-24 02:52:00] Importing Collector$Characteristics.members#52.0-1199127600000-kotlin.trap.gz (2211 of 2515)
[2026-08-24 02:52:00] Importing Collector.members#52.0-1199127600000-kotlin.trap.gz (2212 of 2515)
[2026-08-24 02:52:00] Importing DoubleStream$Builder.members#52.0-1199127600000-kotlin.trap.gz (2213 of 2515)
[2026-08-24 02:52:00] Importing DoubleStream$DoubleMapMultiConsumer.members#52.0-1199127600000-kotlin.trap.gz (2214 of 2515)
[2026-08-24 02:52:00] Importing DoubleStream.members#52.0-1199127600000-kotlin.trap.gz (2215 of 2515)
[2026-08-24 02:52:00] Importing Gatherer$Downstream.members#52.0-1199127600000-kotlin.trap.gz (2216 of 2515)
[2026-08-24 02:52:00] Importing Gatherer$Integrator$Greedy.members#52.0-1199127600000-kotlin.trap.gz (2217 of 2515)
[2026-08-24 02:52:00] Importing Gatherer$Integrator.members#52.0-1199127600000-kotlin.trap.gz (2218 of 2515)
[2026-08-24 02:52:00] Importing Gatherer.members#52.0-1199127600000-kotlin.trap.gz (2219 of 2515)
[2026-08-24 02:52:00] Importing IntStream$Builder.members#52.0-1199127600000-kotlin.trap.gz (2220 of 2515)
[2026-08-24 02:52:00] Importing IntStream$IntMapMultiConsumer.members#52.0-1199127600000-kotlin.trap.gz (2221 of 2515)
[2026-08-24 02:52:00] Importing IntStream.members#52.0-1199127600000-kotlin.trap.gz (2222 of 2515)
[2026-08-24 02:52:00] Importing LongStream$Builder.members#52.0-1199127600000-kotlin.trap.gz (2223 of 2515)
[2026-08-24 02:52:00] Importing LongStream$LongMapMultiConsumer.members#52.0-1199127600000-kotlin.trap.gz (2224 of 2515)
[2026-08-24 02:52:00] Importing LongStream.members#52.0-1199127600000-kotlin.trap.gz (2225 of 2515)
[2026-08-24 02:52:00] Importing Stream$Builder.members#52.0-1199127600000-kotlin.trap.gz (2226 of 2515)
[2026-08-24 02:52:00] Importing Stream.members#52.0-1199127600000-kotlin.trap.gz (2227 of 2515)
[2026-08-24 02:52:00] Importing Subject.members#52.0-1199127600000-kotlin.trap.gz (2228 of 2515)
[2026-08-24 02:52:00] Importing Annotation.members#-1.0-0-null.trap.gz (2229 of 2515)
[2026-08-24 02:52:00] Importing Any.members#-1.0-0-null.trap.gz (2230 of 2515)
[2026-08-24 02:52:00] Importing Boolean$Companion.members#-1.0-0-null.trap.gz (2231 of 2515)
[2026-08-24 02:52:00] Importing Boolean.members#-1.0-0-null.trap.gz (2232 of 2515)
[2026-08-24 02:52:00] Importing Byte$Companion.members#-1.0-0-null.trap.gz (2233 of 2515)
[2026-08-24 02:52:00] Importing Byte.members#-1.0-0-null.trap.gz (2234 of 2515)
[2026-08-24 02:52:00] Importing Char$Companion.members#-1.0-0-null.trap.gz (2235 of 2515)
[2026-08-24 02:52:00] Importing Char.members#-1.0-0-null.trap.gz (2236 of 2515)
[2026-08-24 02:52:00] Importing CharSequence.members#-1.0-0-null.trap.gz (2237 of 2515)
[2026-08-24 02:52:00] Importing Cloneable.members#-1.0-0-null.trap.gz (2238 of 2515)
[2026-08-24 02:52:00] Importing Comparable.members#-1.0-0-null.trap.gz (2239 of 2515)
[2026-08-24 02:52:00] Importing Deprecated.members#52.0-318189600000-kotlin.trap.gz (2240 of 2515)
[2026-08-24 02:52:00] Importing DeprecatedSinceKotlin.members#52.0-318189600000-kotlin.trap.gz (2241 of 2515)
[2026-08-24 02:52:00] Importing DeprecationLevel.members#52.0-318189600000-kotlin.trap.gz (2242 of 2515)
[2026-08-24 02:52:00] Importing Double$Companion.members#-1.0-0-null.trap.gz (2243 of 2515)
[2026-08-24 02:52:00] Importing Double.members#-1.0-0-null.trap.gz (2244 of 2515)
[2026-08-24 02:52:00] Importing DslMarker.members#52.0-318189600000-kotlin.trap.gz (2245 of 2515)
[2026-08-24 02:52:00] Importing Enum$Companion.members#-1.0-0-null.trap.gz (2246 of 2515)
[2026-08-24 02:52:00] Importing Enum.members#-1.0-0-null.trap.gz (2247 of 2515)
[2026-08-24 02:52:00] Importing ExperimentalStdlibApi.members#52.0-318189600000-kotlin.trap.gz (2248 of 2515)
[2026-08-24 02:52:00] Importing ExperimentalSubclassOptIn.members#52.0-318189600000-kotlin.trap.gz (2249 of 2515)
[2026-08-24 02:52:00] Importing Float$Companion.members#-1.0-0-null.trap.gz (2250 of 2515)
[2026-08-24 02:52:00] Importing Float.members#-1.0-0-null.trap.gz (2251 of 2515)
[2026-08-24 02:52:00] Importing Function.members#52.0-318189600000-kotlin.trap.gz (2252 of 2515)
[2026-08-24 02:52:00] Importing Function0.members#-1.0-0-null.trap.gz (2253 of 2515)
[2026-08-24 02:52:00] Importing Function1.members#-1.0-0-null.trap.gz (2254 of 2515)
[2026-08-24 02:52:00] Importing Function10.members#-1.0-0-null.trap.gz (2255 of 2515)
[2026-08-24 02:52:00] Importing Function11.members#-1.0-0-null.trap.gz (2256 of 2515)
[2026-08-24 02:52:00] Importing Function13.members#-1.0-0-null.trap.gz (2257 of 2515)
[2026-08-24 02:52:00] Importing Function14.members#-1.0-0-null.trap.gz (2258 of 2515)
[2026-08-24 02:52:00] Importing Function15.members#-1.0-0-null.trap.gz (2259 of 2515)
[2026-08-24 02:52:00] Importing Function16.members#-1.0-0-null.trap.gz (2260 of 2515)
[2026-08-24 02:52:00] Importing Function17.members#-1.0-0-null.trap.gz (2261 of 2515)
[2026-08-24 02:52:00] Importing Function18.members#-1.0-0-null.trap.gz (2262 of 2515)
[2026-08-24 02:52:00] Importing Function19.members#-1.0-0-null.trap.gz (2263 of 2515)
[2026-08-24 02:52:00] Importing Function2.members#-1.0-0-null.trap.gz (2264 of 2515)
[2026-08-24 02:52:00] Importing Function20.members#-1.0-0-null.trap.gz (2265 of 2515)
[2026-08-24 02:52:00] Importing Function21.members#-1.0-0-null.trap.gz (2266 of 2515)
[2026-08-24 02:52:00] Importing Function3.members#-1.0-0-null.trap.gz (2267 of 2515)
[2026-08-24 02:52:00] Importing Function4.members#-1.0-0-null.trap.gz (2268 of 2515)
[2026-08-24 02:52:00] Importing Function5.members#-1.0-0-null.trap.gz (2269 of 2515)
[2026-08-24 02:52:00] Importing Function6.members#-1.0-0-null.trap.gz (2270 of 2515)
[2026-08-24 02:52:00] Importing Function7.members#-1.0-0-null.trap.gz (2271 of 2515)
[2026-08-24 02:52:00] Importing Function8.members#-1.0-0-null.trap.gz (2272 of 2515)
[2026-08-24 02:52:00] Importing Function9.members#-1.0-0-null.trap.gz (2273 of 2515)
[2026-08-24 02:52:00] Importing Int$Companion.members#-1.0-0-null.trap.gz (2274 of 2515)
[2026-08-24 02:52:00] Importing Int.members#-1.0-0-null.trap.gz (2275 of 2515)
[2026-08-24 02:52:00] Importing Long$Companion.members#-1.0-0-null.trap.gz (2276 of 2515)
[2026-08-24 02:52:00] Importing Long.members#-1.0-0-null.trap.gz (2277 of 2515)
[2026-08-24 02:52:00] Importing Nothing.members#-1.0-0-null.trap.gz (2278 of 2515)
[2026-08-24 02:52:00] Importing Number.members#-1.0-0-null.trap.gz (2279 of 2515)
[2026-08-24 02:52:00] Importing Pair.members#52.0-318189600000-kotlin.trap.gz (2280 of 2515)
[2026-08-24 02:52:00] Importing PublishedApi.members#52.0-318189600000-kotlin.trap.gz (2281 of 2515)
[2026-08-24 02:52:00] Importing ReplaceWith.members#52.0-318189600000-kotlin.trap.gz (2282 of 2515)
[2026-08-24 02:52:00] Importing RequiresOptIn$Level.members#52.0-318189600000-kotlin.trap.gz (2283 of 2515)
[2026-08-24 02:52:00] Importing RequiresOptIn.members#52.0-318189600000-kotlin.trap.gz (2284 of 2515)
[2026-08-24 02:52:00] Importing Short$Companion.members#-1.0-0-null.trap.gz (2285 of 2515)
[2026-08-24 02:52:00] Importing Short.members#-1.0-0-null.trap.gz (2286 of 2515)
[2026-08-24 02:52:00] Importing SinceKotlin.members#52.0-318189600000-kotlin.trap.gz (2287 of 2515)
[2026-08-24 02:52:00] Importing String$Companion.members#-1.0-0-null.trap.gz (2288 of 2515)
[2026-08-24 02:52:00] Importing String.members#-1.0-0-null.trap.gz (2289 of 2515)
[2026-08-24 02:52:00] Importing SubclassOptInRequired.members#52.0-318189600000-kotlin.trap.gz (2290 of 2515)
[2026-08-24 02:52:00] Importing Throwable.members#-1.0-0-null.trap.gz (2291 of 2515)
[2026-08-24 02:52:00] Importing UByte$Companion.members#52.0-318189600000-kotlin.trap.gz (2292 of 2515)
[2026-08-24 02:52:00] Importing UByte.members#52.0-318189600000-kotlin.trap.gz (2293 of 2515)
[2026-08-24 02:52:00] Importing UInt$Companion.members#52.0-318189600000-kotlin.trap.gz (2294 of 2515)
[2026-08-24 02:52:00] Importing UInt.members#52.0-318189600000-kotlin.trap.gz (2295 of 2515)
[2026-08-24 02:52:00] Importing ULong$Companion.members#52.0-318189600000-kotlin.trap.gz (2296 of 2515)
[2026-08-24 02:52:00] Importing ULong.members#52.0-318189600000-kotlin.trap.gz (2297 of 2515)
[2026-08-24 02:52:00] Importing UShort$Companion.members#52.0-318189600000-kotlin.trap.gz (2298 of 2515)
[2026-08-24 02:52:00] Importing UShort.members#52.0-318189600000-kotlin.trap.gz (2299 of 2515)
[2026-08-24 02:52:00] Importing Unit.members#52.0-318189600000-kotlin.trap.gz (2300 of 2515)
[2026-08-24 02:52:00] Importing WasExperimental.members#52.0-318189600000-kotlin.trap.gz (2301 of 2515)
[2026-08-24 02:52:00] Importing AnnotationRetention.members#52.0-318189600000-kotlin.trap.gz (2302 of 2515)
[2026-08-24 02:52:00] Importing AnnotationTarget.members#52.0-318189600000-kotlin.trap.gz (2303 of 2515)
[2026-08-24 02:52:00] Importing MustBeDocumented.members#52.0-318189600000-kotlin.trap.gz (2304 of 2515)
[2026-08-24 02:52:00] Importing Repeatable.members#52.0-318189600000-kotlin.trap.gz (2305 of 2515)
[2026-08-24 02:52:00] Importing Retention.members#52.0-318189600000-kotlin.trap.gz (2306 of 2515)
[2026-08-24 02:52:00] Importing Target.members#52.0-318189600000-kotlin.trap.gz (2307 of 2515)
[2026-08-24 02:52:00] Importing check(boolean,kotlin.jvm.functions.Function0).members#-1.0-0-null.trap.gz (2308 of 2515)
[2026-08-24 02:52:00] Importing CharIterator.members#52.0-318189600000-kotlin.trap.gz (2309 of 2515)
[2026-08-24 02:52:00] Importing Collection.members#-1.0-0-null.trap.gz (2310 of 2515)
[2026-08-24 02:52:00] Importing IntIterator.members#52.0-318189600000-kotlin.trap.gz (2311 of 2515)
[2026-08-24 02:52:00] Importing Iterable.members#-1.0-0-null.trap.gz (2312 of 2515)
[2026-08-24 02:52:00] Importing Iterator.members#-1.0-0-null.trap.gz (2313 of 2515)
[2026-08-24 02:52:00] Importing List.members#-1.0-0-null.trap.gz (2314 of 2515)
[2026-08-24 02:52:00] Importing ListIterator.members#-1.0-0-null.trap.gz (2315 of 2515)
[2026-08-24 02:52:00] Importing LongIterator.members#52.0-318189600000-kotlin.trap.gz (2316 of 2515)
[2026-08-24 02:52:00] Importing Map$Entry.members#-1.0-0-null.trap.gz (2317 of 2515)
[2026-08-24 02:52:00] Importing Map.members#-1.0-0-null.trap.gz (2318 of 2515)
[2026-08-24 02:52:00] Importing MutableCollection.members#-1.0-0-null.trap.gz (2319 of 2515)
[2026-08-24 02:52:00] Importing MutableIterable.members#-1.0-0-null.trap.gz (2320 of 2515)
[2026-08-24 02:52:00] Importing MutableIterator.members#-1.0-0-null.trap.gz (2321 of 2515)
[2026-08-24 02:52:00] Importing MutableList.members#-1.0-0-null.trap.gz (2322 of 2515)
[2026-08-24 02:52:00] Importing MutableListIterator.members#-1.0-0-null.trap.gz (2323 of 2515)
[2026-08-24 02:52:00] Importing MutableMap$MutableEntry.members#-1.0-0-null.trap.gz (2324 of 2515)
[2026-08-24 02:52:00] Importing MutableMap.members#-1.0-0-null.trap.gz (2325 of 2515)
[2026-08-24 02:52:00] Importing MutableSet.members#-1.0-0-null.trap.gz (2326 of 2515)
[2026-08-24 02:52:00] Importing Set.members#-1.0-0-null.trap.gz (2327 of 2515)
[2026-08-24 02:52:00] Importing any(java.lang.Object[],kotlin.jvm.functions.Function1).members#-1.0-0-null.trap.gz (2328 of 2515)
[2026-08-24 02:52:00] Importing filter(java.lang.Iterable,kotlin.jvm.functions.Function1).members#-1.0-0-null.trap.gz (2329 of 2515)
[2026-08-24 02:52:00] Importing firstOrNull(java.lang.Object[]).members#-1.0-0-null.trap.gz (2330 of 2515)
[2026-08-24 02:52:00] Importing joinToString(java.lang.Iterable,java.lang.CharSequence,java.lang.CharSequence,java.lang.CharSequence,int#037a03af.members#-1.0-0-null.trap.gz (2331 of 2515)
[2026-08-24 02:52:00] Importing lastIndexjava.lang.Object[];field.members#-1.0-0-null.trap.gz (2332 of 2515)
[2026-08-24 02:52:00] Importing lastIndexjava.lang.Object[];property.members#-1.0-0-null.trap.gz (2333 of 2515)
[2026-08-24 02:52:00] Importing listOf(java.lang.Object[]).members#-1.0-0-null.trap.gz (2334 of 2515)
[2026-08-24 02:52:00] Importing CoroutineContext$Element.members#52.0-318189600000-kotlin.trap.gz (2335 of 2515)
[2026-08-24 02:52:00] Importing CoroutineContext$Key.members#52.0-318189600000-kotlin.trap.gz (2336 of 2515)
[2026-08-24 02:52:00] Importing CoroutineContext.members#52.0-318189600000-kotlin.trap.gz (2337 of 2515)
[2026-08-24 02:52:00] Importing SuspendFunction1.members#-1.0-0-null.trap.gz (2338 of 2515)
[2026-08-24 02:52:00] Importing EnumEntries.members#52.0-318189600000-kotlin.trap.gz (2339 of 2515)
[2026-08-24 02:52:00] Importing InlineOnly.members#52.0-318189600000-kotlin.trap.gz (2340 of 2515)
[2026-08-24 02:52:00] Importing IntrinsicConstEvaluation.members#52.0-318189600000-kotlin.trap.gz (2341 of 2515)
[2026-08-24 02:52:00] Importing PlatformDependent.members#52.0-318189600000-kotlin.trap.gz (2342 of 2515)
[2026-08-24 02:52:00] Importing copyTo(java.io.InputStream,java.io.OutputStream,int).members#-1.0-0-null.trap.gz (2343 of 2515)
[2026-08-24 02:52:00] Importing readLines(java.io.File,java.nio.charset.Charset).members#-1.0-0-null.trap.gz (2344 of 2515)
[2026-08-24 02:52:00] Importing readText(java.io.File,java.nio.charset.Charset).members#-1.0-0-null.trap.gz (2345 of 2515)
[2026-08-24 02:52:00] Importing use(java.io.Closeable,kotlin.jvm.functions.Function1).members#-1.0-0-null.trap.gz (2346 of 2515)
[2026-08-24 02:52:00] Importing JvmField.members#52.0-318189600000-kotlin.trap.gz (2347 of 2515)
[2026-08-24 02:52:00] Importing JvmInline.members#52.0-318189600000-kotlin.trap.gz (2348 of 2515)
[2026-08-24 02:52:00] Importing JvmName.members#52.0-318189600000-kotlin.trap.gz (2349 of 2515)
[2026-08-24 02:52:00] Importing JvmOverloads.members#52.0-318189600000-kotlin.trap.gz (2350 of 2515)
[2026-08-24 02:52:00] Importing JvmStatic.members#52.0-318189600000-kotlin.trap.gz (2351 of 2515)
[2026-08-24 02:52:00] Importing Function0.members#52.0-318189600000-kotlin.trap.gz (2352 of 2515)
[2026-08-24 02:52:00] Importing Function1.members#52.0-318189600000-kotlin.trap.gz (2353 of 2515)
[2026-08-24 02:52:00] Importing Function10.members#52.0-318189600000-kotlin.trap.gz (2354 of 2515)
[2026-08-24 02:52:00] Importing Function11.members#52.0-318189600000-kotlin.trap.gz (2355 of 2515)
[2026-08-24 02:52:00] Importing Function13.members#52.0-318189600000-kotlin.trap.gz (2356 of 2515)
[2026-08-24 02:52:00] Importing Function14.members#52.0-318189600000-kotlin.trap.gz (2357 of 2515)
[2026-08-24 02:52:00] Importing Function15.members#52.0-318189600000-kotlin.trap.gz (2358 of 2515)
[2026-08-24 02:52:00] Importing Function16.members#52.0-318189600000-kotlin.trap.gz (2359 of 2515)
[2026-08-24 02:52:00] Importing Function17.members#52.0-318189600000-kotlin.trap.gz (2360 of 2515)
[2026-08-24 02:52:00] Importing Function18.members#52.0-318189600000-kotlin.trap.gz (2361 of 2515)
[2026-08-24 02:52:00] Importing Function19.members#52.0-318189600000-kotlin.trap.gz (2362 of 2515)
[2026-08-24 02:52:00] Importing Function2.members#52.0-318189600000-kotlin.trap.gz (2363 of 2515)
[2026-08-24 02:52:00] Importing Function20.members#52.0-318189600000-kotlin.trap.gz (2364 of 2515)
[2026-08-24 02:52:00] Importing Function21.members#52.0-318189600000-kotlin.trap.gz (2365 of 2515)
[2026-08-24 02:52:00] Importing Function3.members#52.0-318189600000-kotlin.trap.gz (2366 of 2515)
[2026-08-24 02:52:00] Importing Function4.members#52.0-318189600000-kotlin.trap.gz (2367 of 2515)
[2026-08-24 02:52:00] Importing Function5.members#52.0-318189600000-kotlin.trap.gz (2368 of 2515)
[2026-08-24 02:52:00] Importing Function6.members#52.0-318189600000-kotlin.trap.gz (2369 of 2515)
[2026-08-24 02:52:00] Importing Function7.members#52.0-318189600000-kotlin.trap.gz (2370 of 2515)
[2026-08-24 02:52:00] Importing Function8.members#52.0-318189600000-kotlin.trap.gz (2371 of 2515)
[2026-08-24 02:52:00] Importing Function9.members#52.0-318189600000-kotlin.trap.gz (2372 of 2515)
[2026-08-24 02:52:00] Importing BooleanCompanionObject.members#52.0-318189600000-kotlin.trap.gz (2373 of 2515)
[2026-08-24 02:52:00] Importing ByteCompanionObject.members#52.0-318189600000-kotlin.trap.gz (2374 of 2515)
[2026-08-24 02:52:00] Importing CallableReference.members#52.0-318189600000-kotlin.trap.gz (2375 of 2515)
[2026-08-24 02:52:00] Importing CharCompanionObject.members#52.0-318189600000-kotlin.trap.gz (2376 of 2515)
[2026-08-24 02:52:00] Importing DefaultConstructorMarker.members#52.0-318189600000-kotlin.trap.gz (2377 of 2515)
[2026-08-24 02:52:00] Importing DoubleCompanionObject.members#52.0-318189600000-kotlin.trap.gz (2378 of 2515)
[2026-08-24 02:52:00] Importing EnumCompanionObject.members#52.0-318189600000-kotlin.trap.gz (2379 of 2515)
[2026-08-24 02:52:00] Importing FloatCompanionObject.members#52.0-318189600000-kotlin.trap.gz (2380 of 2515)
[2026-08-24 02:52:00] Importing IntCompanionObject.members#52.0-318189600000-kotlin.trap.gz (2381 of 2515)
[2026-08-24 02:52:00] Importing LongCompanionObject.members#52.0-318189600000-kotlin.trap.gz (2382 of 2515)
[2026-08-24 02:52:00] Importing PropertyReference.members#52.0-318189600000-kotlin.trap.gz (2383 of 2515)
[2026-08-24 02:52:00] Importing RepeatableContainer.members#52.0-318189600000-kotlin.trap.gz (2384 of 2515)
[2026-08-24 02:52:00] Importing ShortCompanionObject.members#52.0-318189600000-kotlin.trap.gz (2385 of 2515)
[2026-08-24 02:52:00] Importing SourceDebugExtension.members#52.0-318189600000-kotlin.trap.gz (2386 of 2515)
[2026-08-24 02:52:00] Importing StringCompanionObject.members#52.0-318189600000-kotlin.trap.gz (2387 of 2515)
[2026-08-24 02:52:00] Importing javaClassjava.lang.Object;field.members#-1.0-0-null.trap.gz (2388 of 2515)
[2026-08-24 02:52:00] Importing javaClassjava.lang.Object;property.members#-1.0-0-null.trap.gz (2389 of 2515)
[2026-08-24 02:52:00] Importing let(java.lang.Object,kotlin.jvm.functions.Function1).members#-1.0-0-null.trap.gz (2390 of 2515)
[2026-08-24 02:52:00] Importing CharProgression$Companion.members#52.0-318189600000-kotlin.trap.gz (2391 of 2515)
[2026-08-24 02:52:00] Importing CharProgression.members#52.0-318189600000-kotlin.trap.gz (2392 of 2515)
[2026-08-24 02:52:00] Importing CharRange$Companion.members#52.0-318189600000-kotlin.trap.gz (2393 of 2515)
[2026-08-24 02:52:00] Importing CharRange.members#52.0-318189600000-kotlin.trap.gz (2394 of 2515)
[2026-08-24 02:52:00] Importing ClosedRange.members#52.0-318189600000-kotlin.trap.gz (2395 of 2515)
[2026-08-24 02:52:00] Importing IntProgression$Companion.members#52.0-318189600000-kotlin.trap.gz (2396 of 2515)
[2026-08-24 02:52:00] Importing IntProgression.members#52.0-318189600000-kotlin.trap.gz (2397 of 2515)
[2026-08-24 02:52:00] Importing IntRange$Companion.members#52.0-318189600000-kotlin.trap.gz (2398 of 2515)
[2026-08-24 02:52:00] Importing IntRange.members#52.0-318189600000-kotlin.trap.gz (2399 of 2515)
[2026-08-24 02:52:00] Importing LongProgression$Companion.members#52.0-318189600000-kotlin.trap.gz (2400 of 2515)
[2026-08-24 02:52:00] Importing LongProgression.members#52.0-318189600000-kotlin.trap.gz (2401 of 2515)
[2026-08-24 02:52:00] Importing LongRange$Companion.members#52.0-318189600000-kotlin.trap.gz (2402 of 2515)
[2026-08-24 02:52:00] Importing LongRange.members#52.0-318189600000-kotlin.trap.gz (2403 of 2515)
[2026-08-24 02:52:00] Importing OpenEndRange.members#52.0-318189600000-kotlin.trap.gz (2404 of 2515)
[2026-08-24 02:52:00] Importing UIntProgression$Companion.members#52.0-318189600000-kotlin.trap.gz (2405 of 2515)
[2026-08-24 02:52:00] Importing UIntProgression.members#52.0-318189600000-kotlin.trap.gz (2406 of 2515)
[2026-08-24 02:52:00] Importing UIntRange$Companion.members#52.0-318189600000-kotlin.trap.gz (2407 of 2515)
[2026-08-24 02:52:00] Importing UIntRange.members#52.0-318189600000-kotlin.trap.gz (2408 of 2515)
[2026-08-24 02:52:00] Importing ULongProgression$Companion.members#52.0-318189600000-kotlin.trap.gz (2409 of 2515)
[2026-08-24 02:52:00] Importing ULongProgression.members#52.0-318189600000-kotlin.trap.gz (2410 of 2515)
[2026-08-24 02:52:00] Importing ULongRange$Companion.members#52.0-318189600000-kotlin.trap.gz (2411 of 2515)
[2026-08-24 02:52:00] Importing ULongRange.members#52.0-318189600000-kotlin.trap.gz (2412 of 2515)
[2026-08-24 02:52:00] Importing KAnnotatedElement.members#52.0-318189600000-kotlin.trap.gz (2413 of 2515)
[2026-08-24 02:52:00] Importing KCallable.members#52.0-318189600000-kotlin.trap.gz (2414 of 2515)
[2026-08-24 02:52:00] Importing KClass.members#52.0-318189600000-kotlin.trap.gz (2415 of 2515)
[2026-08-24 02:52:00] Importing KClassifier.members#52.0-318189600000-kotlin.trap.gz (2416 of 2515)
[2026-08-24 02:52:00] Importing KDeclarationContainer.members#52.0-318189600000-kotlin.trap.gz (2417 of 2515)
[2026-08-24 02:52:00] Importing KFunction.members#52.0-318189600000-kotlin.trap.gz (2418 of 2515)
[2026-08-24 02:52:00] Importing KMutableProperty$Setter.members#52.0-318189600000-kotlin.trap.gz (2419 of 2515)
[2026-08-24 02:52:00] Importing KMutableProperty.members#52.0-318189600000-kotlin.trap.gz (2420 of 2515)
[2026-08-24 02:52:00] Importing KMutableProperty0$Setter.members#52.0-318189600000-kotlin.trap.gz (2421 of 2515)
[2026-08-24 02:52:00] Importing KMutableProperty0.members#52.0-318189600000-kotlin.trap.gz (2422 of 2515)
[2026-08-24 02:52:00] Importing KParameter$Kind.members#52.0-318189600000-kotlin.trap.gz (2423 of 2515)
[2026-08-24 02:52:00] Importing KParameter.members#52.0-318189600000-kotlin.trap.gz (2424 of 2515)
[2026-08-24 02:52:00] Importing KProperty$Accessor.members#52.0-318189600000-kotlin.trap.gz (2425 of 2515)
[2026-08-24 02:52:00] Importing KProperty$Getter.members#52.0-318189600000-kotlin.trap.gz (2426 of 2515)
[2026-08-24 02:52:00] Importing KProperty.members#52.0-318189600000-kotlin.trap.gz (2427 of 2515)
[2026-08-24 02:52:00] Importing KProperty0$Getter.members#52.0-318189600000-kotlin.trap.gz (2428 of 2515)
[2026-08-24 02:52:00] Importing KProperty0.members#52.0-318189600000-kotlin.trap.gz (2429 of 2515)
[2026-08-24 02:52:00] Importing KType.members#52.0-318189600000-kotlin.trap.gz (2430 of 2515)
[2026-08-24 02:52:00] Importing KTypeParameter.members#52.0-318189600000-kotlin.trap.gz (2431 of 2515)
[2026-08-24 02:52:00] Importing KTypeProjection$Companion.members#52.0-318189600000-kotlin.trap.gz (2432 of 2515)
[2026-08-24 02:52:00] Importing KTypeProjection.members#52.0-318189600000-kotlin.trap.gz (2433 of 2515)
[2026-08-24 02:52:00] Importing KVariance.members#52.0-318189600000-kotlin.trap.gz (2434 of 2515)
[2026-08-24 02:52:00] Importing KVisibility.members#52.0-318189600000-kotlin.trap.gz (2435 of 2515)
[2026-08-24 02:52:00] Importing Sequence.members#52.0-318189600000-kotlin.trap.gz (2436 of 2515)
[2026-08-24 02:52:00] Importing contains(java.lang.CharSequence,java.lang.CharSequence,boolean).members#-1.0-0-null.trap.gz (2437 of 2515)
[2026-08-24 02:52:00] Importing format(kotlin.jvm.internal.StringCompanionObject,java.lang.String,java.lang.Object[]).members#-1.0-0-null.trap.gz (2438 of 2515)
[2026-08-24 02:52:00] Importing startsWith(java.lang.String,java.lang.String,boolean).members#-1.0-0-null.trap.gz (2439 of 2515)
[2026-08-24 02:52:00] Importing trim(java.lang.String).members#-1.0-0-null.trap.gz (2440 of 2515)
[2026-08-24 02:52:00] Importing to(java.lang.Object,java.lang.Object).members#-1.0-0-null.trap.gz (2441 of 2515)
[2026-08-24 02:52:00] Importing CoroutineScope.members#52.0-318189600000-kotlin.trap.gz (2442 of 2515)
[2026-08-24 02:52:00] Importing ExperimentalForInheritanceCoroutinesApi.members#52.0-318189600000-kotlin.trap.gz (2443 of 2515)
[2026-08-24 02:52:00] Importing Flow.members#52.0-318189600000-kotlin.trap.gz (2444 of 2515)
[2026-08-24 02:52:00] Importing FlowCollector.members#52.0-318189600000-kotlin.trap.gz (2445 of 2515)
[2026-08-24 02:52:00] Importing SharedFlow.members#52.0-318189600000-kotlin.trap.gz (2446 of 2515)
[2026-08-24 02:52:00] Importing StateFlow.members#52.0-318189600000-kotlin.trap.gz (2447 of 2515)
[2026-08-24 02:52:00] Importing NotNull.members#52.0-1636533508000-kotlin.trap.gz (2448 of 2515)
[2026-08-24 02:52:00] Importing TestOnly.members#52.0-1636533508000-kotlin.trap.gz (2449 of 2515)
[2026-08-24 02:52:00] Importing XmlPullParser.members#52.0-1199127600000-kotlin.trap.gz (2450 of 2515)
[2026-08-24 02:52:00] Importing XmlSerializer.members#52.0-1199127600000-kotlin.trap.gz (2451 of 2515)
[2026-08-24 02:52:00] Importing kotlin.17474028566311741425.trap (2452 of 2515)
[2026-08-24 02:52:00] Importing metadata.trap.gz (2453 of 2515)
[2026-08-24 02:52:00] Importing gc.properties.trap.gz (2454 of 2515)
[2026-08-24 02:52:00] Importing cache.properties.trap.gz (2455 of 2515)
[2026-08-24 02:52:00] Importing gc.properties.trap.gz (2456 of 2515)
[2026-08-24 02:52:00] Importing gc.properties.trap.gz (2457 of 2515)
[2026-08-24 02:52:00] Importing AndroidProjectSystem.xml.trap.gz (2458 of 2515)
[2026-08-24 02:52:01] Importing deviceStreaming.xml.trap.gz (2459 of 2515)
[2026-08-24 02:52:01] Importing compiler.xml.trap.gz (2460 of 2515)
[2026-08-24 02:52:01] Importing deploymentTargetSelector.xml.trap.gz (2461 of 2515)
[2026-08-24 02:52:01] Importing gradle.xml.trap.gz (2462 of 2515)
[2026-08-24 02:52:01] Importing Project_Default.xml.trap.gz (2463 of 2515)
[2026-08-24 02:52:01] Importing misc.xml.trap.gz (2464 of 2515)
[2026-08-24 02:52:01] Importing runConfigurations.xml.trap.gz (2465 of 2515)
[2026-08-24 02:52:01] Importing vcs.xml.trap.gz (2466 of 2515)
[2026-08-24 02:52:01] Importing workspace.xml.trap.gz (2467 of 2515)
[2026-08-24 02:52:01] Importing config.properties.trap.gz (2468 of 2515)
[2026-08-24 02:52:01] Importing AndroidProjectSystem.xml.trap.gz (2469 of 2515)
[2026-08-24 02:52:01] Importing deviceStreaming.xml.trap.gz (2470 of 2515)
[2026-08-24 02:52:01] Importing gradle.xml.trap.gz (2471 of 2515)
[2026-08-24 02:52:01] Importing migrations.xml.trap.gz (2472 of 2515)
[2026-08-24 02:52:01] Importing misc.xml.trap.gz (2473 of 2515)
[2026-08-24 02:52:01] Importing runConfigurations.xml.trap.gz (2474 of 2515)
[2026-08-24 02:52:01] Importing vcs.xml.trap.gz (2475 of 2515)
[2026-08-24 02:52:01] Importing workspace.xml.trap.gz (2476 of 2515)
[2026-08-24 02:52:01] Importing compile-file-map.properties.trap.gz (2477 of 2515)
[2026-08-24 02:52:01] Importing values.xml.trap.gz (2478 of 2515)
[2026-08-24 02:52:01] Importing merger.xml.trap.gz (2479 of 2515)
[2026-08-24 02:52:01] Importing ic_launcher_background.xml.trap.gz (2480 of 2515)
[2026-08-24 02:52:01] Importing ic_launcher_foreground.xml.trap.gz (2481 of 2515)
[2026-08-24 02:52:01] Importing ic_launcher.xml.trap.gz (2482 of 2515)
[2026-08-24 02:52:01] Importing ic_launcher_round.xml.trap.gz (2483 of 2515)
[2026-08-24 02:52:01] Importing values.xml.trap.gz (2484 of 2515)
[2026-08-24 02:52:01] Importing backup_rules.xml.trap.gz (2485 of 2515)
[2026-08-24 02:52:01] Importing data_extraction_rules.xml.trap.gz (2486 of 2515)
[2026-08-24 02:52:01] Importing local.properties.trap.gz (2487 of 2515)
[2026-08-24 02:52:01] Importing AndroidManifest.xml.trap.gz (2488 of 2515)
[2026-08-24 02:52:01] Importing deviceStreaming.xml.trap.gz (2489 of 2515)
[2026-08-24 02:52:01] Importing misc.xml.trap.gz (2490 of 2515)
[2026-08-24 02:52:01] Importing modules.xml.trap.gz (2491 of 2515)
[2026-08-24 02:52:01] Importing vcs.xml.trap.gz (2492 of 2515)
[2026-08-24 02:52:01] Importing workspace.xml.trap.gz (2493 of 2515)
[2026-08-24 02:52:01] Importing AegisIsolatedClient.kt.trap.gz (2494 of 2515)
[2026-08-24 02:52:01] Importing AegisIsolatedService.kt.trap.gz (2495 of 2515)
[2026-08-24 02:52:01] Importing ImageManager.kt.trap.gz (2496 of 2515)
[2026-08-24 02:52:01] Importing MainActivity.kt.trap.gz (2497 of 2515)
[2026-08-24 02:52:01] Importing RustBridge.kt.trap.gz (2498 of 2515)
[2026-08-24 02:52:01] Importing SystemStatus.kt.trap.gz (2499 of 2515)
[2026-08-24 02:52:01] Importing Color.kt.trap.gz (2500 of 2515)
[2026-08-24 02:52:01] Importing Theme.kt.trap.gz (2501 of 2515)
[2026-08-24 02:52:01] Importing Type.kt.trap.gz (2502 of 2515)
[2026-08-24 02:52:01] Importing ic_launcher_background.xml.trap.gz (2503 of 2515)
[2026-08-24 02:52:01] Importing ic_launcher_foreground.xml.trap.gz (2504 of 2515)
[2026-08-24 02:52:01] Importing ic_launcher.xml.trap.gz (2505 of 2515)
[2026-08-24 02:52:01] Importing ic_launcher_round.xml.trap.gz (2506 of 2515)
[2026-08-24 02:52:01] Importing colors.xml.trap.gz (2507 of 2515)
[2026-08-24 02:52:01] Importing strings.xml.trap.gz (2508 of 2515)
[2026-08-24 02:52:01] Importing themes.xml.trap.gz (2509 of 2515)
[2026-08-24 02:52:01] Importing backup_rules.xml.trap.gz (2510 of 2515)
[2026-08-24 02:52:01] Importing data_extraction_rules.xml.trap.gz (2511 of 2515)
[2026-08-24 02:52:01] Importing gradle-daemon-jvm.properties.trap.gz (2512 of 2515)
[2026-08-24 02:52:01] Importing gradle-wrapper.properties.trap.gz (2513 of 2515)
[2026-08-24 02:52:01] Importing gradle.properties.trap.gz (2514 of 2515)
[2026-08-24 02:52:01] Importing local.properties.trap.gz (2515 of 2515)
[2026-08-24 02:52:01] [PROGRESS] dataset import> Merging relations
[2026-08-24 02:52:01] Merging 1 fragment for 'files'.
[2026-08-24 02:52:01] Merged 5343 bytes (5.22 KiB) for 'files'.
[2026-08-24 02:52:01] Merging 1 fragment for 'folders'.
[2026-08-24 02:52:01] Merged 1018 bytes for 'folders'.
[2026-08-24 02:52:01] Merging 2 fragments for 'containerparent'.
[2026-08-24 02:52:01] Merged 4785 bytes (4.67 KiB) for 'containerparent'.
[2026-08-24 02:52:01] Merging 1 fragment for 'locations_default'.
[2026-08-24 02:52:01] Merged 53841 bytes (52.58 KiB) for 'locations_default'.
[2026-08-24 02:52:01] Merging 3 fragments for 'hasLocation'.
[2026-08-24 02:52:01] Merged 215697 bytes (210.64 KiB) for 'hasLocation'.
[2026-08-24 02:52:01] Merging 1 fragment for 'packages'.
[2026-08-24 02:52:01] Merged 575 bytes for 'packages'.
[2026-08-24 02:52:01] Merging 1 fragment for 'cupackage'.
[2026-08-24 02:52:01] Merged 3654 bytes (3.57 KiB) for 'cupackage'.
[2026-08-24 02:52:01] Merging 1 fragment for 'classes_or_interfaces'.
[2026-08-24 02:52:02] Merged 41058 bytes (40.10 KiB) for 'classes_or_interfaces'.
[2026-08-24 02:52:02] Merging 1 fragment for 'kt_nullable_types'.
[2026-08-24 02:52:02] Merged 26 bytes for 'kt_nullable_types'.
[2026-08-24 02:52:02] Merging 1 fragment for 'primitives'.
[2026-08-24 02:52:02] Merged 54 bytes for 'primitives'.
[2026-08-24 02:52:02] Merging 1 fragment for 'params'.
[2026-08-24 02:52:02] Merged 188606 bytes (184.19 KiB) for 'params'.
[2026-08-24 02:52:02] Merging 1 fragment for 'paramsKotlinType'.
[2026-08-24 02:52:02] Merged 33600 bytes (32.81 KiB) for 'paramsKotlinType'.
[2026-08-24 02:52:02] Merging 1 fragment for 'paramName'.
[2026-08-24 02:52:02] Merged 69214 bytes (67.59 KiB) for 'paramName'.
[2026-08-24 02:52:02] Merging 1 fragment for 'constrs'.
[2026-08-24 02:52:02] Merged 14382 bytes (14.04 KiB) for 'constrs'.
[2026-08-24 02:52:02] Merging 1 fragment for 'constrsKotlinType'.
[2026-08-24 02:52:02] Merged 2604 bytes (2.54 KiB) for 'constrsKotlinType'.
[2026-08-24 02:52:02] Merging 1 fragment for 'modifiers'.
[2026-08-24 02:52:02] Merged 84 bytes for 'modifiers'.
[2026-08-24 02:52:02] Merging 2 fragments for 'hasModifier'.
[2026-08-24 02:52:02] Merged 227583 bytes (222.25 KiB) for 'hasModifier'.
[2026-08-24 02:52:02] Merging 1 fragment for 'exprs'.
[2026-08-24 02:52:02] Merged 410723 bytes (401.10 KiB) for 'exprs'.
[2026-08-24 02:52:02] Merging 1 fragment for 'exprsKotlinType'.
[2026-08-24 02:52:02] Merged 77043 bytes (75.24 KiB) for 'exprsKotlinType'.
[2026-08-24 02:52:02] Merging 1 fragment for 'namestrings'.
[2026-08-24 02:52:02] Merged 22751 bytes (22.22 KiB) for 'namestrings'.
[2026-08-24 02:52:02] Merging 1 fragment for 'annotValue'.
[2026-08-24 02:52:02] Merged 95715 bytes (93.47 KiB) for 'annotValue'.
[2026-08-24 02:52:02] Merging 1 fragment for 'isRaw'.
[2026-08-24 02:52:02] Merged 256 bytes for 'isRaw'.
[2026-08-24 02:52:02] Merging 1 fragment for 'extendsReftype'.
[2026-08-24 02:52:02] Merged 25371 bytes (24.78 KiB) for 'extendsReftype'.
[2026-08-24 02:52:02] Merging 1 fragment for 'implInterface'.
[2026-08-24 02:52:02] Merged 7469 bytes (7.29 KiB) for 'implInterface'.
[2026-08-24 02:52:02] Merging 1 fragment for 'isInterface'.
[2026-08-24 02:52:02] Merged 4640 bytes (4.53 KiB) for 'isInterface'.
[2026-08-24 02:52:02] Merging 1 fragment for 'enclInReftype'.
[2026-08-24 02:52:02] Merged 3952 bytes (3.86 KiB) for 'enclInReftype'.
[2026-08-24 02:52:02] Merging 1 fragment for 'ktProperties'.
[2026-08-24 02:52:02] Merged 21636 bytes (21.13 KiB) for 'ktProperties'.
[2026-08-24 02:52:02] Merging 1 fragment for 'fields'.
[2026-08-24 02:52:02] Merged 34601 bytes (33.79 KiB) for 'fields'.
[2026-08-24 02:52:02] Merging 1 fragment for 'fieldsKotlinType'.
[2026-08-24 02:52:02] Merged 9283 bytes (9.07 KiB) for 'fieldsKotlinType'.
[2026-08-24 02:52:02] Merging 1 fragment for 'ktPropertyBackingFields'.
[2026-08-24 02:52:02] Merged 16562 bytes (16.17 KiB) for 'ktPropertyBackingFields'.
[2026-08-24 02:52:02] Merging 1 fragment for 'methods'.
[2026-08-24 02:52:02] Merged 202668 bytes (197.92 KiB) for 'methods'.
[2026-08-24 02:52:02] Merging 1 fragment for 'methodsKotlinType'.
[2026-08-24 02:52:02] Merged 27841 bytes (27.19 KiB) for 'methodsKotlinType'.
[2026-08-24 02:52:02] Merging 1 fragment for 'typeArgs'.
[2026-08-24 02:52:02] Merged 12297 bytes (12.01 KiB) for 'typeArgs'.
[2026-08-24 02:52:02] Merging 1 fragment for 'isParameterized'.
[2026-08-24 02:52:02] Merged 4275 bytes (4.17 KiB) for 'isParameterized'.
[2026-08-24 02:52:02] Merging 1 fragment for 'arrays'.
[2026-08-24 02:52:02] Merged 1871 bytes (1.83 KiB) for 'arrays'.
[2026-08-24 02:52:02] Merging 1 fragment for 'isVarargsParam'.
[2026-08-24 02:52:02] Merged 262 bytes for 'isVarargsParam'.
[2026-08-24 02:52:02] Merging 1 fragment for 'wildcards'.
[2026-08-24 02:52:02] Merged 1838 bytes (1.79 KiB) for 'wildcards'.
[2026-08-24 02:52:02] Merging 1 fragment for 'typeBounds'.
[2026-08-24 02:52:02] Merged 2556 bytes (2.50 KiB) for 'typeBounds'.
[2026-08-24 02:52:02] Merging 1 fragment for 'typeVars'.
[2026-08-24 02:52:02] Merged 5266 bytes (5.14 KiB) for 'typeVars'.
[2026-08-24 02:52:02] Merging 1 fragment for 'isAnnotType'.
[2026-08-24 02:52:02] Merged 166 bytes for 'isAnnotType'.
[2026-08-24 02:52:02] Merging 1 fragment for 'variableBinding'.
[2026-08-24 02:52:02] Merged 7496 bytes (7.32 KiB) for 'variableBinding'.
[2026-08-24 02:52:02] Merging 1 fragment for 'isAnnotElem'.
[2026-08-24 02:52:02] Merged 101 bytes for 'isAnnotElem'.
[2026-08-24 02:52:02] Merging 1 fragment for 'isEnumType'.
[2026-08-24 02:52:02] Merged 140 bytes for 'isEnumType'.
[2026-08-24 02:52:02] Merging 1 fragment for 'isEnumConst'.
[2026-08-24 02:52:02] Merged 672 bytes for 'isEnumConst'.
[2026-08-24 02:52:02] Merging 1 fragment for 'compiler_generated'.
[2026-08-24 02:52:02] Merged 1737 bytes (1.70 KiB) for 'compiler_generated'.
[2026-08-24 02:52:02] Merging 1 fragment for 'ktPropertyGetters'.
[2026-08-24 02:52:02] Merged 7244 bytes (7.07 KiB) for 'ktPropertyGetters'.
[2026-08-24 02:52:02] Merging 1 fragment for 'ktFunctionOriginalNames'.
[2026-08-24 02:52:02] Merged 3578 bytes (3.49 KiB) for 'ktFunctionOriginalNames'.
[2026-08-24 02:52:02] Merging 1 fragment for 'type_companion_object'.
[2026-08-24 02:52:02] Merged 1101 bytes (1.08 KiB) for 'type_companion_object'.
[2026-08-24 02:52:02] Merging 1 fragment for 'ktPropertySetters'.
[2026-08-24 02:52:02] Merged 1156 bytes (1.13 KiB) for 'ktPropertySetters'.
[2026-08-24 02:52:02] Merging 1 fragment for 'file_class'.
[2026-08-24 02:52:02] Merged 96 bytes for 'file_class'.
[2026-08-24 02:52:02] Merging 1 fragment for 'ktExtensionFunctions'.
[2026-08-24 02:52:02] Merged 1010 bytes for 'ktExtensionFunctions'.
[2026-08-24 02:52:02] Merging 1 fragment for 'class_object'.
[2026-08-24 02:52:02] Merged 164 bytes for 'class_object'.
[2026-08-24 02:52:02] Merging 1 fragment for 'ktDataClasses'.
[2026-08-24 02:52:02] Merged 70 bytes for 'ktDataClasses'.
[2026-08-24 02:52:02] Merging 1 fragment for 'compilations'.
[2026-08-24 02:52:02] Merged 52 bytes for 'compilations'.
[2026-08-24 02:52:02] Merging 1 fragment for 'compilation_args'.
[2026-08-24 02:52:02] Merged 96 bytes for 'compilation_args'.
[2026-08-24 02:52:02] Merging 1 fragment for 'compilation_started'.
[2026-08-24 02:52:02] Merged 21 bytes for 'compilation_started'.
[2026-08-24 02:52:02] Merging 1 fragment for 'compilation_info'.
[2026-08-24 02:52:02] Merged 51 bytes for 'compilation_info'.
[2026-08-24 02:52:02] Merging 1 fragment for 'compilation_compiler_times'.
[2026-08-24 02:52:02] Merged 73 bytes for 'compilation_compiler_times'.
[2026-08-24 02:52:02] Merging 1 fragment for 'compilation_compiling_files'.
[2026-08-24 02:52:02] Merged 60 bytes for 'compilation_compiling_files'.
[2026-08-24 02:52:02] Merging 1 fragment for 'diagnostics'.
[2026-08-24 02:52:02] Merged 523 bytes for 'diagnostics'.
[2026-08-24 02:52:02] Merging 1 fragment for 'diagnostic_for'.
[2026-08-24 02:52:02] Merged 283 bytes for 'diagnostic_for'.
[2026-08-24 02:52:02] Merging 1 fragment for 'compilation_compiling_files_completed'.
[2026-08-24 02:52:02] Merged 51 bytes for 'compilation_compiling_files_completed'.
[2026-08-24 02:52:02] Merging 1 fragment for 'compilation_finished'.
[2026-08-24 02:52:02] Merged 83 bytes for 'compilation_finished'.
[2026-08-24 02:52:02] Merging 1 fragment for 'sourceLocationPrefix'.
[2026-08-24 02:52:02] Merged 19 bytes for 'sourceLocationPrefix'.
[2026-08-24 02:52:02] Merging 1 fragment for 'configs'.
[2026-08-24 02:52:02] Merged 67 bytes for 'configs'.
[2026-08-24 02:52:02] Merging 1 fragment for 'configLocations'.
[2026-08-24 02:52:02] Merged 293 bytes for 'configLocations'.
[2026-08-24 02:52:02] Merging 1 fragment for 'configNames'.
[2026-08-24 02:52:02] Merged 182 bytes for 'configNames'.
[2026-08-24 02:52:02] Merging 1 fragment for 'configValues'.
[2026-08-24 02:52:02] Merged 192 bytes for 'configValues'.
[2026-08-24 02:52:02] Merging 1 fragment for 'xmllocations'.
[2026-08-24 02:52:02] Merged 45842 bytes (44.77 KiB) for 'xmllocations'.
[2026-08-24 02:52:02] Merging 1 fragment for 'xmlElements'.
[2026-08-24 02:52:02] Merged 24348 bytes (23.78 KiB) for 'xmlElements'.
[2026-08-24 02:52:02] Merging 1 fragment for 'xmlAttrs'.
[2026-08-24 02:52:02] Merged 109638 bytes (107.07 KiB) for 'xmlAttrs'.
[2026-08-24 02:52:02] Merging 1 fragment for 'numlines'.
[2026-08-24 02:52:02] Merged 14538 bytes (14.20 KiB) for 'numlines'.
[2026-08-24 02:52:02] Merging 1 fragment for 'xmlEncoding'.
[2026-08-24 02:52:02] Merged 79 bytes for 'xmlEncoding'.
[2026-08-24 02:52:02] Merging 1 fragment for 'xmlChars'.
[2026-08-24 02:52:02] Merged 266 bytes for 'xmlChars'.
[2026-08-24 02:52:02] Merging 1 fragment for 'xmlNs'.
[2026-08-24 02:52:02] Merged 85 bytes for 'xmlNs'.
[2026-08-24 02:52:02] Merging 1 fragment for 'xmlHasNs'.
[2026-08-24 02:52:02] Merged 425 bytes for 'xmlHasNs'.
[2026-08-24 02:52:02] Merging 1 fragment for 'xmlComments'.
[2026-08-24 02:52:02] Merged 116 bytes for 'xmlComments'.
[2026-08-24 02:52:02] Merging 1 fragment for 'stmts'.
[2026-08-24 02:52:02] Merged 21480 bytes (20.98 KiB) for 'stmts'.
[2026-08-24 02:52:02] Merging 1 fragment for 'callableBinding'.
[2026-08-24 02:52:02] Merged 6462 bytes (6.31 KiB) for 'callableBinding'.
[2026-08-24 02:52:02] Merging 1 fragment for 'localvars'.
[2026-08-24 02:52:02] Merged 1274 bytes (1.24 KiB) for 'localvars'.
[2026-08-24 02:52:02] Merging 1 fragment for 'localvarsKotlinType'.
[2026-08-24 02:52:02] Merged 255 bytes for 'localvarsKotlinType'.
[2026-08-24 02:52:02] Merging 1 fragment for 'callableEnclosingExpr'.
[2026-08-24 02:52:02] Merged 12559 bytes (12.26 KiB) for 'callableEnclosingExpr'.
[2026-08-24 02:52:02] Merging 1 fragment for 'statementEnclosingExpr'.
[2026-08-24 02:52:02] Merged 19080 bytes (18.63 KiB) for 'statementEnclosingExpr'.
[2026-08-24 02:52:02] Merging 1 fragment for 'when_if'.
[2026-08-24 02:52:02] Merged 263 bytes for 'when_if'.
[2026-08-24 02:52:02] Merging 1 fragment for 'when_branch_else'.
[2026-08-24 02:52:02] Merged 183 bytes for 'when_branch_else'.
[2026-08-24 02:52:02] Merging 1 fragment for 'isLocalClassOrInterface'.
[2026-08-24 02:52:02] Merged 88 bytes for 'isLocalClassOrInterface'.
[2026-08-24 02:52:02] Merging 1 fragment for 'isAnonymClass'.
[2026-08-24 02:52:02] Merged 467 bytes for 'isAnonymClass'.
[2026-08-24 02:52:02] Merging 1 fragment for 'fielddecls'.
[2026-08-24 02:52:02] Merged 138 bytes for 'fielddecls'.
[2026-08-24 02:52:02] Merging 1 fragment for 'fieldDeclaredIn'.
[2026-08-24 02:52:02] Merged 185 bytes for 'fieldDeclaredIn'.
[2026-08-24 02:52:02] Merging 1 fragment for 'ktInitializerAssignment'.
[2026-08-24 02:52:02] Merged 110 bytes for 'ktInitializerAssignment'.
[2026-08-24 02:52:02] Merging 1 fragment for 'kt_notnull_types'.
[2026-08-24 02:52:02] Merged 492 bytes for 'kt_notnull_types'.
[2026-08-24 02:52:02] Merging 1 fragment for 'lambdaKind'.
[2026-08-24 02:52:02] Merged 216 bytes for 'lambdaKind'.
[2026-08-24 02:52:02] Merging 1 fragment for 'ktPropertyDelegates'.
[2026-08-24 02:52:02] Merged 65 bytes for 'ktPropertyDelegates'.
[2026-08-24 02:52:02] Merging 1 fragment for 'propertyRefGetBinding'.
[2026-08-24 02:52:02] Merged 87 bytes for 'propertyRefGetBinding'.
[2026-08-24 02:52:02] Merging 1 fragment for 'propertyRefSetBinding'.
[2026-08-24 02:52:02] Merged 87 bytes for 'propertyRefSetBinding'.
[2026-08-24 02:52:02] Merging 1 fragment for 'ktLocalFunction'.
[2026-08-24 02:52:02] Merged 41 bytes for 'ktLocalFunction'.
[2026-08-24 02:52:02] Merging 1 fragment for 'ktComments'.
[2026-08-24 02:52:02] Merged 74 bytes for 'ktComments'.
[2026-08-24 02:52:02] Merging 1 fragment for 'ktCommentOwners'.
[2026-08-24 02:52:02] Merged 41 bytes for 'ktCommentOwners'.
[2026-08-24 02:52:02] Saving string and id pools to disk.
[2026-08-24 02:52:03] Finished importing TRAP files.
[2026-08-24 02:52:03] Read 60.63 MiB of uncompressed TRAP data.
[2026-08-24 02:52:03] Uncompressed relation data size: 8.69 MiB
[2026-08-24 02:52:03] Relation data size: 2.04 MiB (merge rate: 2.76 MiB/s)
[2026-08-24 02:52:03] String pool size: 5.53 MiB
[2026-08-24 02:52:03] ID pool size: 10.00 MiB
[2026-08-24 02:52:03] [PROGRESS] dataset import> Finished writing database (relations: 2.04 MiB; string pool: 5.53 MiB).
[2026-08-24 02:52:03] Pausing evaluation to close the cache at sequence stamp o+207
[2026-08-24 02:52:03] The disk cache is freshly trimmed; leave it be.
[2026-08-24 02:52:03] Unpausing evaluation
[2026-08-24 02:52:03] Plumbing command codeql dataset import completed.
[2026-08-24 02:52:03] [PROGRESS] database finalize> TRAP import complete (34s).
[2026-08-24 02:52:03] Running plumbing command: codeql database cleanup -- /mnt/c/Users/Sharof/AndroidStudioProjects/SecureGSI/codeql-db-kotlin
[2026-08-24 02:52:06] [PROGRESS] database cleanup> Cleaning up existing TRAP files after import...
[2026-08-24 02:52:16] [PROGRESS] database cleanup> TRAP files cleaned up (10.7s).
[2026-08-24 02:52:16] [PROGRESS] database cleanup> Cleaning up scratch directory...
[2026-08-24 02:52:16] [PROGRESS] database cleanup> Scratch directory cleaned up (7ms).
[2026-08-24 02:52:16] Running plumbing command: codeql dataset cleanup -- /mnt/c/Users/Sharof/AndroidStudioProjects/SecureGSI/codeql-db-kotlin/db-java
[2026-08-24 02:52:16] [PROGRESS] dataset cleanup> Cleaning up dataset in /mnt/c/Users/Sharof/AndroidStudioProjects/SecureGSI/codeql-db-kotlin/db-java.
[2026-08-24 02:52:16] Trimming disk cache at /mnt/c/Users/Sharof/AndroidStudioProjects/SecureGSI/codeql-db-kotlin/db-java/default/cache in mode trim.
[2026-08-24 02:52:16] Sequence stamp origin is -5876537733978687352
[2026-08-24 02:52:16] Pausing evaluation to quickly trim memory at sequence stamp o+0
[2026-08-24 02:52:16] Unpausing evaluation
[2026-08-24 02:52:16] Pausing evaluation to zealously trim disk at sequence stamp o+1
[2026-08-24 02:52:16] Unpausing evaluation
[2026-08-24 02:52:16] Trimming completed (8ms): Trimmed disposable data from cache.
[2026-08-24 02:52:16] Pausing evaluation to close the cache at sequence stamp o+2
[2026-08-24 02:52:16] The disk cache is freshly trimmed; leave it be.
[2026-08-24 02:52:16] Unpausing evaluation
[2026-08-24 02:52:16] [PROGRESS] dataset cleanup> Trimmed disposable data from cache.
[2026-08-24 02:52:16] [PROGRESS] dataset cleanup> Finalizing dataset in /mnt/c/Users/Sharof/AndroidStudioProjects/SecureGSI/codeql-db-kotlin/db-java
[2026-08-24 02:52:16] [DETAILS] dataset cleanup> Finished deleting ID pool from /mnt/c/Users/Sharof/AndroidStudioProjects/SecureGSI/codeql-db-kotlin/db-java (18ms).
[2026-08-24 02:52:16] Plumbing command codeql dataset cleanup completed.
[2026-08-24 02:52:16] Plumbing command codeql database cleanup completed with status 0.
[2026-08-24 02:52:16] [PROGRESS] database finalize> Finished zipping source archive (69.34 KiB).
[2026-08-24 02:52:16] Plumbing command codeql database finalize completed.
[2026-08-24 02:52:16] [PROGRESS] database create> Successfully created database at /mnt/c/Users/Sharof/AndroidStudioProjects/SecureGSI/codeql-db-kotlin.
[2026-08-24 02:52:16] Terminating normally.
